[WARNING] 2026-06-16 09:55:13,972 error_handlers 15000 10888 Client Error 404: Invalid page. | URL: /api/v1/documents/
[WARNING] 2026-06-16 09:55:14,036 error_handlers 15000 10888 Client Error 400: 'contract.docx' is not allowed. Only PDF files (.pdf) are accepted. | URL: /api/v1/documents/upload/
[WARNING] 2026-06-16 09:55:14,039 error_handlers 15000 10888 Client Error 400: File is empty (0 bytes). Please upload a valid PDF with content. | URL: /api/v1/documents/upload/
[WARNING] 2026-06-16 09:55:14,074 error_handlers 15000 10888 Client Error 400: 'scan.jpg' is not allowed. Only PDF files (.pdf) are accepted. | URL: /api/v1/documents/upload/
[WARNING] 2026-06-16 09:55:14,079 error_handlers 15000 10888 Client Error 400: No file provided. Please attach a PDF file using the 'file' field. | URL: /api/v1/documents/upload/
[WARNING] 2026-06-16 09:55:14,135 error_handlers 15000 10888 Client Error 400: 'WRONG' is not valid. Allowed: uploaded, processing, completed, failed | URL: /api/v1/nlp/documents/44/process/
[WARNING] 2026-06-16 09:55:14,502 error_handlers 15000 10888 Client Error 404: No Document matches the given query. | URL: /api/v1/documents/99999/update-status/
[WARNING] 2026-06-16 09:55:14,514 error_handlers 15000 10888 Client Error 400: 'COMPLETED' is not valid. Allowed: uploaded, processing, completed, failed | URL: /api/v1/documents/211/update-status/
[WARNING] 2026-06-16 09:55:14,993 error_handlers 15000 10888 Client Error 404: No Document matches the given query. | URL: /api/v1/nlp/documents/9999/
[WARNING] 2026-06-16 09:55:15,141 error_handlers 15000 10888 Client Error 404: No Document matches the given query. | URL: /api/v1/nlp/documents/9999/process/
[WARNING] 2026-06-16 09:55:15,144 error_handlers 15000 10888 Client Error 409: Document 'nlp_test.pdf' has already been processed and marked as completed. Use PATCH /api/v1/documents/257/update-status/ to make changes. | URL: /api/v1/nlp/documents/257/process/
[WARNING] 2026-06-16 09:55:15,287 error_handlers 15000 10888 Client Error 404: No Document matches the given query. | URL: /api/v1/nlp/documents/9999/results/
[WARNING] 2026-06-16 09:55:15,343 error_handlers 15000 10888 Client Error 400: Request body is empty. Please provide the required data in the request body. | URL: /api/v1/nlp/documents/275/status/
[WARNING] 2026-06-16 09:55:15,348 error_handlers 15000 10888 Client Error 400: 'INVALID' is not valid. Allowed: uploaded, processing, completed, failed | URL: /api/v1/nlp/documents/276/status/
[WARNING] 2026-06-16 09:55:15,357 error_handlers 15000 10888 Client Error 404: No Document matches the given query. | URL: /api/v1/nlp/documents/9999/status/
[WARNING] 2026-06-16 09:55:16,221 error_handlers 15000 10888 Client Error 404: No Document matches the given query. | URL: /api/v1/documents/99999/clauses/
[WARNING] 2026-06-16 09:55:16,250 error_handlers 15000 10888 Client Error 404: No Document matches the given query. | URL: /api/v1/documents/99999/clauses/
[WARNING] 2026-06-16 09:55:16,255 error_handlers 15000 10888 Client Error 400: Request body is empty. Please provide the required data in the request body. | URL: /api/v1/documents/422/clauses/
[WARNING] 2026-06-16 09:55:16,330 error_handlers 15000 10888 Client Error 404: No Document matches the given query. | URL: /api/v1/documents/99999/
[WARNING] 2026-06-16 09:55:16,336 error_handlers 15000 10888 Client Error 404: No Document matches the given query. | URL: /api/v1/documents/99999/summary/
[WARNING] 2026-06-16 09:55:16,538 error_handlers 15000 10888 Client Error 400: 'INVALID' is not valid. Allowed: uploaded, processing, completed, failed | URL: /api/v1/documents/
[WARNING] 2026-06-16 09:55:16,735 error_handlers 15000 10888 Client Error 400: File is empty (0 bytes). Please upload a valid PDF with content. | URL: /api/v1/documents/upload/
[WARNING] 2026-06-16 09:55:16,744 error_handlers 15000 10888 Client Error 400: No file provided. Please attach a PDF file using the 'file' field. | URL: /api/v1/documents/upload/
[WARNING] 2026-06-16 09:55:16,752 error_handlers 15000 10888 Client Error 400: No file provided. Please attach a PDF file using the 'file' field. | URL: /api/v1/documents/upload/
[WARNING] 2026-06-16 09:55:16,758 error_handlers 15000 10888 Client Error 400: 'test.txt' is not allowed. Only PDF files (.pdf) are accepted. | URL: /api/v1/documents/upload/
[WARNING] 2026-06-16 09:55:16,844 error_handlers 15000 10888 Client Error 404: No Document matches the given query. | URL: /api/v1/documents/99999/
[WARNING] 2026-06-16 09:55:16,853 error_handlers 15000 10888 Client Error 404: No Document matches the given query. | URL: /api/v1/documents/99999/
[WARNING] 2026-06-16 09:55:16,855 error_handlers 15000 10888 Client Error 400: No file provided. Please attach a PDF file using the 'file' field. | URL: /api/v1/documents/upload/
[WARNING] 2026-06-16 09:55:16,856 error_handlers 15000 10888 Client Error 400: 'INVALID' is not valid. Allowed: uploaded, processing, completed, failed | URL: /api/v1/documents/
[WARNING] 2026-06-16 09:55:16,862 error_handlers 15000 10888 Client Error 404: No Document matches the given query. | URL: /api/v1/documents/99999/
[WARNING] 2026-06-16 09:55:16,865 error_handlers 15000 10888 Client Error 400: No file provided. Please attach a PDF file using the 'file' field. | URL: /api/v1/documents/upload/
[WARNING] 2026-06-16 09:55:16,871 error_handlers 15000 10888 Client Error 404: No Document matches the given query. | URL: /api/v1/documents/99999/
[WARNING] 2026-06-16 09:55:16,873 error_handlers 15000 10888 Client Error 400: No file provided. Please attach a PDF file using the 'file' field. | URL: /api/v1/documents/upload/
[WARNING] 2026-06-16 09:55:16,875 error_handlers 15000 10888 Client Error 400: 'INVALID' is not valid. Allowed: uploaded, processing, completed, failed | URL: /api/v1/documents/
[WARNING] 2026-06-16 09:55:16,883 error_handlers 15000 10888 Client Error 400: 'WRONG' is not valid. Allowed: uploaded, processing, completed, failed | URL: /api/v1/documents/
[WARNING] 2026-06-16 09:55:16,891 error_handlers 15000 10888 Client Error 400: No file provided. Please attach a PDF file using the 'file' field. | URL: /api/v1/documents/upload/
[WARNING] 2026-06-16 09:55:16,991 error_handlers 15000 10888 Client Error 404: No Document matches the given query. | URL: /api/v1/nlp/documents/99999/
[WARNING] 2026-06-16 09:55:17,006 error_handlers 15000 10888 Client Error 409: Document 'completed_test.pdf' has already been processed and marked as completed. Use PATCH /api/v1/documents/481/update-status/ to make changes. | URL: /api/v1/nlp/documents/481/process/
[WARNING] 2026-06-16 09:55:17,014 error_handlers 15000 10888 Client Error 400: 'INVALID' is not valid. Allowed: uploaded, processing, completed, failed | URL: /api/v1/nlp/documents/482/process/
[WARNING] 2026-06-16 09:55:17,022 error_handlers 15000 10888 Client Error 404: No Document matches the given query. | URL: /api/v1/nlp/documents/99999/process/
[WARNING] 2026-06-16 09:55:17,045 error_handlers 15000 10888 Client Error 404: No Document matches the given query. | URL: /api/v1/nlp/documents/99999/results/
[WARNING] 2026-06-16 09:55:17,071 error_handlers 15000 10888 Client Error 400: 'WRONG' is not valid. Allowed: uploaded, processing, completed, failed | URL: /api/v1/nlp/documents/492/status/
[WARNING] 2026-06-16 09:55:17,078 error_handlers 15000 10888 Client Error 404: No Document matches the given query. | URL: /api/v1/nlp/documents/99999/status/
[WARNING] 2026-06-16 09:55:17,138 error_handlers 15000 10888 Client Error 404: No Document matches the given query. | URL: /api/v1/documents/99999/risks/
[WARNING] 2026-06-16 09:55:17,169 error_handlers 15000 10888 Client Error 400: Request body is empty. Please provide the required data in the request body. | URL: /api/v1/documents/504/risks/
[WARNING] 2026-06-16 09:55:17,197 error_handlers 15000 10888 Client Error 404: No Document matches the given query. | URL: /api/v1/documents/99999/risks/
[WARNING] 2026-06-16 09:55:17,254 error_handlers 15000 10888 Client Error 400: Request body is empty. Please provide the required data in the request body. | URL: /api/v1/documents/514/update-status/
[WARNING] 2026-06-16 09:55:17,269 error_handlers 15000 10888 Client Error 400: 'WRONG' is not valid. Allowed: uploaded, processing, completed, failed | URL: /api/v1/documents/518/update-status/
[WARNING] 2026-06-16 09:55:17,284 error_handlers 15000 10888 Client Error 404: No Document matches the given query. | URL: /api/v1/documents/99999/update-status/
[WARNING] 2026-06-16 09:55:17,653 error_handlers 15000 10888 Client Error 404: No Document matches the given query. | URL: /api/v1/documents/9999/
[WARNING] 2026-06-16 09:55:17,658 error_handlers 15000 10888 Client Error 404: No Document matches the given query. | URL: /api/v1/documents/0/
[WARNING] 2026-06-16 09:55:17,726 error_handlers 15000 10888 Client Error 400: 'WRONG' is not valid. Allowed: uploaded, processing, completed, failed | URL: /api/v1/documents/
[WARNING] 2026-06-16 09:55:17,756 error_handlers 15000 10888 Client Error 400: 'WRONG' is not valid. Allowed: uploaded, processing, completed, failed | URL: /api/v1/documents/
[WARNING] 2026-06-16 09:55:17,946 error_handlers 15000 10888 Client Error 400: Request body is empty. Please provide the required data in the request body. | URL: /api/v1/documents/564/update-status/
[WARNING] 2026-06-16 09:55:17,959 error_handlers 15000 10888 Client Error 400: 'INVALID_STATUS' is not valid. Allowed: uploaded, processing, completed, failed | URL: /api/v1/documents/566/update-status/
[WARNING] 2026-06-16 09:55:17,972 error_handlers 15000 10888 Client Error 404: No Document matches the given query. | URL: /api/v1/documents/9999/update-status/
[WARNING] 2026-06-16 09:55:18,090 error_handlers 15000 10888 Client Error 404: No Document matches the given query. | URL: /api/v1/documents/9999/summary/
[WARNING] 2026-06-16 09:55:18,223 error_handlers 15000 10888 Client Error 400: No file provided. Please attach a PDF file using the 'file' field. | URL: /api/v1/documents/upload/
[WARNING] 2026-06-16 09:55:18,231 error_handlers 15000 10888 Client Error 400: No file provided. Please attach a PDF file using the 'file' field. | URL: /api/v1/documents/upload/
[WARNING] 2026-06-16 09:55:18,240 error_handlers 15000 10888 Client Error 400: 'test.txt' is not allowed. Only PDF files (.pdf) are accepted. | URL: /api/v1/documents/upload/
[WARNING] 2026-06-16 09:55:18,249 error_handlers 15000 10888 Client Error 400: 'test.txt' is not allowed. Only PDF files (.pdf) are accepted. | URL: /api/v1/documents/upload/
[WARNING] 2026-06-16 09:55:18,446 error_handlers 15000 10888 Client Error 404: No Document matches the given query. | URL: /api/v1/documents/9999/clauses/
[WARNING] 2026-06-16 09:55:18,523 error_handlers 15000 10888 Client Error 404: No Document matches the given query. | URL: /api/v1/documents/9999/clauses/
[WARNING] 2026-06-16 09:55:18,542 error_handlers 15000 10888 Client Error 400: Request body is empty. Please provide the required data in the request body. | URL: /api/v1/documents/619/clauses/
[WARNING] 2026-06-16 09:55:18,731 error_handlers 15000 10888 Client Error 404: No Document matches the given query. | URL: /api/v1/documents/9999/risks/
[WARNING] 2026-06-16 09:55:18,781 error_handlers 15000 10888 Client Error 400: Request body is empty. Please provide the required data in the request body. | URL: /api/v1/documents/640/risks/
[WARNING] 2026-06-16 09:55:18,833 error_handlers 15000 10888 Client Error 404: No Document matches the given query. | URL: /api/v1/documents/9999/risks/
[WARNING] 2026-06-16 09:55:19,106 error_handlers 15000 10888 Client Error 409: Document 'integration_test_nINaqFe.pdf' has already been processed and marked as completed. Use PATCH /api/v1/documents/661/update-status/ to make changes. | URL: /api/v1/nlp/documents/661/process/
[WARNING] 2026-06-16 09:56:39,044 error_handlers 17216 5624 Client Error 404: Invalid page. | URL: /api/v1/documents/
[WARNING] 2026-06-16 09:56:39,118 error_handlers 17216 5624 Client Error 400: 'contract.docx' is not allowed. Only PDF files (.pdf) are accepted. | URL: /api/v1/documents/upload/
[WARNING] 2026-06-16 09:56:39,122 error_handlers 17216 5624 Client Error 400: File is empty (0 bytes). Please upload a valid PDF with content. | URL: /api/v1/documents/upload/
[WARNING] 2026-06-16 09:56:39,173 error_handlers 17216 5624 Client Error 400: 'scan.jpg' is not allowed. Only PDF files (.pdf) are accepted. | URL: /api/v1/documents/upload/
[WARNING] 2026-06-16 09:56:39,179 error_handlers 17216 5624 Client Error 400: No file provided. Please attach a PDF file using the 'file' field. | URL: /api/v1/documents/upload/
[WARNING] 2026-06-16 09:56:39,267 error_handlers 17216 5624 Client Error 400: 'WRONG' is not valid. Allowed: uploaded, processing, completed, failed | URL: /api/v1/nlp/documents/44/process/
[WARNING] 2026-06-16 09:56:39,714 error_handlers 17216 5624 Client Error 404: No Document matches the given query. | URL: /api/v1/documents/99999/update-status/
[WARNING] 2026-06-16 09:56:39,730 error_handlers 17216 5624 Client Error 400: 'COMPLETED' is not valid. Allowed: uploaded, processing, completed, failed | URL: /api/v1/documents/211/update-status/
[WARNING] 2026-06-16 09:56:40,351 error_handlers 17216 5624 Client Error 404: No Document matches the given query. | URL: /api/v1/nlp/documents/9999/
[WARNING] 2026-06-16 09:56:40,575 error_handlers 17216 5624 Client Error 404: No Document matches the given query. | URL: /api/v1/nlp/documents/9999/process/
[WARNING] 2026-06-16 09:56:40,581 error_handlers 17216 5624 Client Error 409: Document 'nlp_test.pdf' has already been processed and marked as completed. Use PATCH /api/v1/documents/257/update-status/ to make changes. | URL: /api/v1/nlp/documents/257/process/
[WARNING] 2026-06-16 09:56:40,899 error_handlers 17216 5624 Client Error 404: No Document matches the given query. | URL: /api/v1/nlp/documents/9999/results/
[WARNING] 2026-06-16 09:56:40,981 error_handlers 17216 5624 Client Error 400: Request body is empty. Please provide the required data in the request body. | URL: /api/v1/nlp/documents/275/status/
[WARNING] 2026-06-16 09:56:40,987 error_handlers 17216 5624 Client Error 400: 'INVALID' is not valid. Allowed: uploaded, processing, completed, failed | URL: /api/v1/nlp/documents/276/status/
[WARNING] 2026-06-16 09:56:41,006 error_handlers 17216 5624 Client Error 404: No Document matches the given query. | URL: /api/v1/nlp/documents/9999/status/
[WARNING] 2026-06-16 09:56:41,854 error_handlers 17216 5624 Client Error 404: No Document matches the given query. | URL: /api/v1/documents/99999/clauses/
[WARNING] 2026-06-16 09:56:41,884 error_handlers 17216 5624 Client Error 404: No Document matches the given query. | URL: /api/v1/documents/99999/clauses/
[WARNING] 2026-06-16 09:56:41,890 error_handlers 17216 5624 Client Error 400: Request body is empty. Please provide the required data in the request body. | URL: /api/v1/documents/422/clauses/
[WARNING] 2026-06-16 09:56:41,979 error_handlers 17216 5624 Client Error 404: No Document matches the given query. | URL: /api/v1/documents/99999/
[WARNING] 2026-06-16 09:56:41,986 error_handlers 17216 5624 Client Error 404: No Document matches the given query. | URL: /api/v1/documents/99999/summary/
[WARNING] 2026-06-16 09:56:42,198 error_handlers 17216 5624 Client Error 400: 'INVALID' is not valid. Allowed: uploaded, processing, completed, failed | URL: /api/v1/documents/
[WARNING] 2026-06-16 09:56:42,274 error_handlers 17216 5624 Client Error 400: File is empty (0 bytes). Please upload a valid PDF with content. | URL: /api/v1/documents/upload/
[WARNING] 2026-06-16 09:56:42,283 error_handlers 17216 5624 Client Error 400: No file provided. Please attach a PDF file using the 'file' field. | URL: /api/v1/documents/upload/
[WARNING] 2026-06-16 09:56:42,288 error_handlers 17216 5624 Client Error 400: No file provided. Please attach a PDF file using the 'file' field. | URL: /api/v1/documents/upload/
[WARNING] 2026-06-16 09:56:42,294 error_handlers 17216 5624 Client Error 400: 'test.txt' is not allowed. Only PDF files (.pdf) are accepted. | URL: /api/v1/documents/upload/
[WARNING] 2026-06-16 09:56:42,380 error_handlers 17216 5624 Client Error 404: No Document matches the given query. | URL: /api/v1/documents/99999/
[WARNING] 2026-06-16 09:56:42,387 error_handlers 17216 5624 Client Error 404: No Document matches the given query. | URL: /api/v1/documents/99999/
[WARNING] 2026-06-16 09:56:42,389 error_handlers 17216 5624 Client Error 400: No file provided. Please attach a PDF file using the 'file' field. | URL: /api/v1/documents/upload/
[WARNING] 2026-06-16 09:56:42,390 error_handlers 17216 5624 Client Error 400: 'INVALID' is not valid. Allowed: uploaded, processing, completed, failed | URL: /api/v1/documents/
[WARNING] 2026-06-16 09:56:42,398 error_handlers 17216 5624 Client Error 404: No Document matches the given query. | URL: /api/v1/documents/99999/
[WARNING] 2026-06-16 09:56:42,400 error_handlers 17216 5624 Client Error 400: No file provided. Please attach a PDF file using the 'file' field. | URL: /api/v1/documents/upload/
[WARNING] 2026-06-16 09:56:42,405 error_handlers 17216 5624 Client Error 404: No Document matches the given query. | URL: /api/v1/documents/99999/
[WARNING] 2026-06-16 09:56:42,407 error_handlers 17216 5624 Client Error 400: No file provided. Please attach a PDF file using the 'file' field. | URL: /api/v1/documents/upload/
[WARNING] 2026-06-16 09:56:42,408 error_handlers 17216 5624 Client Error 400: 'INVALID' is not valid. Allowed: uploaded, processing, completed, failed | URL: /api/v1/documents/
[WARNING] 2026-06-16 09:56:42,417 error_handlers 17216 5624 Client Error 400: 'WRONG' is not valid. Allowed: uploaded, processing, completed, failed | URL: /api/v1/documents/
[WARNING] 2026-06-16 09:56:42,423 error_handlers 17216 5624 Client Error 400: No file provided. Please attach a PDF file using the 'file' field. | URL: /api/v1/documents/upload/
[WARNING] 2026-06-16 09:56:42,504 error_handlers 17216 5624 Client Error 404: No Document matches the given query. | URL: /api/v1/nlp/documents/99999/
[WARNING] 2026-06-16 09:56:42,517 error_handlers 17216 5624 Client Error 409: Document 'completed_test.pdf' has already been processed and marked as completed. Use PATCH /api/v1/documents/481/update-status/ to make changes. | URL: /api/v1/nlp/documents/481/process/
[WARNING] 2026-06-16 09:56:42,522 error_handlers 17216 5624 Client Error 400: 'INVALID' is not valid. Allowed: uploaded, processing, completed, failed | URL: /api/v1/nlp/documents/482/process/
[WARNING] 2026-06-16 09:56:42,529 error_handlers 17216 5624 Client Error 404: No Document matches the given query. | URL: /api/v1/nlp/documents/99999/process/
[WARNING] 2026-06-16 09:56:42,548 error_handlers 17216 5624 Client Error 404: No Document matches the given query. | URL: /api/v1/nlp/documents/99999/results/
[WARNING] 2026-06-16 09:56:42,567 error_handlers 17216 5624 Client Error 400: 'WRONG' is not valid. Allowed: uploaded, processing, completed, failed | URL: /api/v1/nlp/documents/492/status/
[WARNING] 2026-06-16 09:56:42,573 error_handlers 17216 5624 Client Error 404: No Document matches the given query. | URL: /api/v1/nlp/documents/99999/status/
[WARNING] 2026-06-16 09:56:42,623 error_handlers 17216 5624 Client Error 404: No Document matches the given query. | URL: /api/v1/documents/99999/risks/
[WARNING] 2026-06-16 09:56:42,649 error_handlers 17216 5624 Client Error 400: Request body is empty. Please provide the required data in the request body. | URL: /api/v1/documents/504/risks/
[WARNING] 2026-06-16 09:56:42,677 error_handlers 17216 5624 Client Error 404: No Document matches the given query. | URL: /api/v1/documents/99999/risks/
[WARNING] 2026-06-16 09:56:42,732 error_handlers 17216 5624 Client Error 400: Request body is empty. Please provide the required data in the request body. | URL: /api/v1/documents/514/update-status/
[WARNING] 2026-06-16 09:56:42,744 error_handlers 17216 5624 Client Error 400: 'WRONG' is not valid. Allowed: uploaded, processing, completed, failed | URL: /api/v1/documents/518/update-status/
[WARNING] 2026-06-16 09:56:42,755 error_handlers 17216 5624 Client Error 404: No Document matches the given query. | URL: /api/v1/documents/99999/update-status/
[WARNING] 2026-06-16 09:56:43,035 error_handlers 17216 5624 Client Error 404: No Document matches the given query. | URL: /api/v1/documents/9999/
[WARNING] 2026-06-16 09:56:43,045 error_handlers 17216 5624 Client Error 404: No Document matches the given query. | URL: /api/v1/documents/0/
[WARNING] 2026-06-16 09:56:43,119 error_handlers 17216 5624 Client Error 400: 'WRONG' is not valid. Allowed: uploaded, processing, completed, failed | URL: /api/v1/documents/
[WARNING] 2026-06-16 09:56:43,148 error_handlers 17216 5624 Client Error 400: 'WRONG' is not valid. Allowed: uploaded, processing, completed, failed | URL: /api/v1/documents/
[WARNING] 2026-06-16 09:56:43,353 error_handlers 17216 5624 Client Error 400: Request body is empty. Please provide the required data in the request body. | URL: /api/v1/documents/564/update-status/
[WARNING] 2026-06-16 09:56:43,367 error_handlers 17216 5624 Client Error 400: 'INVALID_STATUS' is not valid. Allowed: uploaded, processing, completed, failed | URL: /api/v1/documents/566/update-status/
[WARNING] 2026-06-16 09:56:43,378 error_handlers 17216 5624 Client Error 404: No Document matches the given query. | URL: /api/v1/documents/9999/update-status/
[WARNING] 2026-06-16 09:56:43,488 error_handlers 17216 5624 Client Error 404: No Document matches the given query. | URL: /api/v1/documents/9999/summary/
[WARNING] 2026-06-16 09:56:43,605 error_handlers 17216 5624 Client Error 400: No file provided. Please attach a PDF file using the 'file' field. | URL: /api/v1/documents/upload/
[WARNING] 2026-06-16 09:56:43,610 error_handlers 17216 5624 Client Error 400: No file provided. Please attach a PDF file using the 'file' field. | URL: /api/v1/documents/upload/
[WARNING] 2026-06-16 09:56:43,616 error_handlers 17216 5624 Client Error 400: 'test.txt' is not allowed. Only PDF files (.pdf) are accepted. | URL: /api/v1/documents/upload/
[WARNING] 2026-06-16 09:56:43,622 error_handlers 17216 5624 Client Error 400: 'test.txt' is not allowed. Only PDF files (.pdf) are accepted. | URL: /api/v1/documents/upload/
[WARNING] 2026-06-16 09:56:43,783 error_handlers 17216 5624 Client Error 404: No Document matches the given query. | URL: /api/v1/documents/9999/clauses/
[WARNING] 2026-06-16 09:56:43,856 error_handlers 17216 5624 Client Error 404: No Document matches the given query. | URL: /api/v1/documents/9999/clauses/
[WARNING] 2026-06-16 09:56:43,885 error_handlers 17216 5624 Client Error 400: Request body is empty. Please provide the required data in the request body. | URL: /api/v1/documents/619/clauses/
[WARNING] 2026-06-16 09:56:44,062 error_handlers 17216 5624 Client Error 404: No Document matches the given query. | URL: /api/v1/documents/9999/risks/
[WARNING] 2026-06-16 09:56:44,103 error_handlers 17216 5624 Client Error 400: Request body is empty. Please provide the required data in the request body. | URL: /api/v1/documents/640/risks/
[WARNING] 2026-06-16 09:56:44,158 error_handlers 17216 5624 Client Error 404: No Document matches the given query. | URL: /api/v1/documents/9999/risks/
[WARNING] 2026-06-16 09:56:44,436 error_handlers 17216 5624 Client Error 409: Document 'integration_test_7no2BRU.pdf' has already been processed and marked as completed. Use PATCH /api/v1/documents/661/update-status/ to make changes. | URL: /api/v1/nlp/documents/661/process/
[ERROR] 2026-06-16 10:10:55,396 error_handlers 1372 17936 Unhandled Exception: NameError: name 'Count' is not defined | View: DocumentListView
[ERROR] 2026-06-16 10:10:55,575 error_handlers 1372 17936 Unhandled Exception: NameError: name 'Count' is not defined | View: DocumentListView
[WARNING] 2026-06-16 10:17:24,404 error_handlers 21308 11584 Client Error 404: Invalid page. | URL: /api/v1/documents/
[WARNING] 2026-06-16 10:17:24,496 error_handlers 21308 11584 Client Error 400: 'contract.docx' is not allowed. Only PDF files (.pdf) are accepted. | URL: /api/v1/documents/upload/
[WARNING] 2026-06-16 10:17:24,499 error_handlers 21308 11584 Client Error 400: File is empty (0 bytes). Please upload a valid PDF with content. | URL: /api/v1/documents/upload/
[WARNING] 2026-06-16 10:17:24,538 error_handlers 21308 11584 Client Error 400: 'scan.jpg' is not allowed. Only PDF files (.pdf) are accepted. | URL: /api/v1/documents/upload/
[WARNING] 2026-06-16 10:17:24,541 error_handlers 21308 11584 Client Error 400: No file provided. Please attach a PDF file using the 'file' field. | URL: /api/v1/documents/upload/
[WARNING] 2026-06-16 10:17:24,617 error_handlers 21308 11584 Client Error 400: 'WRONG' is not valid. Allowed: uploaded, processing, completed, failed | URL: /api/v1/nlp/documents/44/process/
[WARNING] 2026-06-16 10:17:25,106 error_handlers 21308 11584 Client Error 404: No Document matches the given query. | URL: /api/v1/documents/99999/update-status/
[WARNING] 2026-06-16 10:17:25,122 error_handlers 21308 11584 Client Error 400: 'COMPLETED' is not valid. Allowed: uploaded, processing, completed, failed | URL: /api/v1/documents/211/update-status/
[WARNING] 2026-06-16 10:17:25,881 error_handlers 21308 11584 Client Error 404: No Document matches the given query. | URL: /api/v1/nlp/documents/9999/
[WARNING] 2026-06-16 10:17:26,060 error_handlers 21308 11584 Client Error 404: No Document matches the given query. | URL: /api/v1/nlp/documents/9999/process/
[WARNING] 2026-06-16 10:17:26,064 error_handlers 21308 11584 Client Error 409: Document 'nlp_test.pdf' has already been processed and marked as completed. Use PATCH /api/v1/documents/257/update-status/ to make changes. | URL: /api/v1/nlp/documents/257/process/
[WARNING] 2026-06-16 10:17:26,245 error_handlers 21308 11584 Client Error 404: No Document matches the given query. | URL: /api/v1/nlp/documents/9999/results/
[WARNING] 2026-06-16 10:17:26,325 error_handlers 21308 11584 Client Error 400: Request body is empty. Please provide the required data in the request body. | URL: /api/v1/nlp/documents/275/status/
[WARNING] 2026-06-16 10:17:26,330 error_handlers 21308 11584 Client Error 400: 'INVALID' is not valid. Allowed: uploaded, processing, completed, failed | URL: /api/v1/nlp/documents/276/status/
[WARNING] 2026-06-16 10:17:26,342 error_handlers 21308 11584 Client Error 404: No Document matches the given query. | URL: /api/v1/nlp/documents/9999/status/
[WARNING] 2026-06-16 10:17:27,235 error_handlers 21308 11584 Client Error 404: No Document matches the given query. | URL: /api/v1/documents/99999/clauses/
[WARNING] 2026-06-16 10:17:27,269 error_handlers 21308 11584 Client Error 404: No Document matches the given query. | URL: /api/v1/documents/99999/clauses/
[WARNING] 2026-06-16 10:17:27,273 error_handlers 21308 11584 Client Error 400: Request body is empty. Please provide the required data in the request body. | URL: /api/v1/documents/422/clauses/
[WARNING] 2026-06-16 10:17:27,358 error_handlers 21308 11584 Client Error 404: No Document matches the given query. | URL: /api/v1/documents/99999/
[WARNING] 2026-06-16 10:17:27,365 error_handlers 21308 11584 Client Error 404: No Document matches the given query. | URL: /api/v1/documents/99999/summary/
[WARNING] 2026-06-16 10:17:27,561 error_handlers 21308 11584 Client Error 400: 'INVALID' is not valid. Allowed: uploaded, processing, completed, failed | URL: /api/v1/documents/
[WARNING] 2026-06-16 10:17:27,638 error_handlers 21308 11584 Client Error 400: File is empty (0 bytes). Please upload a valid PDF with content. | URL: /api/v1/documents/upload/
[WARNING] 2026-06-16 10:17:27,645 error_handlers 21308 11584 Client Error 400: No file provided. Please attach a PDF file using the 'file' field. | URL: /api/v1/documents/upload/
[WARNING] 2026-06-16 10:17:27,651 error_handlers 21308 11584 Client Error 400: No file provided. Please attach a PDF file using the 'file' field. | URL: /api/v1/documents/upload/
[WARNING] 2026-06-16 10:17:27,656 error_handlers 21308 11584 Client Error 400: 'test.txt' is not allowed. Only PDF files (.pdf) are accepted. | URL: /api/v1/documents/upload/
[WARNING] 2026-06-16 10:17:27,734 error_handlers 21308 11584 Client Error 404: No Document matches the given query. | URL: /api/v1/documents/99999/
[WARNING] 2026-06-16 10:17:27,742 error_handlers 21308 11584 Client Error 404: No Document matches the given query. | URL: /api/v1/documents/99999/
[WARNING] 2026-06-16 10:17:27,743 error_handlers 21308 11584 Client Error 400: No file provided. Please attach a PDF file using the 'file' field. | URL: /api/v1/documents/upload/
[WARNING] 2026-06-16 10:17:27,745 error_handlers 21308 11584 Client Error 400: 'INVALID' is not valid. Allowed: uploaded, processing, completed, failed | URL: /api/v1/documents/
[WARNING] 2026-06-16 10:17:27,755 error_handlers 21308 11584 Client Error 404: No Document matches the given query. | URL: /api/v1/documents/99999/
[WARNING] 2026-06-16 10:17:27,756 error_handlers 21308 11584 Client Error 400: No file provided. Please attach a PDF file using the 'file' field. | URL: /api/v1/documents/upload/
[WARNING] 2026-06-16 10:17:27,763 error_handlers 21308 11584 Client Error 404: No Document matches the given query. | URL: /api/v1/documents/99999/
[WARNING] 2026-06-16 10:17:27,765 error_handlers 21308 11584 Client Error 400: No file provided. Please attach a PDF file using the 'file' field. | URL: /api/v1/documents/upload/
[WARNING] 2026-06-16 10:17:27,766 error_handlers 21308 11584 Client Error 400: 'INVALID' is not valid. Allowed: uploaded, processing, completed, failed | URL: /api/v1/documents/
[WARNING] 2026-06-16 10:17:27,771 error_handlers 21308 11584 Client Error 400: 'WRONG' is not valid. Allowed: uploaded, processing, completed, failed | URL: /api/v1/documents/
[WARNING] 2026-06-16 10:17:27,777 error_handlers 21308 11584 Client Error 400: No file provided. Please attach a PDF file using the 'file' field. | URL: /api/v1/documents/upload/
[WARNING] 2026-06-16 10:17:27,855 error_handlers 21308 11584 Client Error 404: No Document matches the given query. | URL: /api/v1/nlp/documents/99999/
[WARNING] 2026-06-16 10:17:27,872 error_handlers 21308 11584 Client Error 409: Document 'completed_test.pdf' has already been processed and marked as completed. Use PATCH /api/v1/documents/481/update-status/ to make changes. | URL: /api/v1/nlp/documents/481/process/
[WARNING] 2026-06-16 10:17:27,880 error_handlers 21308 11584 Client Error 400: 'INVALID' is not valid. Allowed: uploaded, processing, completed, failed | URL: /api/v1/nlp/documents/482/process/
[WARNING] 2026-06-16 10:17:27,888 error_handlers 21308 11584 Client Error 404: No Document matches the given query. | URL: /api/v1/nlp/documents/99999/process/
[WARNING] 2026-06-16 10:17:27,908 error_handlers 21308 11584 Client Error 404: No Document matches the given query. | URL: /api/v1/nlp/documents/99999/results/
[WARNING] 2026-06-16 10:17:27,928 error_handlers 21308 11584 Client Error 400: 'WRONG' is not valid. Allowed: uploaded, processing, completed, failed | URL: /api/v1/nlp/documents/492/status/
[WARNING] 2026-06-16 10:17:27,935 error_handlers 21308 11584 Client Error 404: No Document matches the given query. | URL: /api/v1/nlp/documents/99999/status/
[WARNING] 2026-06-16 10:17:27,988 error_handlers 21308 11584 Client Error 404: No Document matches the given query. | URL: /api/v1/documents/99999/risks/
[WARNING] 2026-06-16 10:17:28,021 error_handlers 21308 11584 Client Error 400: Request body is empty. Please provide the required data in the request body. | URL: /api/v1/documents/504/risks/
[WARNING] 2026-06-16 10:17:28,042 error_handlers 21308 11584 Client Error 404: No Document matches the given query. | URL: /api/v1/documents/99999/risks/
[WARNING] 2026-06-16 10:17:28,208 error_handlers 21308 11584 Client Error 400: Request body is empty. Please provide the required data in the request body. | URL: /api/v1/documents/514/update-status/
[WARNING] 2026-06-16 10:17:28,219 error_handlers 21308 11584 Client Error 400: 'WRONG' is not valid. Allowed: uploaded, processing, completed, failed | URL: /api/v1/documents/518/update-status/
[WARNING] 2026-06-16 10:17:28,235 error_handlers 21308 11584 Client Error 404: No Document matches the given query. | URL: /api/v1/documents/99999/update-status/
[WARNING] 2026-06-16 10:17:28,513 error_handlers 21308 11584 Client Error 404: No Document matches the given query. | URL: /api/v1/documents/9999/
[WARNING] 2026-06-16 10:17:28,519 error_handlers 21308 11584 Client Error 404: No Document matches the given query. | URL: /api/v1/documents/0/
[WARNING] 2026-06-16 10:17:28,586 error_handlers 21308 11584 Client Error 400: 'WRONG' is not valid. Allowed: uploaded, processing, completed, failed | URL: /api/v1/documents/
[WARNING] 2026-06-16 10:17:28,611 error_handlers 21308 11584 Client Error 400: 'WRONG' is not valid. Allowed: uploaded, processing, completed, failed | URL: /api/v1/documents/
[WARNING] 2026-06-16 10:17:28,795 error_handlers 21308 11584 Client Error 400: Request body is empty. Please provide the required data in the request body. | URL: /api/v1/documents/564/update-status/
[WARNING] 2026-06-16 10:17:28,811 error_handlers 21308 11584 Client Error 400: 'INVALID_STATUS' is not valid. Allowed: uploaded, processing, completed, failed | URL: /api/v1/documents/566/update-status/
[WARNING] 2026-06-16 10:17:28,823 error_handlers 21308 11584 Client Error 404: No Document matches the given query. | URL: /api/v1/documents/9999/update-status/
[WARNING] 2026-06-16 10:17:28,946 error_handlers 21308 11584 Client Error 404: No Document matches the given query. | URL: /api/v1/documents/9999/summary/
[WARNING] 2026-06-16 10:17:29,035 error_handlers 21308 11584 Client Error 400: No file provided. Please attach a PDF file using the 'file' field. | URL: /api/v1/documents/upload/
[WARNING] 2026-06-16 10:17:29,039 error_handlers 21308 11584 Client Error 400: No file provided. Please attach a PDF file using the 'file' field. | URL: /api/v1/documents/upload/
[WARNING] 2026-06-16 10:17:29,043 error_handlers 21308 11584 Client Error 400: 'test.txt' is not allowed. Only PDF files (.pdf) are accepted. | URL: /api/v1/documents/upload/
[WARNING] 2026-06-16 10:17:29,047 error_handlers 21308 11584 Client Error 400: 'test.txt' is not allowed. Only PDF files (.pdf) are accepted. | URL: /api/v1/documents/upload/
[WARNING] 2026-06-16 10:17:29,205 error_handlers 21308 11584 Client Error 404: No Document matches the given query. | URL: /api/v1/documents/9999/clauses/
[WARNING] 2026-06-16 10:17:29,277 error_handlers 21308 11584 Client Error 404: No Document matches the given query. | URL: /api/v1/documents/9999/clauses/
[WARNING] 2026-06-16 10:17:29,297 error_handlers 21308 11584 Client Error 400: Request body is empty. Please provide the required data in the request body. | URL: /api/v1/documents/619/clauses/
[WARNING] 2026-06-16 10:17:29,476 error_handlers 21308 11584 Client Error 404: No Document matches the given query. | URL: /api/v1/documents/9999/risks/
[WARNING] 2026-06-16 10:17:29,512 error_handlers 21308 11584 Client Error 400: Request body is empty. Please provide the required data in the request body. | URL: /api/v1/documents/640/risks/
[WARNING] 2026-06-16 10:17:29,557 error_handlers 21308 11584 Client Error 404: No Document matches the given query. | URL: /api/v1/documents/9999/risks/
[WARNING] 2026-06-16 10:17:29,805 error_handlers 21308 11584 Client Error 409: Document 'integration_test_75oDsnn.pdf' has already been processed and marked as completed. Use PATCH /api/v1/documents/661/update-status/ to make changes. | URL: /api/v1/nlp/documents/661/process/
[WARNING] 2026-06-17 07:23:54,177 error_handlers 33 130488926462848 Client Error 404: Invalid page. | URL: /api/v1/documents/
[WARNING] 2026-06-17 07:23:54,226 error_handlers 33 130488926462848 Client Error 400: 'contract.docx' is not allowed. Only PDF files (.pdf) are accepted. | URL: /api/v1/documents/upload/
[WARNING] 2026-06-17 07:23:54,235 error_handlers 33 130488926462848 Client Error 400: File is empty (0 bytes). Please upload a valid PDF with content. | URL: /api/v1/documents/upload/
[WARNING] 2026-06-17 07:23:54,264 error_handlers 33 130488926462848 Client Error 400: 'scan.jpg' is not allowed. Only PDF files (.pdf) are accepted. | URL: /api/v1/documents/upload/
[WARNING] 2026-06-17 07:23:54,271 error_handlers 33 130488926462848 Client Error 400: No file provided. Please attach a PDF file using the 'file' field. | URL: /api/v1/documents/upload/
[WARNING] 2026-06-17 07:23:54,313 error_handlers 33 130488926462848 Client Error 400: 'WRONG' is not valid. Allowed: uploaded, processing, completed, failed | URL: /api/v1/nlp/documents/183/process/
[WARNING] 2026-06-17 07:23:54,530 error_handlers 33 130488926462848 Client Error 404: No Document matches the given query. | URL: /api/v1/documents/99999/update-status/
[WARNING] 2026-06-17 07:23:54,547 error_handlers 33 130488926462848 Client Error 400: 'COMPLETED' is not valid. Allowed: uploaded, processing, completed, failed | URL: /api/v1/documents/350/update-status/
[WARNING] 2026-06-17 07:23:54,748 error_handlers 33 130488926462848 Client Error 404: No Document matches the given query. | URL: /api/v1/nlp/documents/9999/
[WARNING] 2026-06-17 07:23:54,853 error_handlers 33 130488926462848 Client Error 404: No Document matches the given query. | URL: /api/v1/nlp/documents/9999/process/
[WARNING] 2026-06-17 07:23:54,861 error_handlers 33 130488926462848 Client Error 409: Document 'nlp_test.pdf' has already been processed and marked as completed. Use PATCH /api/v1/documents/396/update-status/ to make changes. | URL: /api/v1/nlp/documents/396/process/
[WARNING] 2026-06-17 07:23:54,981 error_handlers 33 130488926462848 Client Error 404: No Document matches the given query. | URL: /api/v1/nlp/documents/9999/results/
[WARNING] 2026-06-17 07:23:55,019 error_handlers 33 130488926462848 Client Error 400: Request body is empty. Please provide the required data in the request body. | URL: /api/v1/nlp/documents/414/status/
[WARNING] 2026-06-17 07:23:55,025 error_handlers 33 130488926462848 Client Error 400: 'INVALID' is not valid. Allowed: uploaded, processing, completed, failed | URL: /api/v1/nlp/documents/415/status/
[WARNING] 2026-06-17 07:23:55,038 error_handlers 33 130488926462848 Client Error 404: No Document matches the given query. | URL: /api/v1/nlp/documents/9999/status/
[WARNING] 2026-06-17 07:23:55,425 error_handlers 33 130488926462848 Client Error 404: No Document matches the given query. | URL: /api/v1/documents/99999/clauses/
[WARNING] 2026-06-17 07:23:55,447 error_handlers 33 130488926462848 Client Error 404: No Document matches the given query. | URL: /api/v1/documents/99999/clauses/
[WARNING] 2026-06-17 07:23:55,455 error_handlers 33 130488926462848 Client Error 400: Request body is empty. Please provide the required data in the request body. | URL: /api/v1/documents/561/clauses/
[WARNING] 2026-06-17 07:23:55,496 error_handlers 33 130488926462848 Client Error 404: No Document matches the given query. | URL: /api/v1/documents/99999/
[WARNING] 2026-06-17 07:23:55,502 error_handlers 33 130488926462848 Client Error 404: No Document matches the given query. | URL: /api/v1/documents/99999/summary/
[WARNING] 2026-06-17 07:23:55,547 error_handlers 33 130488926462848 Client Error 400: 'INVALID' is not valid. Allowed: uploaded, processing, completed, failed | URL: /api/v1/documents/
[WARNING] 2026-06-17 07:23:55,575 error_handlers 33 130488926462848 Client Error 400: File is empty (0 bytes). Please upload a valid PDF with content. | URL: /api/v1/documents/upload/
[WARNING] 2026-06-17 07:23:55,581 error_handlers 33 130488926462848 Client Error 400: No file provided. Please attach a PDF file using the 'file' field. | URL: /api/v1/documents/upload/
[WARNING] 2026-06-17 07:23:55,587 error_handlers 33 130488926462848 Client Error 400: No file provided. Please attach a PDF file using the 'file' field. | URL: /api/v1/documents/upload/
[WARNING] 2026-06-17 07:23:55,593 error_handlers 33 130488926462848 Client Error 400: 'test.txt' is not allowed. Only PDF files (.pdf) are accepted. | URL: /api/v1/documents/upload/
[WARNING] 2026-06-17 07:23:55,630 error_handlers 33 130488926462848 Client Error 404: No Document matches the given query. | URL: /api/v1/documents/99999/
[WARNING] 2026-06-17 07:23:55,639 error_handlers 33 130488926462848 Client Error 404: No Document matches the given query. | URL: /api/v1/documents/99999/
[WARNING] 2026-06-17 07:23:55,641 error_handlers 33 130488926462848 Client Error 400: No file provided. Please attach a PDF file using the 'file' field. | URL: /api/v1/documents/upload/
[WARNING] 2026-06-17 07:23:55,643 error_handlers 33 130488926462848 Client Error 400: 'INVALID' is not valid. Allowed: uploaded, processing, completed, failed | URL: /api/v1/documents/
[WARNING] 2026-06-17 07:23:55,649 error_handlers 33 130488926462848 Client Error 404: No Document matches the given query. | URL: /api/v1/documents/99999/
[WARNING] 2026-06-17 07:23:55,654 error_handlers 33 130488926462848 Client Error 400: No file provided. Please attach a PDF file using the 'file' field. | URL: /api/v1/documents/upload/
[WARNING] 2026-06-17 07:23:55,661 error_handlers 33 130488926462848 Client Error 404: No Document matches the given query. | URL: /api/v1/documents/99999/
[WARNING] 2026-06-17 07:23:55,664 error_handlers 33 130488926462848 Client Error 400: No file provided. Please attach a PDF file using the 'file' field. | URL: /api/v1/documents/upload/
[WARNING] 2026-06-17 07:23:55,666 error_handlers 33 130488926462848 Client Error 400: 'INVALID' is not valid. Allowed: uploaded, processing, completed, failed | URL: /api/v1/documents/
[WARNING] 2026-06-17 07:23:55,678 error_handlers 33 130488926462848 Client Error 400: 'WRONG' is not valid. Allowed: uploaded, processing, completed, failed | URL: /api/v1/documents/
[WARNING] 2026-06-17 07:23:55,691 error_handlers 33 130488926462848 Client Error 400: No file provided. Please attach a PDF file using the 'file' field. | URL: /api/v1/documents/upload/
[WARNING] 2026-06-17 07:23:55,738 error_handlers 33 130488926462848 Client Error 404: No Document matches the given query. | URL: /api/v1/nlp/documents/99999/
[WARNING] 2026-06-17 07:23:55,750 error_handlers 33 130488926462848 Client Error 409: Document 'completed_test.pdf' has already been processed and marked as completed. Use PATCH /api/v1/documents/620/update-status/ to make changes. | URL: /api/v1/nlp/documents/620/process/
[WARNING] 2026-06-17 07:23:55,759 error_handlers 33 130488926462848 Client Error 400: 'INVALID' is not valid. Allowed: uploaded, processing, completed, failed | URL: /api/v1/nlp/documents/621/process/
[WARNING] 2026-06-17 07:23:55,765 error_handlers 33 130488926462848 Client Error 404: No Document matches the given query. | URL: /api/v1/nlp/documents/99999/process/
[WARNING] 2026-06-17 07:23:55,783 error_handlers 33 130488926462848 Client Error 404: No Document matches the given query. | URL: /api/v1/nlp/documents/99999/results/
[WARNING] 2026-06-17 07:23:55,805 error_handlers 33 130488926462848 Client Error 400: 'WRONG' is not valid. Allowed: uploaded, processing, completed, failed | URL: /api/v1/nlp/documents/631/status/
[WARNING] 2026-06-17 07:23:55,810 error_handlers 33 130488926462848 Client Error 404: No Document matches the given query. | URL: /api/v1/nlp/documents/99999/status/
[WARNING] 2026-06-17 07:23:55,832 error_handlers 33 130488926462848 Client Error 404: No Document matches the given query. | URL: /api/v1/documents/99999/risks/
[WARNING] 2026-06-17 07:23:55,861 error_handlers 33 130488926462848 Client Error 400: Request body is empty. Please provide the required data in the request body. | URL: /api/v1/documents/643/risks/
[WARNING] 2026-06-17 07:23:55,881 error_handlers 33 130488926462848 Client Error 404: No Document matches the given query. | URL: /api/v1/documents/99999/risks/
[WARNING] 2026-06-17 07:23:55,903 error_handlers 33 130488926462848 Client Error 400: Request body is empty. Please provide the required data in the request body. | URL: /api/v1/documents/653/update-status/
[WARNING] 2026-06-17 07:23:55,914 error_handlers 33 130488926462848 Client Error 400: 'WRONG' is not valid. Allowed: uploaded, processing, completed, failed | URL: /api/v1/documents/657/update-status/
[WARNING] 2026-06-17 07:23:55,928 error_handlers 33 130488926462848 Client Error 404: No Document matches the given query. | URL: /api/v1/documents/99999/update-status/
[WARNING] 2026-06-17 07:23:56,062 error_handlers 33 130488926462848 Client Error 404: No Document matches the given query. | URL: /api/v1/documents/9999/
[WARNING] 2026-06-17 07:23:56,067 error_handlers 33 130488926462848 Client Error 404: No Document matches the given query. | URL: /api/v1/documents/0/
[WARNING] 2026-06-17 07:23:56,098 error_handlers 33 130488926462848 Client Error 400: 'WRONG' is not valid. Allowed: uploaded, processing, completed, failed | URL: /api/v1/documents/
[WARNING] 2026-06-17 07:23:56,123 error_handlers 33 130488926462848 Client Error 400: 'WRONG' is not valid. Allowed: uploaded, processing, completed, failed | URL: /api/v1/documents/
[WARNING] 2026-06-17 07:23:56,240 error_handlers 33 130488926462848 Client Error 400: Request body is empty. Please provide the required data in the request body. | URL: /api/v1/documents/703/update-status/
[WARNING] 2026-06-17 07:23:56,250 error_handlers 33 130488926462848 Client Error 400: 'INVALID_STATUS' is not valid. Allowed: uploaded, processing, completed, failed | URL: /api/v1/documents/705/update-status/
[WARNING] 2026-06-17 07:23:56,263 error_handlers 33 130488926462848 Client Error 404: No Document matches the given query. | URL: /api/v1/documents/9999/update-status/
[WARNING] 2026-06-17 07:23:56,345 error_handlers 33 130488926462848 Client Error 404: No Document matches the given query. | URL: /api/v1/documents/9999/summary/
[WARNING] 2026-06-17 07:23:56,406 error_handlers 33 130488926462848 Client Error 400: No file provided. Please attach a PDF file using the 'file' field. | URL: /api/v1/documents/upload/
[WARNING] 2026-06-17 07:23:56,411 error_handlers 33 130488926462848 Client Error 400: No file provided. Please attach a PDF file using the 'file' field. | URL: /api/v1/documents/upload/
[WARNING] 2026-06-17 07:23:56,416 error_handlers 33 130488926462848 Client Error 400: 'test.txt' is not allowed. Only PDF files (.pdf) are accepted. | URL: /api/v1/documents/upload/
[WARNING] 2026-06-17 07:23:56,423 error_handlers 33 130488926462848 Client Error 400: 'test.txt' is not allowed. Only PDF files (.pdf) are accepted. | URL: /api/v1/documents/upload/
[WARNING] 2026-06-17 07:23:56,523 error_handlers 33 130488926462848 Client Error 404: No Document matches the given query. | URL: /api/v1/documents/9999/clauses/
[WARNING] 2026-06-17 07:23:56,587 error_handlers 33 130488926462848 Client Error 404: No Document matches the given query. | URL: /api/v1/documents/9999/clauses/
[WARNING] 2026-06-17 07:23:56,606 error_handlers 33 130488926462848 Client Error 400: Request body is empty. Please provide the required data in the request body. | URL: /api/v1/documents/758/clauses/
[WARNING] 2026-06-17 07:23:56,714 error_handlers 33 130488926462848 Client Error 404: No Document matches the given query. | URL: /api/v1/documents/9999/risks/
[WARNING] 2026-06-17 07:23:56,758 error_handlers 33 130488926462848 Client Error 400: Request body is empty. Please provide the required data in the request body. | URL: /api/v1/documents/779/risks/
[WARNING] 2026-06-17 07:23:56,796 error_handlers 33 130488926462848 Client Error 404: No Document matches the given query. | URL: /api/v1/documents/9999/risks/
[WARNING] 2026-06-17 07:23:57,190 error_handlers 33 130488926462848 Client Error 409: Document 'integration_test.pdf' has already been processed and marked as completed. Use PATCH /api/v1/documents/818/update-status/ to make changes. | URL: /api/v1/nlp/documents/818/process/
[WARNING] 2026-06-17 15:05:57,592 error_handlers 25 138177717371776 Client Error 404: Invalid page. | URL: /api/v1/documents/
[WARNING] 2026-06-17 15:05:57,646 error_handlers 25 138177717371776 Client Error 400: 'contract.docx' is not allowed. Only PDF files (.pdf) are accepted. | URL: /api/v1/documents/upload/
[WARNING] 2026-06-17 15:05:57,652 error_handlers 25 138177717371776 Client Error 400: File is empty (0 bytes). Please upload a valid PDF with content. | URL: /api/v1/documents/upload/
[WARNING] 2026-06-17 15:05:57,702 error_handlers 25 138177717371776 Client Error 400: 'scan.jpg' is not allowed. Only PDF files (.pdf) are accepted. | URL: /api/v1/documents/upload/
[WARNING] 2026-06-17 15:05:57,707 error_handlers 25 138177717371776 Client Error 400: No file provided. Please attach a PDF file using the 'file' field. | URL: /api/v1/documents/upload/
[WARNING] 2026-06-17 15:05:57,759 error_handlers 25 138177717371776 Client Error 400: 'WRONG' is not valid. Allowed: uploaded, processing, completed, failed | URL: /api/v1/nlp/documents/183/process/
[WARNING] 2026-06-17 15:05:57,963 error_handlers 25 138177717371776 Client Error 405: Method "POST" not allowed. | URL: /api/v1/documents/337/risks/
[WARNING] 2026-06-17 15:05:57,977 error_handlers 25 138177717371776 Client Error 405: Method "POST" not allowed. | URL: /api/v1/documents/338/risks/
[WARNING] 2026-06-17 15:05:57,995 error_handlers 25 138177717371776 Client Error 405: Method "POST" not allowed. | URL: /api/v1/documents/340/risks/
[WARNING] 2026-06-17 15:05:58,004 error_handlers 25 138177717371776 Client Error 405: Method "POST" not allowed. | URL: /api/v1/documents/341/risks/
[WARNING] 2026-06-17 15:05:58,016 error_handlers 25 138177717371776 Client Error 405: Method "POST" not allowed. | URL: /api/v1/documents/342/risks/
[WARNING] 2026-06-17 15:05:58,028 error_handlers 25 138177717371776 Client Error 405: Method "POST" not allowed. | URL: /api/v1/documents/343/risks/
[WARNING] 2026-06-17 15:05:58,035 error_handlers 25 138177717371776 Client Error 405: Method "POST" not allowed. | URL: /api/v1/documents/344/risks/
[WARNING] 2026-06-17 15:05:58,145 error_handlers 25 138177717371776 Client Error 404: No Document matches the given query. | URL: /api/v1/documents/99999/update-status/
[WARNING] 2026-06-17 15:05:58,165 error_handlers 25 138177717371776 Client Error 400: 'COMPLETED' is not valid. Allowed: uploaded, processing, completed, failed | URL: /api/v1/documents/350/update-status/
[WARNING] 2026-06-17 15:05:58,957 error_handlers 25 138177717371776 Client Error 404: No Document matches the given query. | URL: /api/v1/nlp/documents/9999/
[WARNING] 2026-06-17 15:05:59,107 error_handlers 25 138177717371776 Client Error 404: No Document matches the given query. | URL: /api/v1/nlp/documents/9999/process/
[WARNING] 2026-06-17 15:05:59,114 error_handlers 25 138177717371776 Client Error 409: Document 'nlp_test.pdf' has already been processed and marked as completed. Use PATCH /api/v1/documents/420/update-status/ to make changes. | URL: /api/v1/nlp/documents/420/process/
[WARNING] 2026-06-17 15:05:59,365 error_handlers 25 138177717371776 Client Error 404: No Document matches the given query. | URL: /api/v1/nlp/documents/9999/results/
[WARNING] 2026-06-17 15:05:59,440 error_handlers 25 138177717371776 Client Error 400: Request body is empty. Please provide the required data in the request body. | URL: /api/v1/nlp/documents/438/status/
[WARNING] 2026-06-17 15:05:59,448 error_handlers 25 138177717371776 Client Error 400: 'INVALID' is not valid. Allowed: uploaded, processing, completed, failed | URL: /api/v1/nlp/documents/439/status/
[WARNING] 2026-06-17 15:05:59,476 error_handlers 25 138177717371776 Client Error 404: No Document matches the given query. | URL: /api/v1/nlp/documents/9999/status/
[WARNING] 2026-06-17 15:06:00,206 error_handlers 25 138177717371776 Client Error 404: No Document matches the given query. | URL: /api/v1/documents/99999/clauses/
[WARNING] 2026-06-17 15:06:00,247 error_handlers 25 138177717371776 Client Error 404: No Document matches the given query. | URL: /api/v1/documents/99999/clauses/
[WARNING] 2026-06-17 15:06:00,256 error_handlers 25 138177717371776 Client Error 400: Request body is empty. Please provide the required data in the request body. | URL: /api/v1/documents/585/clauses/
[WARNING] 2026-06-17 15:06:00,344 error_handlers 25 138177717371776 Client Error 404: No Document matches the given query. | URL: /api/v1/documents/99999/
[WARNING] 2026-06-17 15:06:00,354 error_handlers 25 138177717371776 Client Error 404: No Document matches the given query. | URL: /api/v1/documents/99999/summary/
[WARNING] 2026-06-17 15:06:00,428 error_handlers 25 138177717371776 Client Error 400: 'INVALID' is not valid. Allowed: uploaded, processing, completed, failed | URL: /api/v1/documents/
[WARNING] 2026-06-17 15:06:00,483 error_handlers 25 138177717371776 Client Error 400: File is empty (0 bytes). Please upload a valid PDF with content. | URL: /api/v1/documents/upload/
[WARNING] 2026-06-17 15:06:00,492 error_handlers 25 138177717371776 Client Error 400: No file provided. Please attach a PDF file using the 'file' field. | URL: /api/v1/documents/upload/
[WARNING] 2026-06-17 15:06:00,499 error_handlers 25 138177717371776 Client Error 400: No file provided. Please attach a PDF file using the 'file' field. | URL: /api/v1/documents/upload/
[WARNING] 2026-06-17 15:06:00,511 error_handlers 25 138177717371776 Client Error 400: 'test.txt' is not allowed. Only PDF files (.pdf) are accepted. | URL: /api/v1/documents/upload/
[WARNING] 2026-06-17 15:06:00,574 error_handlers 25 138177717371776 Client Error 404: No Document matches the given query. | URL: /api/v1/documents/99999/
[WARNING] 2026-06-17 15:06:00,588 error_handlers 25 138177717371776 Client Error 404: No Document matches the given query. | URL: /api/v1/documents/99999/
[WARNING] 2026-06-17 15:06:00,591 error_handlers 25 138177717371776 Client Error 400: No file provided. Please attach a PDF file using the 'file' field. | URL: /api/v1/documents/upload/
[WARNING] 2026-06-17 15:06:00,594 error_handlers 25 138177717371776 Client Error 400: 'INVALID' is not valid. Allowed: uploaded, processing, completed, failed | URL: /api/v1/documents/
[WARNING] 2026-06-17 15:06:00,603 error_handlers 25 138177717371776 Client Error 404: No Document matches the given query. | URL: /api/v1/documents/99999/
[WARNING] 2026-06-17 15:06:00,608 error_handlers 25 138177717371776 Client Error 400: No file provided. Please attach a PDF file using the 'file' field. | URL: /api/v1/documents/upload/
[WARNING] 2026-06-17 15:06:00,622 error_handlers 25 138177717371776 Client Error 404: No Document matches the given query. | URL: /api/v1/documents/99999/
[WARNING] 2026-06-17 15:06:00,625 error_handlers 25 138177717371776 Client Error 400: No file provided. Please attach a PDF file using the 'file' field. | URL: /api/v1/documents/upload/
[WARNING] 2026-06-17 15:06:00,634 error_handlers 25 138177717371776 Client Error 400: 'INVALID' is not valid. Allowed: uploaded, processing, completed, failed | URL: /api/v1/documents/
[WARNING] 2026-06-17 15:06:00,652 error_handlers 25 138177717371776 Client Error 400: 'WRONG' is not valid. Allowed: uploaded, processing, completed, failed | URL: /api/v1/documents/
[WARNING] 2026-06-17 15:06:00,661 error_handlers 25 138177717371776 Client Error 400: No file provided. Please attach a PDF file using the 'file' field. | URL: /api/v1/documents/upload/
[WARNING] 2026-06-17 15:06:00,731 error_handlers 25 138177717371776 Client Error 404: No Document matches the given query. | URL: /api/v1/nlp/documents/99999/
[WARNING] 2026-06-17 15:06:00,750 error_handlers 25 138177717371776 Client Error 409: Document 'completed_test.pdf' has already been processed and marked as completed. Use PATCH /api/v1/documents/644/update-status/ to make changes. | URL: /api/v1/nlp/documents/644/process/
[WARNING] 2026-06-17 15:06:00,763 error_handlers 25 138177717371776 Client Error 400: 'INVALID' is not valid. Allowed: uploaded, processing, completed, failed | URL: /api/v1/nlp/documents/645/process/
[WARNING] 2026-06-17 15:06:00,781 error_handlers 25 138177717371776 Client Error 404: No Document matches the given query. | URL: /api/v1/nlp/documents/99999/process/
[WARNING] 2026-06-17 15:06:00,820 error_handlers 25 138177717371776 Client Error 404: No Document matches the given query. | URL: /api/v1/nlp/documents/99999/results/
[WARNING] 2026-06-17 15:06:00,844 error_handlers 25 138177717371776 Client Error 400: 'WRONG' is not valid. Allowed: uploaded, processing, completed, failed | URL: /api/v1/nlp/documents/655/status/
[WARNING] 2026-06-17 15:06:00,855 error_handlers 25 138177717371776 Client Error 404: No Document matches the given query. | URL: /api/v1/nlp/documents/99999/status/
[WARNING] 2026-06-17 15:06:00,893 error_handlers 25 138177717371776 Client Error 404: No Document matches the given query. | URL: /api/v1/documents/99999/risks/
[WARNING] 2026-06-17 15:06:00,922 error_handlers 25 138177717371776 Client Error 405: Method "POST" not allowed. | URL: /api/v1/documents/665/risks/
[WARNING] 2026-06-17 15:06:00,942 error_handlers 25 138177717371776 Client Error 405: Method "POST" not allowed. | URL: /api/v1/documents/667/risks/
[WARNING] 2026-06-17 15:06:00,966 error_handlers 25 138177717371776 Client Error 405: Method "POST" not allowed. | URL: /api/v1/documents/669/risks/
[WARNING] 2026-06-17 15:06:00,982 error_handlers 25 138177717371776 Client Error 405: Method "POST" not allowed. | URL: /api/v1/documents/671/risks/
[WARNING] 2026-06-17 15:06:00,998 error_handlers 25 138177717371776 Client Error 405: Method "POST" not allowed. | URL: /api/v1/documents/99999/risks/
[WARNING] 2026-06-17 15:06:01,034 error_handlers 25 138177717371776 Client Error 405: Method "POST" not allowed. | URL: /api/v1/documents/675/risks/
[WARNING] 2026-06-17 15:06:01,064 error_handlers 25 138177717371776 Client Error 400: Request body is empty. Please provide the required data in the request body. | URL: /api/v1/documents/677/update-status/
[WARNING] 2026-06-17 15:06:01,091 error_handlers 25 138177717371776 Client Error 400: 'WRONG' is not valid. Allowed: uploaded, processing, completed, failed | URL: /api/v1/documents/681/update-status/
[WARNING] 2026-06-17 15:06:01,113 error_handlers 25 138177717371776 Client Error 404: No Document matches the given query. | URL: /api/v1/documents/99999/update-status/
[WARNING] 2026-06-17 15:06:01,345 error_handlers 25 138177717371776 Client Error 404: No Document matches the given query. | URL: /api/v1/documents/9999/
[WARNING] 2026-06-17 15:06:01,353 error_handlers 25 138177717371776 Client Error 404: No Document matches the given query. | URL: /api/v1/documents/0/
[WARNING] 2026-06-17 15:06:01,405 error_handlers 25 138177717371776 Client Error 400: 'WRONG' is not valid. Allowed: uploaded, processing, completed, failed | URL: /api/v1/documents/
[WARNING] 2026-06-17 15:06:01,434 error_handlers 25 138177717371776 Client Error 400: 'WRONG' is not valid. Allowed: uploaded, processing, completed, failed | URL: /api/v1/documents/
[WARNING] 2026-06-17 15:06:01,640 error_handlers 25 138177717371776 Client Error 400: Request body is empty. Please provide the required data in the request body. | URL: /api/v1/documents/727/update-status/
[WARNING] 2026-06-17 15:06:01,677 error_handlers 25 138177717371776 Client Error 400: 'INVALID_STATUS' is not valid. Allowed: uploaded, processing, completed, failed | URL: /api/v1/documents/729/update-status/
[WARNING] 2026-06-17 15:06:01,705 error_handlers 25 138177717371776 Client Error 404: No Document matches the given query. | URL: /api/v1/documents/9999/update-status/
[WARNING] 2026-06-17 15:06:01,824 error_handlers 25 138177717371776 Client Error 404: No Document matches the given query. | URL: /api/v1/documents/9999/summary/
[WARNING] 2026-06-17 15:06:01,923 error_handlers 25 138177717371776 Client Error 400: No file provided. Please attach a PDF file using the 'file' field. | URL: /api/v1/documents/upload/
[WARNING] 2026-06-17 15:06:01,931 error_handlers 25 138177717371776 Client Error 400: No file provided. Please attach a PDF file using the 'file' field. | URL: /api/v1/documents/upload/
[WARNING] 2026-06-17 15:06:01,941 error_handlers 25 138177717371776 Client Error 400: 'test.txt' is not allowed. Only PDF files (.pdf) are accepted. | URL: /api/v1/documents/upload/
[WARNING] 2026-06-17 15:06:01,989 error_handlers 25 138177717371776 Client Error 400: 'test.txt' is not allowed. Only PDF files (.pdf) are accepted. | URL: /api/v1/documents/upload/
[WARNING] 2026-06-17 15:06:02,149 error_handlers 25 138177717371776 Client Error 404: No Document matches the given query. | URL: /api/v1/documents/9999/clauses/
[WARNING] 2026-06-17 15:06:02,254 error_handlers 25 138177717371776 Client Error 404: No Document matches the given query. | URL: /api/v1/documents/9999/clauses/
[WARNING] 2026-06-17 15:06:02,290 error_handlers 25 138177717371776 Client Error 400: Request body is empty. Please provide the required data in the request body. | URL: /api/v1/documents/782/clauses/
[WARNING] 2026-06-17 15:06:02,470 error_handlers 25 138177717371776 Client Error 404: No Document matches the given query. | URL: /api/v1/documents/9999/risks/
[WARNING] 2026-06-17 15:06:02,499 error_handlers 25 138177717371776 Client Error 405: Method "POST" not allowed. | URL: /api/v1/documents/801/risks/
[WARNING] 2026-06-17 15:06:02,513 error_handlers 25 138177717371776 Client Error 405: Method "POST" not allowed. | URL: /api/v1/documents/802/risks/
[WARNING] 2026-06-17 15:06:02,524 error_handlers 25 138177717371776 Client Error 405: Method "POST" not allowed. | URL: /api/v1/documents/803/risks/
[WARNING] 2026-06-17 15:06:02,540 error_handlers 25 138177717371776 Client Error 405: Method "POST" not allowed. | URL: /api/v1/documents/804/risks/
[WARNING] 2026-06-17 15:06:02,550 error_handlers 25 138177717371776 Client Error 405: Method "POST" not allowed. | URL: /api/v1/documents/805/risks/
[WARNING] 2026-06-17 15:06:02,560 error_handlers 25 138177717371776 Client Error 405: Method "POST" not allowed. | URL: /api/v1/documents/806/risks/
[WARNING] 2026-06-17 15:06:02,568 error_handlers 25 138177717371776 Client Error 405: Method "POST" not allowed. | URL: /api/v1/documents/807/risks/
[WARNING] 2026-06-17 15:06:02,580 error_handlers 25 138177717371776 Client Error 405: Method "POST" not allowed. | URL: /api/v1/documents/808/risks/
[WARNING] 2026-06-17 15:06:02,589 error_handlers 25 138177717371776 Client Error 405: Method "POST" not allowed. | URL: /api/v1/documents/9999/risks/
[WARNING] 2026-06-17 15:06:02,601 error_handlers 25 138177717371776 Client Error 405: Method "POST" not allowed. | URL: /api/v1/documents/810/risks/
[WARNING] 2026-06-17 15:06:02,613 error_handlers 25 138177717371776 Client Error 405: Method "POST" not allowed. | URL: /api/v1/documents/811/risks/
[WARNING] 2026-06-17 15:06:03,297 error_handlers 25 138177717371776 Client Error 409: Document 'integration_test_6IACTWL.pdf' has already been processed and marked as completed. Use PATCH /api/v1/documents/842/update-status/ to make changes. | URL: /api/v1/nlp/documents/842/process/
[WARNING] 2026-06-18 05:43:57,600 error_handlers 13 127475433603968 Client Error 404: Invalid page. | URL: /api/v1/documents/
[WARNING] 2026-06-18 05:43:57,674 error_handlers 13 127475433603968 Client Error 400: 'contract.docx' is not allowed. Only PDF files (.pdf) are accepted. | URL: /api/v1/documents/upload/
[WARNING] 2026-06-18 05:43:57,684 error_handlers 13 127475433603968 Client Error 400: File is empty (0 bytes). Please upload a valid PDF with content. | URL: /api/v1/documents/upload/
[WARNING] 2026-06-18 05:43:57,741 error_handlers 13 127475433603968 Client Error 400: 'scan.jpg' is not allowed. Only PDF files (.pdf) are accepted. | URL: /api/v1/documents/upload/
[WARNING] 2026-06-18 05:43:57,753 error_handlers 13 127475433603968 Client Error 400: No file provided. Please attach a PDF file using the 'file' field. | URL: /api/v1/documents/upload/
[WARNING] 2026-06-18 05:43:57,825 error_handlers 13 127475433603968 Client Error 400: 'WRONG' is not valid. Allowed: uploaded, processing, completed, failed | URL: /api/v1/nlp/documents/183/process/
[WARNING] 2026-06-18 05:43:58,173 error_handlers 13 127475433603968 Client Error 404: No Document matches the given query. | URL: /api/v1/documents/99999/update-status/
[WARNING] 2026-06-18 05:43:58,197 error_handlers 13 127475433603968 Client Error 400: 'COMPLETED' is not valid. Allowed: uploaded, processing, completed, failed | URL: /api/v1/documents/350/update-status/
[WARNING] 2026-06-18 05:43:59,133 error_handlers 13 127475433603968 Client Error 404: No Document matches the given query. | URL: /api/v1/nlp/documents/9999/
[WARNING] 2026-06-18 05:43:59,269 error_handlers 13 127475433603968 Client Error 404: No Document matches the given query. | URL: /api/v1/nlp/documents/9999/process/
[WARNING] 2026-06-18 05:43:59,278 error_handlers 13 127475433603968 Client Error 409: Document 'nlp_test.pdf' has already been processed and marked as completed. Use PATCH /api/v1/documents/420/update-status/ to make changes. | URL: /api/v1/nlp/documents/420/process/
[WARNING] 2026-06-18 05:43:59,437 error_handlers 13 127475433603968 Client Error 404: No Document matches the given query. | URL: /api/v1/nlp/documents/9999/results/
[WARNING] 2026-06-18 05:43:59,487 error_handlers 13 127475433603968 Client Error 400: Request body is empty. Please provide the required data in the request body. | URL: /api/v1/nlp/documents/438/status/
[WARNING] 2026-06-18 05:43:59,495 error_handlers 13 127475433603968 Client Error 400: 'INVALID' is not valid. Allowed: uploaded, processing, completed, failed | URL: /api/v1/nlp/documents/439/status/
[WARNING] 2026-06-18 05:43:59,511 error_handlers 13 127475433603968 Client Error 404: No Document matches the given query. | URL: /api/v1/nlp/documents/9999/status/
[WARNING] 2026-06-18 05:44:00,151 error_handlers 13 127475433603968 Client Error 404: No Document matches the given query. | URL: /api/v1/documents/99999/clauses/
[WARNING] 2026-06-18 05:44:00,199 error_handlers 13 127475433603968 Client Error 404: No Document matches the given query. | URL: /api/v1/documents/99999/clauses/
[WARNING] 2026-06-18 05:44:00,209 error_handlers 13 127475433603968 Client Error 400: Request body is empty. Please provide the required data in the request body. | URL: /api/v1/documents/585/clauses/
[WARNING] 2026-06-18 05:44:00,293 error_handlers 13 127475433603968 Client Error 404: No Document matches the given query. | URL: /api/v1/documents/99999/
[WARNING] 2026-06-18 05:44:00,305 error_handlers 13 127475433603968 Client Error 404: No Document matches the given query. | URL: /api/v1/documents/99999/summary/
[WARNING] 2026-06-18 05:44:00,379 error_handlers 13 127475433603968 Client Error 400: 'INVALID' is not valid. Allowed: uploaded, processing, completed, failed | URL: /api/v1/documents/
[WARNING] 2026-06-18 05:44:00,421 error_handlers 13 127475433603968 Client Error 400: File is empty (0 bytes). Please upload a valid PDF with content. | URL: /api/v1/documents/upload/
[WARNING] 2026-06-18 05:44:00,431 error_handlers 13 127475433603968 Client Error 400: No file provided. Please attach a PDF file using the 'file' field. | URL: /api/v1/documents/upload/
[WARNING] 2026-06-18 05:44:00,442 error_handlers 13 127475433603968 Client Error 400: No file provided. Please attach a PDF file using the 'file' field. | URL: /api/v1/documents/upload/
[WARNING] 2026-06-18 05:44:00,454 error_handlers 13 127475433603968 Client Error 400: 'test.txt' is not allowed. Only PDF files (.pdf) are accepted. | URL: /api/v1/documents/upload/
[WARNING] 2026-06-18 05:44:00,516 error_handlers 13 127475433603968 Client Error 404: No Document matches the given query. | URL: /api/v1/documents/99999/
[WARNING] 2026-06-18 05:44:00,528 error_handlers 13 127475433603968 Client Error 404: No Document matches the given query. | URL: /api/v1/documents/99999/
[WARNING] 2026-06-18 05:44:00,531 error_handlers 13 127475433603968 Client Error 400: No file provided. Please attach a PDF file using the 'file' field. | URL: /api/v1/documents/upload/
[WARNING] 2026-06-18 05:44:00,533 error_handlers 13 127475433603968 Client Error 400: 'INVALID' is not valid. Allowed: uploaded, processing, completed, failed | URL: /api/v1/documents/
[WARNING] 2026-06-18 05:44:00,542 error_handlers 13 127475433603968 Client Error 404: No Document matches the given query. | URL: /api/v1/documents/99999/
[WARNING] 2026-06-18 05:44:00,548 error_handlers 13 127475433603968 Client Error 400: No file provided. Please attach a PDF file using the 'file' field. | URL: /api/v1/documents/upload/
[WARNING] 2026-06-18 05:44:00,557 error_handlers 13 127475433603968 Client Error 404: No Document matches the given query. | URL: /api/v1/documents/99999/
[WARNING] 2026-06-18 05:44:00,560 error_handlers 13 127475433603968 Client Error 400: No file provided. Please attach a PDF file using the 'file' field. | URL: /api/v1/documents/upload/
[WARNING] 2026-06-18 05:44:00,565 error_handlers 13 127475433603968 Client Error 400: 'INVALID' is not valid. Allowed: uploaded, processing, completed, failed | URL: /api/v1/documents/
[WARNING] 2026-06-18 05:44:00,576 error_handlers 13 127475433603968 Client Error 400: 'WRONG' is not valid. Allowed: uploaded, processing, completed, failed | URL: /api/v1/documents/
[WARNING] 2026-06-18 05:44:00,585 error_handlers 13 127475433603968 Client Error 400: No file provided. Please attach a PDF file using the 'file' field. | URL: /api/v1/documents/upload/
[WARNING] 2026-06-18 05:44:00,650 error_handlers 13 127475433603968 Client Error 404: No Document matches the given query. | URL: /api/v1/nlp/documents/99999/
[WARNING] 2026-06-18 05:44:00,669 error_handlers 13 127475433603968 Client Error 409: Document 'completed_test.pdf' has already been processed and marked as completed. Use PATCH /api/v1/documents/644/update-status/ to make changes. | URL: /api/v1/nlp/documents/644/process/
[WARNING] 2026-06-18 05:44:00,679 error_handlers 13 127475433603968 Client Error 400: 'INVALID' is not valid. Allowed: uploaded, processing, completed, failed | URL: /api/v1/nlp/documents/645/process/
[WARNING] 2026-06-18 05:44:00,691 error_handlers 13 127475433603968 Client Error 404: No Document matches the given query. | URL: /api/v1/nlp/documents/99999/process/
[WARNING] 2026-06-18 05:44:00,717 error_handlers 13 127475433603968 Client Error 404: No Document matches the given query. | URL: /api/v1/nlp/documents/99999/results/
[WARNING] 2026-06-18 05:44:00,741 error_handlers 13 127475433603968 Client Error 400: 'WRONG' is not valid. Allowed: uploaded, processing, completed, failed | URL: /api/v1/nlp/documents/655/status/
[WARNING] 2026-06-18 05:44:00,750 error_handlers 13 127475433603968 Client Error 404: No Document matches the given query. | URL: /api/v1/nlp/documents/99999/status/
[WARNING] 2026-06-18 05:44:00,789 error_handlers 13 127475433603968 Client Error 404: No Document matches the given query. | URL: /api/v1/documents/99999/risks/
[WARNING] 2026-06-18 05:44:00,831 error_handlers 13 127475433603968 Client Error 400: Request body is empty. Please provide the required data in the request body. | URL: /api/v1/documents/667/risks/
[WARNING] 2026-06-18 05:44:00,875 error_handlers 13 127475433603968 Client Error 404: No Document matches the given query. | URL: /api/v1/documents/99999/risks/
[WARNING] 2026-06-18 05:44:00,932 error_handlers 13 127475433603968 Client Error 400: Request body is empty. Please provide the required data in the request body. | URL: /api/v1/documents/677/update-status/
[WARNING] 2026-06-18 05:44:00,956 error_handlers 13 127475433603968 Client Error 400: 'WRONG' is not valid. Allowed: uploaded, processing, completed, failed | URL: /api/v1/documents/681/update-status/
[WARNING] 2026-06-18 05:44:00,993 error_handlers 13 127475433603968 Client Error 404: No Document matches the given query. | URL: /api/v1/documents/99999/update-status/
[WARNING] 2026-06-18 05:44:01,232 error_handlers 13 127475433603968 Client Error 404: No Document matches the given query. | URL: /api/v1/documents/9999/
[WARNING] 2026-06-18 05:44:01,241 error_handlers 13 127475433603968 Client Error 404: No Document matches the given query. | URL: /api/v1/documents/0/
[WARNING] 2026-06-18 05:44:01,281 error_handlers 13 127475433603968 Client Error 400: 'WRONG' is not valid. Allowed: uploaded, processing, completed, failed | URL: /api/v1/documents/
[WARNING] 2026-06-18 05:44:01,309 error_handlers 13 127475433603968 Client Error 400: 'WRONG' is not valid. Allowed: uploaded, processing, completed, failed | URL: /api/v1/documents/
[WARNING] 2026-06-18 05:44:01,451 error_handlers 13 127475433603968 Client Error 400: Request body is empty. Please provide the required data in the request body. | URL: /api/v1/documents/727/update-status/
[WARNING] 2026-06-18 05:44:01,469 error_handlers 13 127475433603968 Client Error 400: 'INVALID_STATUS' is not valid. Allowed: uploaded, processing, completed, failed | URL: /api/v1/documents/729/update-status/
[WARNING] 2026-06-18 05:44:01,486 error_handlers 13 127475433603968 Client Error 404: No Document matches the given query. | URL: /api/v1/documents/9999/update-status/
[WARNING] 2026-06-18 05:44:01,599 error_handlers 13 127475433603968 Client Error 404: No Document matches the given query. | URL: /api/v1/documents/9999/summary/
[WARNING] 2026-06-18 05:44:01,744 error_handlers 13 127475433603968 Client Error 400: No file provided. Please attach a PDF file using the 'file' field. | URL: /api/v1/documents/upload/
[WARNING] 2026-06-18 05:44:01,753 error_handlers 13 127475433603968 Client Error 400: No file provided. Please attach a PDF file using the 'file' field. | URL: /api/v1/documents/upload/
[WARNING] 2026-06-18 05:44:01,762 error_handlers 13 127475433603968 Client Error 400: 'test.txt' is not allowed. Only PDF files (.pdf) are accepted. | URL: /api/v1/documents/upload/
[WARNING] 2026-06-18 05:44:01,773 error_handlers 13 127475433603968 Client Error 400: 'test.txt' is not allowed. Only PDF files (.pdf) are accepted. | URL: /api/v1/documents/upload/
[WARNING] 2026-06-18 05:44:01,938 error_handlers 13 127475433603968 Client Error 404: No Document matches the given query. | URL: /api/v1/documents/9999/clauses/
[WARNING] 2026-06-18 05:44:02,029 error_handlers 13 127475433603968 Client Error 404: No Document matches the given query. | URL: /api/v1/documents/9999/clauses/
[WARNING] 2026-06-18 05:44:02,054 error_handlers 13 127475433603968 Client Error 400: Request body is empty. Please provide the required data in the request body. | URL: /api/v1/documents/782/clauses/
[WARNING] 2026-06-18 05:44:02,205 error_handlers 13 127475433603968 Client Error 404: No Document matches the given query. | URL: /api/v1/documents/9999/risks/
[WARNING] 2026-06-18 05:44:02,257 error_handlers 13 127475433603968 Client Error 400: Request body is empty. Please provide the required data in the request body. | URL: /api/v1/documents/803/risks/
[WARNING] 2026-06-18 05:44:02,312 error_handlers 13 127475433603968 Client Error 404: No Document matches the given query. | URL: /api/v1/documents/9999/risks/
[WARNING] 2026-06-18 05:44:02,798 error_handlers 13 127475433603968 Client Error 409: Document 'integration_test_inqpaNa.pdf' has already been processed and marked as completed. Use PATCH /api/v1/documents/842/update-status/ to make changes. | URL: /api/v1/nlp/documents/842/process/
[WARNING] 2026-06-18 05:48:54,278 error_handlers 10 127129303798656 Client Error 404: Invalid page. | URL: /api/v1/documents/
[WARNING] 2026-06-18 05:48:54,474 error_handlers 10 127129303798656 Client Error 400: 'contract.docx' is not allowed. Only PDF files (.pdf) are accepted. | URL: /api/v1/documents/upload/
[WARNING] 2026-06-18 05:48:54,492 error_handlers 10 127129303798656 Client Error 400: File is empty (0 bytes). Please upload a valid PDF with content. | URL: /api/v1/documents/upload/
[WARNING] 2026-06-18 05:48:54,623 error_handlers 10 127129303798656 Client Error 400: 'scan.jpg' is not allowed. Only PDF files (.pdf) are accepted. | URL: /api/v1/documents/upload/
[WARNING] 2026-06-18 05:48:54,638 error_handlers 10 127129303798656 Client Error 400: No file provided. Please attach a PDF file using the 'file' field. | URL: /api/v1/documents/upload/
[WARNING] 2026-06-18 05:48:54,800 error_handlers 10 127129303798656 Client Error 400: 'WRONG' is not valid. Allowed: uploaded, processing, completed, failed | URL: /api/v1/nlp/documents/183/process/
[WARNING] 2026-06-18 05:48:55,886 error_handlers 10 127129303798656 Client Error 404: No Document matches the given query. | URL: /api/v1/documents/99999/update-status/
[WARNING] 2026-06-18 05:48:55,942 error_handlers 10 127129303798656 Client Error 400: 'COMPLETED' is not valid. Allowed: uploaded, processing, completed, failed | URL: /api/v1/documents/350/update-status/
[WARNING] 2026-06-18 05:48:58,144 error_handlers 10 127129303798656 Client Error 404: No Document matches the given query. | URL: /api/v1/nlp/documents/9999/
[WARNING] 2026-06-18 05:48:58,527 error_handlers 10 127129303798656 Client Error 404: No Document matches the given query. | URL: /api/v1/nlp/documents/9999/process/
[WARNING] 2026-06-18 05:48:58,546 error_handlers 10 127129303798656 Client Error 409: Document 'nlp_test.pdf' has already been processed and marked as completed. Use PATCH /api/v1/documents/420/update-status/ to make changes. | URL: /api/v1/nlp/documents/420/process/
[WARNING] 2026-06-18 05:48:59,063 error_handlers 10 127129303798656 Client Error 404: No Document matches the given query. | URL: /api/v1/nlp/documents/9999/results/
[WARNING] 2026-06-18 05:48:59,188 error_handlers 10 127129303798656 Client Error 400: Request body is empty. Please provide the required data in the request body. | URL: /api/v1/nlp/documents/438/status/
[WARNING] 2026-06-18 05:48:59,207 error_handlers 10 127129303798656 Client Error 400: 'INVALID' is not valid. Allowed: uploaded, processing, completed, failed | URL: /api/v1/nlp/documents/439/status/
[WARNING] 2026-06-18 05:48:59,254 error_handlers 10 127129303798656 Client Error 404: No Document matches the given query. | URL: /api/v1/nlp/documents/9999/status/
[WARNING] 2026-06-18 05:49:01,213 error_handlers 10 127129303798656 Client Error 404: No Document matches the given query. | URL: /api/v1/documents/99999/clauses/
[WARNING] 2026-06-18 05:49:01,346 error_handlers 10 127129303798656 Client Error 404: No Document matches the given query. | URL: /api/v1/documents/99999/clauses/
[WARNING] 2026-06-18 05:49:01,378 error_handlers 10 127129303798656 Client Error 400: Request body is empty. Please provide the required data in the request body. | URL: /api/v1/documents/585/clauses/
[WARNING] 2026-06-18 05:49:01,576 error_handlers 10 127129303798656 Client Error 404: No Document matches the given query. | URL: /api/v1/documents/99999/
[WARNING] 2026-06-18 05:49:01,594 error_handlers 10 127129303798656 Client Error 404: No Document matches the given query. | URL: /api/v1/documents/99999/summary/
[WARNING] 2026-06-18 05:49:01,731 error_handlers 10 127129303798656 Client Error 400: 'INVALID' is not valid. Allowed: uploaded, processing, completed, failed | URL: /api/v1/documents/
[WARNING] 2026-06-18 05:49:01,836 error_handlers 10 127129303798656 Client Error 400: File is empty (0 bytes). Please upload a valid PDF with content. | URL: /api/v1/documents/upload/
[WARNING] 2026-06-18 05:49:01,861 error_handlers 10 127129303798656 Client Error 400: No file provided. Please attach a PDF file using the 'file' field. | URL: /api/v1/documents/upload/
[WARNING] 2026-06-18 05:49:01,890 error_handlers 10 127129303798656 Client Error 400: No file provided. Please attach a PDF file using the 'file' field. | URL: /api/v1/documents/upload/
[WARNING] 2026-06-18 05:49:01,910 error_handlers 10 127129303798656 Client Error 400: 'test.txt' is not allowed. Only PDF files (.pdf) are accepted. | URL: /api/v1/documents/upload/
[WARNING] 2026-06-18 05:49:02,026 error_handlers 10 127129303798656 Client Error 404: No Document matches the given query. | URL: /api/v1/documents/99999/
[WARNING] 2026-06-18 05:49:02,045 error_handlers 10 127129303798656 Client Error 404: No Document matches the given query. | URL: /api/v1/documents/99999/
[WARNING] 2026-06-18 05:49:02,051 error_handlers 10 127129303798656 Client Error 400: No file provided. Please attach a PDF file using the 'file' field. | URL: /api/v1/documents/upload/
[WARNING] 2026-06-18 05:49:02,060 error_handlers 10 127129303798656 Client Error 400: 'INVALID' is not valid. Allowed: uploaded, processing, completed, failed | URL: /api/v1/documents/
[WARNING] 2026-06-18 05:49:02,083 error_handlers 10 127129303798656 Client Error 404: No Document matches the given query. | URL: /api/v1/documents/99999/
[WARNING] 2026-06-18 05:49:02,090 error_handlers 10 127129303798656 Client Error 400: No file provided. Please attach a PDF file using the 'file' field. | URL: /api/v1/documents/upload/
[WARNING] 2026-06-18 05:49:02,111 error_handlers 10 127129303798656 Client Error 404: No Document matches the given query. | URL: /api/v1/documents/99999/
[WARNING] 2026-06-18 05:49:02,119 error_handlers 10 127129303798656 Client Error 400: No file provided. Please attach a PDF file using the 'file' field. | URL: /api/v1/documents/upload/
[WARNING] 2026-06-18 05:49:02,125 error_handlers 10 127129303798656 Client Error 400: 'INVALID' is not valid. Allowed: uploaded, processing, completed, failed | URL: /api/v1/documents/
[WARNING] 2026-06-18 05:49:02,143 error_handlers 10 127129303798656 Client Error 400: 'WRONG' is not valid. Allowed: uploaded, processing, completed, failed | URL: /api/v1/documents/
[WARNING] 2026-06-18 05:49:02,173 error_handlers 10 127129303798656 Client Error 400: No file provided. Please attach a PDF file using the 'file' field. | URL: /api/v1/documents/upload/
[WARNING] 2026-06-18 05:49:02,307 error_handlers 10 127129303798656 Client Error 404: No Document matches the given query. | URL: /api/v1/nlp/documents/99999/
[WARNING] 2026-06-18 05:49:02,354 error_handlers 10 127129303798656 Client Error 409: Document 'completed_test.pdf' has already been processed and marked as completed. Use PATCH /api/v1/documents/644/update-status/ to make changes. | URL: /api/v1/nlp/documents/644/process/
[WARNING] 2026-06-18 05:49:02,377 error_handlers 10 127129303798656 Client Error 400: 'INVALID' is not valid. Allowed: uploaded, processing, completed, failed | URL: /api/v1/nlp/documents/645/process/
[WARNING] 2026-06-18 05:49:02,404 error_handlers 10 127129303798656 Client Error 404: No Document matches the given query. | URL: /api/v1/nlp/documents/99999/process/
[WARNING] 2026-06-18 05:49:02,460 error_handlers 10 127129303798656 Client Error 404: No Document matches the given query. | URL: /api/v1/nlp/documents/99999/results/
[WARNING] 2026-06-18 05:49:02,520 error_handlers 10 127129303798656 Client Error 400: 'WRONG' is not valid. Allowed: uploaded, processing, completed, failed | URL: /api/v1/nlp/documents/655/status/
[WARNING] 2026-06-18 05:49:02,547 error_handlers 10 127129303798656 Client Error 404: No Document matches the given query. | URL: /api/v1/nlp/documents/99999/status/
[WARNING] 2026-06-18 05:49:02,635 error_handlers 10 127129303798656 Client Error 404: No Document matches the given query. | URL: /api/v1/documents/99999/risks/
[WARNING] 2026-06-18 05:49:02,709 error_handlers 10 127129303798656 Client Error 400: Request body is empty. Please provide the required data in the request body. | URL: /api/v1/documents/667/risks/
[WARNING] 2026-06-18 05:49:02,779 error_handlers 10 127129303798656 Client Error 404: No Document matches the given query. | URL: /api/v1/documents/99999/risks/
[WARNING] 2026-06-18 05:49:02,872 error_handlers 10 127129303798656 Client Error 400: Request body is empty. Please provide the required data in the request body. | URL: /api/v1/documents/677/update-status/
[WARNING] 2026-06-18 05:49:02,935 error_handlers 10 127129303798656 Client Error 400: 'WRONG' is not valid. Allowed: uploaded, processing, completed, failed | URL: /api/v1/documents/681/update-status/
[WARNING] 2026-06-18 05:49:02,988 error_handlers 10 127129303798656 Client Error 404: No Document matches the given query. | URL: /api/v1/documents/99999/update-status/
[WARNING] 2026-06-18 05:49:03,603 error_handlers 10 127129303798656 Client Error 404: No Document matches the given query. | URL: /api/v1/documents/9999/
[WARNING] 2026-06-18 05:49:03,623 error_handlers 10 127129303798656 Client Error 404: No Document matches the given query. | URL: /api/v1/documents/0/
[WARNING] 2026-06-18 05:49:03,748 error_handlers 10 127129303798656 Client Error 400: 'WRONG' is not valid. Allowed: uploaded, processing, completed, failed | URL: /api/v1/documents/
[WARNING] 2026-06-18 05:49:03,827 error_handlers 10 127129303798656 Client Error 400: 'WRONG' is not valid. Allowed: uploaded, processing, completed, failed | URL: /api/v1/documents/
[WARNING] 2026-06-18 05:49:04,212 error_handlers 10 127129303798656 Client Error 400: Request body is empty. Please provide the required data in the request body. | URL: /api/v1/documents/727/update-status/
[WARNING] 2026-06-18 05:49:04,259 error_handlers 10 127129303798656 Client Error 400: 'INVALID_STATUS' is not valid. Allowed: uploaded, processing, completed, failed | URL: /api/v1/documents/729/update-status/
[WARNING] 2026-06-18 05:49:04,300 error_handlers 10 127129303798656 Client Error 404: No Document matches the given query. | URL: /api/v1/documents/9999/update-status/
[WARNING] 2026-06-18 05:49:04,611 error_handlers 10 127129303798656 Client Error 404: No Document matches the given query. | URL: /api/v1/documents/9999/summary/
[WARNING] 2026-06-18 05:49:04,820 error_handlers 10 127129303798656 Client Error 400: No file provided. Please attach a PDF file using the 'file' field. | URL: /api/v1/documents/upload/
[WARNING] 2026-06-18 05:49:04,840 error_handlers 10 127129303798656 Client Error 400: No file provided. Please attach a PDF file using the 'file' field. | URL: /api/v1/documents/upload/
[WARNING] 2026-06-18 05:49:04,882 error_handlers 10 127129303798656 Client Error 400: 'test.txt' is not allowed. Only PDF files (.pdf) are accepted. | URL: /api/v1/documents/upload/
[WARNING] 2026-06-18 05:49:04,906 error_handlers 10 127129303798656 Client Error 400: 'test.txt' is not allowed. Only PDF files (.pdf) are accepted. | URL: /api/v1/documents/upload/
[WARNING] 2026-06-18 05:49:05,263 error_handlers 10 127129303798656 Client Error 404: No Document matches the given query. | URL: /api/v1/documents/9999/clauses/
[WARNING] 2026-06-18 05:49:05,493 error_handlers 10 127129303798656 Client Error 404: No Document matches the given query. | URL: /api/v1/documents/9999/clauses/
[WARNING] 2026-06-18 05:49:05,550 error_handlers 10 127129303798656 Client Error 400: Request body is empty. Please provide the required data in the request body. | URL: /api/v1/documents/782/clauses/
[WARNING] 2026-06-18 05:49:05,934 error_handlers 10 127129303798656 Client Error 404: No Document matches the given query. | URL: /api/v1/documents/9999/risks/
[WARNING] 2026-06-18 05:49:06,062 error_handlers 10 127129303798656 Client Error 400: Request body is empty. Please provide the required data in the request body. | URL: /api/v1/documents/803/risks/
[WARNING] 2026-06-18 05:49:06,211 error_handlers 10 127129303798656 Client Error 404: No Document matches the given query. | URL: /api/v1/documents/9999/risks/
[WARNING] 2026-06-18 05:49:07,636 error_handlers 10 127129303798656 Client Error 409: Document 'integration_test_P14JnEE.pdf' has already been processed and marked as completed. Use PATCH /api/v1/documents/842/update-status/ to make changes. | URL: /api/v1/nlp/documents/842/process/
[WARNING] 2026-06-18 05:52:56,668 error_handlers 13 129837945500544 Client Error 404: Invalid page. | URL: /api/v1/documents/
[WARNING] 2026-06-18 05:52:56,721 error_handlers 13 129837945500544 Client Error 400: 'contract.docx' is not allowed. Only PDF files (.pdf) are accepted. | URL: /api/v1/documents/upload/
[WARNING] 2026-06-18 05:52:56,725 error_handlers 13 129837945500544 Client Error 400: File is empty (0 bytes). Please upload a valid PDF with content. | URL: /api/v1/documents/upload/
[WARNING] 2026-06-18 05:52:56,774 error_handlers 13 129837945500544 Client Error 400: 'scan.jpg' is not allowed. Only PDF files (.pdf) are accepted. | URL: /api/v1/documents/upload/
[WARNING] 2026-06-18 05:52:56,780 error_handlers 13 129837945500544 Client Error 400: No file provided. Please attach a PDF file using the 'file' field. | URL: /api/v1/documents/upload/
[WARNING] 2026-06-18 05:52:56,824 error_handlers 13 129837945500544 Client Error 400: 'WRONG' is not valid. Allowed: uploaded, processing, completed, failed | URL: /api/v1/nlp/documents/183/process/
[WARNING] 2026-06-18 05:52:57,121 error_handlers 13 129837945500544 Client Error 404: No Document matches the given query. | URL: /api/v1/documents/99999/update-status/
[WARNING] 2026-06-18 05:52:57,135 error_handlers 13 129837945500544 Client Error 400: 'COMPLETED' is not valid. Allowed: uploaded, processing, completed, failed | URL: /api/v1/documents/350/update-status/
[WARNING] 2026-06-18 05:52:57,737 error_handlers 13 129837945500544 Client Error 404: No Document matches the given query. | URL: /api/v1/nlp/documents/9999/
[WARNING] 2026-06-18 05:52:57,853 error_handlers 13 129837945500544 Client Error 404: No Document matches the given query. | URL: /api/v1/nlp/documents/9999/process/
[WARNING] 2026-06-18 05:52:57,858 error_handlers 13 129837945500544 Client Error 409: Document 'nlp_test.pdf' has already been processed and marked as completed. Use PATCH /api/v1/documents/420/update-status/ to make changes. | URL: /api/v1/nlp/documents/420/process/
[WARNING] 2026-06-18 05:52:57,990 error_handlers 13 129837945500544 Client Error 404: No Document matches the given query. | URL: /api/v1/nlp/documents/9999/results/
[WARNING] 2026-06-18 05:52:58,030 error_handlers 13 129837945500544 Client Error 400: Request body is empty. Please provide the required data in the request body. | URL: /api/v1/nlp/documents/438/status/
[WARNING] 2026-06-18 05:52:58,037 error_handlers 13 129837945500544 Client Error 400: 'INVALID' is not valid. Allowed: uploaded, processing, completed, failed | URL: /api/v1/nlp/documents/439/status/
[WARNING] 2026-06-18 05:52:58,051 error_handlers 13 129837945500544 Client Error 404: No Document matches the given query. | URL: /api/v1/nlp/documents/9999/status/
[WARNING] 2026-06-18 05:52:58,478 error_handlers 13 129837945500544 Client Error 404: No Document matches the given query. | URL: /api/v1/documents/99999/clauses/
[WARNING] 2026-06-18 05:52:58,511 error_handlers 13 129837945500544 Client Error 404: No Document matches the given query. | URL: /api/v1/documents/99999/clauses/
[WARNING] 2026-06-18 05:52:58,520 error_handlers 13 129837945500544 Client Error 400: Request body is empty. Please provide the required data in the request body. | URL: /api/v1/documents/585/clauses/
[WARNING] 2026-06-18 05:52:58,573 error_handlers 13 129837945500544 Client Error 404: No Document matches the given query. | URL: /api/v1/documents/99999/
[WARNING] 2026-06-18 05:52:58,580 error_handlers 13 129837945500544 Client Error 404: No Document matches the given query. | URL: /api/v1/documents/99999/summary/
[WARNING] 2026-06-18 05:52:58,641 error_handlers 13 129837945500544 Client Error 400: 'INVALID' is not valid. Allowed: uploaded, processing, completed, failed | URL: /api/v1/documents/
[WARNING] 2026-06-18 05:52:58,689 error_handlers 13 129837945500544 Client Error 400: File is empty (0 bytes). Please upload a valid PDF with content. | URL: /api/v1/documents/upload/
[WARNING] 2026-06-18 05:52:58,698 error_handlers 13 129837945500544 Client Error 400: No file provided. Please attach a PDF file using the 'file' field. | URL: /api/v1/documents/upload/
[WARNING] 2026-06-18 05:52:58,704 error_handlers 13 129837945500544 Client Error 400: No file provided. Please attach a PDF file using the 'file' field. | URL: /api/v1/documents/upload/
[WARNING] 2026-06-18 05:52:58,709 error_handlers 13 129837945500544 Client Error 400: 'test.txt' is not allowed. Only PDF files (.pdf) are accepted. | URL: /api/v1/documents/upload/
[WARNING] 2026-06-18 05:52:58,750 error_handlers 13 129837945500544 Client Error 404: No Document matches the given query. | URL: /api/v1/documents/99999/
[WARNING] 2026-06-18 05:52:58,756 error_handlers 13 129837945500544 Client Error 404: No Document matches the given query. | URL: /api/v1/documents/99999/
[WARNING] 2026-06-18 05:52:58,758 error_handlers 13 129837945500544 Client Error 400: No file provided. Please attach a PDF file using the 'file' field. | URL: /api/v1/documents/upload/
[WARNING] 2026-06-18 05:52:58,761 error_handlers 13 129837945500544 Client Error 400: 'INVALID' is not valid. Allowed: uploaded, processing, completed, failed | URL: /api/v1/documents/
[WARNING] 2026-06-18 05:52:58,772 error_handlers 13 129837945500544 Client Error 404: No Document matches the given query. | URL: /api/v1/documents/99999/
[WARNING] 2026-06-18 05:52:58,774 error_handlers 13 129837945500544 Client Error 400: No file provided. Please attach a PDF file using the 'file' field. | URL: /api/v1/documents/upload/
[WARNING] 2026-06-18 05:52:58,782 error_handlers 13 129837945500544 Client Error 404: No Document matches the given query. | URL: /api/v1/documents/99999/
[WARNING] 2026-06-18 05:52:58,784 error_handlers 13 129837945500544 Client Error 400: No file provided. Please attach a PDF file using the 'file' field. | URL: /api/v1/documents/upload/
[WARNING] 2026-06-18 05:52:58,786 error_handlers 13 129837945500544 Client Error 400: 'INVALID' is not valid. Allowed: uploaded, processing, completed, failed | URL: /api/v1/documents/
[WARNING] 2026-06-18 05:52:58,791 error_handlers 13 129837945500544 Client Error 400: 'WRONG' is not valid. Allowed: uploaded, processing, completed, failed | URL: /api/v1/documents/
[WARNING] 2026-06-18 05:52:58,799 error_handlers 13 129837945500544 Client Error 400: No file provided. Please attach a PDF file using the 'file' field. | URL: /api/v1/documents/upload/
[WARNING] 2026-06-18 05:52:58,841 error_handlers 13 129837945500544 Client Error 404: No Document matches the given query. | URL: /api/v1/nlp/documents/99999/
[WARNING] 2026-06-18 05:52:58,858 error_handlers 13 129837945500544 Client Error 409: Document 'completed_test.pdf' has already been processed and marked as completed. Use PATCH /api/v1/documents/644/update-status/ to make changes. | URL: /api/v1/nlp/documents/644/process/
[WARNING] 2026-06-18 05:52:58,866 error_handlers 13 129837945500544 Client Error 400: 'INVALID' is not valid. Allowed: uploaded, processing, completed, failed | URL: /api/v1/nlp/documents/645/process/
[WARNING] 2026-06-18 05:52:58,874 error_handlers 13 129837945500544 Client Error 404: No Document matches the given query. | URL: /api/v1/nlp/documents/99999/process/
[WARNING] 2026-06-18 05:52:58,893 error_handlers 13 129837945500544 Client Error 404: No Document matches the given query. | URL: /api/v1/nlp/documents/99999/results/
[WARNING] 2026-06-18 05:52:58,913 error_handlers 13 129837945500544 Client Error 400: 'WRONG' is not valid. Allowed: uploaded, processing, completed, failed | URL: /api/v1/nlp/documents/655/status/
[WARNING] 2026-06-18 05:52:58,920 error_handlers 13 129837945500544 Client Error 404: No Document matches the given query. | URL: /api/v1/nlp/documents/99999/status/
[WARNING] 2026-06-18 05:52:58,941 error_handlers 13 129837945500544 Client Error 404: No Document matches the given query. | URL: /api/v1/documents/99999/risks/
[WARNING] 2026-06-18 05:52:58,970 error_handlers 13 129837945500544 Client Error 400: Request body is empty. Please provide the required data in the request body. | URL: /api/v1/documents/667/risks/
[WARNING] 2026-06-18 05:52:58,990 error_handlers 13 129837945500544 Client Error 404: No Document matches the given query. | URL: /api/v1/documents/99999/risks/
[WARNING] 2026-06-18 05:52:59,015 error_handlers 13 129837945500544 Client Error 400: Request body is empty. Please provide the required data in the request body. | URL: /api/v1/documents/677/update-status/
[WARNING] 2026-06-18 05:52:59,026 error_handlers 13 129837945500544 Client Error 400: 'WRONG' is not valid. Allowed: uploaded, processing, completed, failed | URL: /api/v1/documents/681/update-status/
[WARNING] 2026-06-18 05:52:59,040 error_handlers 13 129837945500544 Client Error 404: No Document matches the given query. | URL: /api/v1/documents/99999/update-status/
[WARNING] 2026-06-18 05:52:59,203 error_handlers 13 129837945500544 Client Error 404: No Document matches the given query. | URL: /api/v1/documents/9999/
[WARNING] 2026-06-18 05:52:59,208 error_handlers 13 129837945500544 Client Error 404: No Document matches the given query. | URL: /api/v1/documents/0/
[WARNING] 2026-06-18 05:52:59,244 error_handlers 13 129837945500544 Client Error 400: 'WRONG' is not valid. Allowed: uploaded, processing, completed, failed | URL: /api/v1/documents/
[WARNING] 2026-06-18 05:52:59,275 error_handlers 13 129837945500544 Client Error 400: 'WRONG' is not valid. Allowed: uploaded, processing, completed, failed | URL: /api/v1/documents/
[WARNING] 2026-06-18 05:52:59,413 error_handlers 13 129837945500544 Client Error 400: Request body is empty. Please provide the required data in the request body. | URL: /api/v1/documents/727/update-status/
[WARNING] 2026-06-18 05:52:59,425 error_handlers 13 129837945500544 Client Error 400: 'INVALID_STATUS' is not valid. Allowed: uploaded, processing, completed, failed | URL: /api/v1/documents/729/update-status/
[WARNING] 2026-06-18 05:52:59,440 error_handlers 13 129837945500544 Client Error 404: No Document matches the given query. | URL: /api/v1/documents/9999/update-status/
[WARNING] 2026-06-18 05:52:59,551 error_handlers 13 129837945500544 Client Error 404: No Document matches the given query. | URL: /api/v1/documents/9999/summary/
[WARNING] 2026-06-18 05:52:59,616 error_handlers 13 129837945500544 Client Error 400: No file provided. Please attach a PDF file using the 'file' field. | URL: /api/v1/documents/upload/
[WARNING] 2026-06-18 05:52:59,621 error_handlers 13 129837945500544 Client Error 400: No file provided. Please attach a PDF file using the 'file' field. | URL: /api/v1/documents/upload/
[WARNING] 2026-06-18 05:52:59,626 error_handlers 13 129837945500544 Client Error 400: 'test.txt' is not allowed. Only PDF files (.pdf) are accepted. | URL: /api/v1/documents/upload/
[WARNING] 2026-06-18 05:52:59,633 error_handlers 13 129837945500544 Client Error 400: 'test.txt' is not allowed. Only PDF files (.pdf) are accepted. | URL: /api/v1/documents/upload/
[WARNING] 2026-06-18 05:52:59,740 error_handlers 13 129837945500544 Client Error 404: No Document matches the given query. | URL: /api/v1/documents/9999/clauses/
[WARNING] 2026-06-18 05:52:59,828 error_handlers 13 129837945500544 Client Error 404: No Document matches the given query. | URL: /api/v1/documents/9999/clauses/
[WARNING] 2026-06-18 05:52:59,853 error_handlers 13 129837945500544 Client Error 400: Request body is empty. Please provide the required data in the request body. | URL: /api/v1/documents/782/clauses/
[WARNING] 2026-06-18 05:53:00,030 error_handlers 13 129837945500544 Client Error 404: No Document matches the given query. | URL: /api/v1/documents/9999/risks/
[WARNING] 2026-06-18 05:53:00,070 error_handlers 13 129837945500544 Client Error 400: Request body is empty. Please provide the required data in the request body. | URL: /api/v1/documents/803/risks/
[WARNING] 2026-06-18 05:53:00,115 error_handlers 13 129837945500544 Client Error 404: No Document matches the given query. | URL: /api/v1/documents/9999/risks/
[WARNING] 2026-06-18 05:53:00,524 error_handlers 13 129837945500544 Client Error 409: Document 'integration_test_2XDKutE.pdf' has already been processed and marked as completed. Use PATCH /api/v1/documents/842/update-status/ to make changes. | URL: /api/v1/nlp/documents/842/process/
[WARNING] 2026-06-18 06:26:57,565 error_handlers 10 138239275111296 Client Error 404: No Document matches the given query. | URL: /api/v1/documents/1/
[WARNING] 2026-06-18 06:27:11,195 error_handlers 10 138239275111296 Client Error 404: No Document matches the given query. | URL: /api/v1/documents/7/
[WARNING] 2026-06-18 07:52:18,201 error_handlers 19 124409287553920 Client Error 404: Invalid page. | URL: /api/v1/documents/
[WARNING] 2026-06-18 07:52:18,252 error_handlers 19 124409287553920 Client Error 400: 'contract.docx' is not allowed. Only PDF files (.pdf) are accepted. | URL: /api/v1/documents/upload/
[WARNING] 2026-06-18 07:52:18,260 error_handlers 19 124409287553920 Client Error 400: File is empty (0 bytes). Please upload a valid PDF with content. | URL: /api/v1/documents/upload/
[WARNING] 2026-06-18 07:52:18,301 error_handlers 19 124409287553920 Client Error 400: 'scan.jpg' is not allowed. Only PDF files (.pdf) are accepted. | URL: /api/v1/documents/upload/
[WARNING] 2026-06-18 07:52:18,305 error_handlers 19 124409287553920 Client Error 400: No file provided. Please attach a PDF file using the 'file' field. | URL: /api/v1/documents/upload/
[WARNING] 2026-06-18 07:52:18,347 error_handlers 19 124409287553920 Client Error 400: 'WRONG' is not valid. Allowed: uploaded, processing, completed, failed | URL: /api/v1/nlp/documents/183/process/
[WARNING] 2026-06-18 07:52:18,629 error_handlers 19 124409287553920 Client Error 404: No Document matches the given query. | URL: /api/v1/documents/99999/update-status/
[WARNING] 2026-06-18 07:52:18,641 error_handlers 19 124409287553920 Client Error 400: 'COMPLETED' is not valid. Allowed: uploaded, processing, completed, failed | URL: /api/v1/documents/350/update-status/
[WARNING] 2026-06-18 07:52:19,324 error_handlers 19 124409287553920 Client Error 404: No Document matches the given query. | URL: /api/v1/nlp/documents/9999/
[WARNING] 2026-06-18 07:52:19,467 error_handlers 19 124409287553920 Client Error 404: No Document matches the given query. | URL: /api/v1/nlp/documents/9999/process/
[WARNING] 2026-06-18 07:52:19,479 error_handlers 19 124409287553920 Client Error 409: Document 'nlp_test.pdf' has already been processed and marked as completed. Use PATCH /api/v1/documents/420/update-status/ to make changes. | URL: /api/v1/nlp/documents/420/process/
[WARNING] 2026-06-18 07:52:19,605 error_handlers 19 124409287553920 Client Error 404: No Document matches the given query. | URL: /api/v1/nlp/documents/9999/results/
[WARNING] 2026-06-18 07:52:19,641 error_handlers 19 124409287553920 Client Error 400: Request body is empty. Please provide the required data in the request body. | URL: /api/v1/nlp/documents/438/status/
[WARNING] 2026-06-18 07:52:19,649 error_handlers 19 124409287553920 Client Error 400: 'INVALID' is not valid. Allowed: uploaded, processing, completed, failed | URL: /api/v1/nlp/documents/439/status/
[WARNING] 2026-06-18 07:52:19,661 error_handlers 19 124409287553920 Client Error 404: No Document matches the given query. | URL: /api/v1/nlp/documents/9999/status/
[WARNING] 2026-06-18 07:52:20,102 error_handlers 19 124409287553920 Client Error 404: No Document matches the given query. | URL: /api/v1/documents/99999/clauses/
[WARNING] 2026-06-18 07:52:20,123 error_handlers 19 124409287553920 Client Error 404: No Document matches the given query. | URL: /api/v1/documents/99999/clauses/
[WARNING] 2026-06-18 07:52:20,128 error_handlers 19 124409287553920 Client Error 400: Request body is empty. Please provide the required data in the request body. | URL: /api/v1/documents/585/clauses/
[WARNING] 2026-06-18 07:52:20,172 error_handlers 19 124409287553920 Client Error 404: No Document matches the given query. | URL: /api/v1/documents/99999/
[WARNING] 2026-06-18 07:52:20,179 error_handlers 19 124409287553920 Client Error 404: No Document matches the given query. | URL: /api/v1/documents/99999/summary/
[WARNING] 2026-06-18 07:52:20,233 error_handlers 19 124409287553920 Client Error 400: 'INVALID' is not valid. Allowed: uploaded, processing, completed, failed | URL: /api/v1/documents/
[WARNING] 2026-06-18 07:52:20,268 error_handlers 19 124409287553920 Client Error 400: File is empty (0 bytes). Please upload a valid PDF with content. | URL: /api/v1/documents/upload/
[WARNING] 2026-06-18 07:52:20,274 error_handlers 19 124409287553920 Client Error 400: No file provided. Please attach a PDF file using the 'file' field. | URL: /api/v1/documents/upload/
[WARNING] 2026-06-18 07:52:20,284 error_handlers 19 124409287553920 Client Error 400: No file provided. Please attach a PDF file using the 'file' field. | URL: /api/v1/documents/upload/
[WARNING] 2026-06-18 07:52:20,290 error_handlers 19 124409287553920 Client Error 400: 'test.txt' is not allowed. Only PDF files (.pdf) are accepted. | URL: /api/v1/documents/upload/
[WARNING] 2026-06-18 07:52:20,328 error_handlers 19 124409287553920 Client Error 404: No Document matches the given query. | URL: /api/v1/documents/99999/
[WARNING] 2026-06-18 07:52:20,339 error_handlers 19 124409287553920 Client Error 404: No Document matches the given query. | URL: /api/v1/documents/99999/
[WARNING] 2026-06-18 07:52:20,341 error_handlers 19 124409287553920 Client Error 400: No file provided. Please attach a PDF file using the 'file' field. | URL: /api/v1/documents/upload/
[WARNING] 2026-06-18 07:52:20,343 error_handlers 19 124409287553920 Client Error 400: 'INVALID' is not valid. Allowed: uploaded, processing, completed, failed | URL: /api/v1/documents/
[WARNING] 2026-06-18 07:52:20,352 error_handlers 19 124409287553920 Client Error 404: No Document matches the given query. | URL: /api/v1/documents/99999/
[WARNING] 2026-06-18 07:52:20,354 error_handlers 19 124409287553920 Client Error 400: No file provided. Please attach a PDF file using the 'file' field. | URL: /api/v1/documents/upload/
[WARNING] 2026-06-18 07:52:20,361 error_handlers 19 124409287553920 Client Error 404: No Document matches the given query. | URL: /api/v1/documents/99999/
[WARNING] 2026-06-18 07:52:20,364 error_handlers 19 124409287553920 Client Error 400: No file provided. Please attach a PDF file using the 'file' field. | URL: /api/v1/documents/upload/
[WARNING] 2026-06-18 07:52:20,366 error_handlers 19 124409287553920 Client Error 400: 'INVALID' is not valid. Allowed: uploaded, processing, completed, failed | URL: /api/v1/documents/
[WARNING] 2026-06-18 07:52:20,372 error_handlers 19 124409287553920 Client Error 400: 'WRONG' is not valid. Allowed: uploaded, processing, completed, failed | URL: /api/v1/documents/
[WARNING] 2026-06-18 07:52:20,378 error_handlers 19 124409287553920 Client Error 400: No file provided. Please attach a PDF file using the 'file' field. | URL: /api/v1/documents/upload/
[WARNING] 2026-06-18 07:52:20,423 error_handlers 19 124409287553920 Client Error 404: No Document matches the given query. | URL: /api/v1/nlp/documents/99999/
[WARNING] 2026-06-18 07:52:20,437 error_handlers 19 124409287553920 Client Error 409: Document 'completed_test.pdf' has already been processed and marked as completed. Use PATCH /api/v1/documents/644/update-status/ to make changes. | URL: /api/v1/nlp/documents/644/process/
[WARNING] 2026-06-18 07:52:20,450 error_handlers 19 124409287553920 Client Error 400: 'INVALID' is not valid. Allowed: uploaded, processing, completed, failed | URL: /api/v1/nlp/documents/645/process/
[WARNING] 2026-06-18 07:52:20,458 error_handlers 19 124409287553920 Client Error 404: No Document matches the given query. | URL: /api/v1/nlp/documents/99999/process/
[WARNING] 2026-06-18 07:52:20,475 error_handlers 19 124409287553920 Client Error 404: No Document matches the given query. | URL: /api/v1/nlp/documents/99999/results/
[WARNING] 2026-06-18 07:52:20,491 error_handlers 19 124409287553920 Client Error 400: 'WRONG' is not valid. Allowed: uploaded, processing, completed, failed | URL: /api/v1/nlp/documents/655/status/
[WARNING] 2026-06-18 07:52:20,498 error_handlers 19 124409287553920 Client Error 404: No Document matches the given query. | URL: /api/v1/nlp/documents/99999/status/
[WARNING] 2026-06-18 07:52:20,518 error_handlers 19 124409287553920 Client Error 404: No Document matches the given query. | URL: /api/v1/documents/99999/risks/
[WARNING] 2026-06-18 07:52:20,539 error_handlers 19 124409287553920 Client Error 400: Request body is empty. Please provide the required data in the request body. | URL: /api/v1/documents/667/risks/
[WARNING] 2026-06-18 07:52:20,558 error_handlers 19 124409287553920 Client Error 404: No Document matches the given query. | URL: /api/v1/documents/99999/risks/
[WARNING] 2026-06-18 07:52:20,586 error_handlers 19 124409287553920 Client Error 400: Request body is empty. Please provide the required data in the request body. | URL: /api/v1/documents/677/update-status/
[WARNING] 2026-06-18 07:52:20,598 error_handlers 19 124409287553920 Client Error 400: 'WRONG' is not valid. Allowed: uploaded, processing, completed, failed | URL: /api/v1/documents/681/update-status/
[WARNING] 2026-06-18 07:52:20,608 error_handlers 19 124409287553920 Client Error 404: No Document matches the given query. | URL: /api/v1/documents/99999/update-status/
[WARNING] 2026-06-18 07:52:20,766 error_handlers 19 124409287553920 Client Error 404: No Document matches the given query. | URL: /api/v1/documents/9999/
[WARNING] 2026-06-18 07:52:20,772 error_handlers 19 124409287553920 Client Error 404: No Document matches the given query. | URL: /api/v1/documents/0/
[WARNING] 2026-06-18 07:52:20,804 error_handlers 19 124409287553920 Client Error 400: 'WRONG' is not valid. Allowed: uploaded, processing, completed, failed | URL: /api/v1/documents/
[WARNING] 2026-06-18 07:52:20,827 error_handlers 19 124409287553920 Client Error 400: 'WRONG' is not valid. Allowed: uploaded, processing, completed, failed | URL: /api/v1/documents/
[WARNING] 2026-06-18 07:52:20,960 error_handlers 19 124409287553920 Client Error 400: Request body is empty. Please provide the required data in the request body. | URL: /api/v1/documents/727/update-status/
[WARNING] 2026-06-18 07:52:20,975 error_handlers 19 124409287553920 Client Error 400: 'INVALID_STATUS' is not valid. Allowed: uploaded, processing, completed, failed | URL: /api/v1/documents/729/update-status/
[WARNING] 2026-06-18 07:52:20,988 error_handlers 19 124409287553920 Client Error 404: No Document matches the given query. | URL: /api/v1/documents/9999/update-status/
[WARNING] 2026-06-18 07:52:21,110 error_handlers 19 124409287553920 Client Error 404: No Document matches the given query. | URL: /api/v1/documents/9999/summary/
[WARNING] 2026-06-18 07:52:21,174 error_handlers 19 124409287553920 Client Error 400: No file provided. Please attach a PDF file using the 'file' field. | URL: /api/v1/documents/upload/
[WARNING] 2026-06-18 07:52:21,181 error_handlers 19 124409287553920 Client Error 400: No file provided. Please attach a PDF file using the 'file' field. | URL: /api/v1/documents/upload/
[WARNING] 2026-06-18 07:52:21,189 error_handlers 19 124409287553920 Client Error 400: 'test.txt' is not allowed. Only PDF files (.pdf) are accepted. | URL: /api/v1/documents/upload/
[WARNING] 2026-06-18 07:52:21,195 error_handlers 19 124409287553920 Client Error 400: 'test.txt' is not allowed. Only PDF files (.pdf) are accepted. | URL: /api/v1/documents/upload/
[WARNING] 2026-06-18 07:52:21,296 error_handlers 19 124409287553920 Client Error 404: No Document matches the given query. | URL: /api/v1/documents/9999/clauses/
[WARNING] 2026-06-18 07:52:21,364 error_handlers 19 124409287553920 Client Error 404: No Document matches the given query. | URL: /api/v1/documents/9999/clauses/
[WARNING] 2026-06-18 07:52:21,384 error_handlers 19 124409287553920 Client Error 400: Request body is empty. Please provide the required data in the request body. | URL: /api/v1/documents/782/clauses/
[WARNING] 2026-06-18 07:52:21,511 error_handlers 19 124409287553920 Client Error 404: No Document matches the given query. | URL: /api/v1/documents/9999/risks/
[WARNING] 2026-06-18 07:52:21,551 error_handlers 19 124409287553920 Client Error 400: Request body is empty. Please provide the required data in the request body. | URL: /api/v1/documents/803/risks/
[WARNING] 2026-06-18 07:52:21,599 error_handlers 19 124409287553920 Client Error 404: No Document matches the given query. | URL: /api/v1/documents/9999/risks/
[WARNING] 2026-06-18 07:52:21,990 error_handlers 19 124409287553920 Client Error 409: Document 'integration_test_HrOTAEB.pdf' has already been processed and marked as completed. Use PATCH /api/v1/documents/842/update-status/ to make changes. | URL: /api/v1/nlp/documents/842/process/
[WARNING] 2026-06-18 08:01:42,227 error_handlers 19 124562120319872 Client Error 404: Invalid page. | URL: /api/v1/documents/
[WARNING] 2026-06-18 08:01:42,276 error_handlers 19 124562120319872 Client Error 400: 'contract.docx' is not allowed. Only PDF files (.pdf) are accepted. | URL: /api/v1/documents/upload/
[WARNING] 2026-06-18 08:01:42,280 error_handlers 19 124562120319872 Client Error 400: File is empty (0 bytes). Please upload a valid PDF with content. | URL: /api/v1/documents/upload/
[WARNING] 2026-06-18 08:01:42,323 error_handlers 19 124562120319872 Client Error 400: 'scan.jpg' is not allowed. Only PDF files (.pdf) are accepted. | URL: /api/v1/documents/upload/
[WARNING] 2026-06-18 08:01:42,327 error_handlers 19 124562120319872 Client Error 400: No file provided. Please attach a PDF file using the 'file' field. | URL: /api/v1/documents/upload/
[WARNING] 2026-06-18 08:01:42,368 error_handlers 19 124562120319872 Client Error 400: 'WRONG' is not valid. Allowed: uploaded, processing, completed, failed | URL: /api/v1/nlp/documents/183/process/
[WARNING] 2026-06-18 08:01:42,598 error_handlers 19 124562120319872 Client Error 404: No Document matches the given query. | URL: /api/v1/documents/99999/update-status/
[WARNING] 2026-06-18 08:01:42,618 error_handlers 19 124562120319872 Client Error 400: 'COMPLETED' is not valid. Allowed: uploaded, processing, completed, failed | URL: /api/v1/documents/350/update-status/
[WARNING] 2026-06-18 08:01:43,207 error_handlers 19 124562120319872 Client Error 404: No Document matches the given query. | URL: /api/v1/nlp/documents/9999/
[WARNING] 2026-06-18 08:01:43,315 error_handlers 19 124562120319872 Client Error 404: No Document matches the given query. | URL: /api/v1/nlp/documents/9999/process/
[WARNING] 2026-06-18 08:01:43,325 error_handlers 19 124562120319872 Client Error 409: Document 'nlp_test.pdf' has already been processed and marked as completed. Use PATCH /api/v1/documents/420/update-status/ to make changes. | URL: /api/v1/nlp/documents/420/process/
[WARNING] 2026-06-18 08:01:43,461 error_handlers 19 124562120319872 Client Error 404: No Document matches the given query. | URL: /api/v1/nlp/documents/9999/results/
[WARNING] 2026-06-18 08:01:43,515 error_handlers 19 124562120319872 Client Error 400: Request body is empty. Please provide the required data in the request body. | URL: /api/v1/nlp/documents/438/status/
[WARNING] 2026-06-18 08:01:43,522 error_handlers 19 124562120319872 Client Error 400: 'INVALID' is not valid. Allowed: uploaded, processing, completed, failed | URL: /api/v1/nlp/documents/439/status/
[WARNING] 2026-06-18 08:01:43,535 error_handlers 19 124562120319872 Client Error 404: No Document matches the given query. | URL: /api/v1/nlp/documents/9999/status/
[WARNING] 2026-06-18 08:01:43,949 error_handlers 19 124562120319872 Client Error 404: No Document matches the given query. | URL: /api/v1/documents/99999/clauses/
[WARNING] 2026-06-18 08:01:43,980 error_handlers 19 124562120319872 Client Error 404: No Document matches the given query. | URL: /api/v1/documents/99999/clauses/
[WARNING] 2026-06-18 08:01:43,986 error_handlers 19 124562120319872 Client Error 400: Request body is empty. Please provide the required data in the request body. | URL: /api/v1/documents/585/clauses/
[WARNING] 2026-06-18 08:01:44,030 error_handlers 19 124562120319872 Client Error 404: No Document matches the given query. | URL: /api/v1/documents/99999/
[WARNING] 2026-06-18 08:01:44,041 error_handlers 19 124562120319872 Client Error 404: No Document matches the given query. | URL: /api/v1/documents/99999/summary/
[WARNING] 2026-06-18 08:01:44,092 error_handlers 19 124562120319872 Client Error 400: 'INVALID' is not valid. Allowed: uploaded, processing, completed, failed | URL: /api/v1/documents/
[WARNING] 2026-06-18 08:01:44,126 error_handlers 19 124562120319872 Client Error 400: File is empty (0 bytes). Please upload a valid PDF with content. | URL: /api/v1/documents/upload/
[WARNING] 2026-06-18 08:01:44,133 error_handlers 19 124562120319872 Client Error 400: No file provided. Please attach a PDF file using the 'file' field. | URL: /api/v1/documents/upload/
[WARNING] 2026-06-18 08:01:44,143 error_handlers 19 124562120319872 Client Error 400: No file provided. Please attach a PDF file using the 'file' field. | URL: /api/v1/documents/upload/
[WARNING] 2026-06-18 08:01:44,149 error_handlers 19 124562120319872 Client Error 400: 'test.txt' is not allowed. Only PDF files (.pdf) are accepted. | URL: /api/v1/documents/upload/
[WARNING] 2026-06-18 08:01:44,190 error_handlers 19 124562120319872 Client Error 404: No Document matches the given query. | URL: /api/v1/documents/99999/
[WARNING] 2026-06-18 08:01:44,197 error_handlers 19 124562120319872 Client Error 404: No Document matches the given query. | URL: /api/v1/documents/99999/
[WARNING] 2026-06-18 08:01:44,201 error_handlers 19 124562120319872 Client Error 400: No file provided. Please attach a PDF file using the 'file' field. | URL: /api/v1/documents/upload/
[WARNING] 2026-06-18 08:01:44,203 error_handlers 19 124562120319872 Client Error 400: 'INVALID' is not valid. Allowed: uploaded, processing, completed, failed | URL: /api/v1/documents/
[WARNING] 2026-06-18 08:01:44,209 error_handlers 19 124562120319872 Client Error 404: No Document matches the given query. | URL: /api/v1/documents/99999/
[WARNING] 2026-06-18 08:01:44,212 error_handlers 19 124562120319872 Client Error 400: No file provided. Please attach a PDF file using the 'file' field. | URL: /api/v1/documents/upload/
[WARNING] 2026-06-18 08:01:44,218 error_handlers 19 124562120319872 Client Error 404: No Document matches the given query. | URL: /api/v1/documents/99999/
[WARNING] 2026-06-18 08:01:44,222 error_handlers 19 124562120319872 Client Error 400: No file provided. Please attach a PDF file using the 'file' field. | URL: /api/v1/documents/upload/
[WARNING] 2026-06-18 08:01:44,225 error_handlers 19 124562120319872 Client Error 400: 'INVALID' is not valid. Allowed: uploaded, processing, completed, failed | URL: /api/v1/documents/
[WARNING] 2026-06-18 08:01:44,230 error_handlers 19 124562120319872 Client Error 400: 'WRONG' is not valid. Allowed: uploaded, processing, completed, failed | URL: /api/v1/documents/
[WARNING] 2026-06-18 08:01:44,237 error_handlers 19 124562120319872 Client Error 400: No file provided. Please attach a PDF file using the 'file' field. | URL: /api/v1/documents/upload/
[WARNING] 2026-06-18 08:01:44,281 error_handlers 19 124562120319872 Client Error 404: No Document matches the given query. | URL: /api/v1/nlp/documents/99999/
[WARNING] 2026-06-18 08:01:44,298 error_handlers 19 124562120319872 Client Error 409: Document 'completed_test.pdf' has already been processed and marked as completed. Use PATCH /api/v1/documents/644/update-status/ to make changes. | URL: /api/v1/nlp/documents/644/process/
[WARNING] 2026-06-18 08:01:44,306 error_handlers 19 124562120319872 Client Error 400: 'INVALID' is not valid. Allowed: uploaded, processing, completed, failed | URL: /api/v1/nlp/documents/645/process/
[WARNING] 2026-06-18 08:01:44,313 error_handlers 19 124562120319872 Client Error 404: No Document matches the given query. | URL: /api/v1/nlp/documents/99999/process/
[WARNING] 2026-06-18 08:01:44,333 error_handlers 19 124562120319872 Client Error 404: No Document matches the given query. | URL: /api/v1/nlp/documents/99999/results/
[WARNING] 2026-06-18 08:01:44,355 error_handlers 19 124562120319872 Client Error 400: 'WRONG' is not valid. Allowed: uploaded, processing, completed, failed | URL: /api/v1/nlp/documents/655/status/
[WARNING] 2026-06-18 08:01:44,361 error_handlers 19 124562120319872 Client Error 404: No Document matches the given query. | URL: /api/v1/nlp/documents/99999/status/
[WARNING] 2026-06-18 08:01:44,383 error_handlers 19 124562120319872 Client Error 404: No Document matches the given query. | URL: /api/v1/documents/99999/risks/
[WARNING] 2026-06-18 08:01:44,409 error_handlers 19 124562120319872 Client Error 400: Request body is empty. Please provide the required data in the request body. | URL: /api/v1/documents/667/risks/
[WARNING] 2026-06-18 08:01:44,431 error_handlers 19 124562120319872 Client Error 404: No Document matches the given query. | URL: /api/v1/documents/99999/risks/
[WARNING] 2026-06-18 08:01:44,460 error_handlers 19 124562120319872 Client Error 400: Request body is empty. Please provide the required data in the request body. | URL: /api/v1/documents/677/update-status/
[WARNING] 2026-06-18 08:01:44,475 error_handlers 19 124562120319872 Client Error 400: 'WRONG' is not valid. Allowed: uploaded, processing, completed, failed | URL: /api/v1/documents/681/update-status/
[WARNING] 2026-06-18 08:01:44,488 error_handlers 19 124562120319872 Client Error 404: No Document matches the given query. | URL: /api/v1/documents/99999/update-status/
[WARNING] 2026-06-18 08:01:44,634 error_handlers 19 124562120319872 Client Error 404: No Document matches the given query. | URL: /api/v1/documents/9999/
[WARNING] 2026-06-18 08:01:44,643 error_handlers 19 124562120319872 Client Error 404: No Document matches the given query. | URL: /api/v1/documents/0/
[WARNING] 2026-06-18 08:01:44,676 error_handlers 19 124562120319872 Client Error 400: 'WRONG' is not valid. Allowed: uploaded, processing, completed, failed | URL: /api/v1/documents/
[WARNING] 2026-06-18 08:01:44,697 error_handlers 19 124562120319872 Client Error 400: 'WRONG' is not valid. Allowed: uploaded, processing, completed, failed | URL: /api/v1/documents/
[WARNING] 2026-06-18 08:01:44,820 error_handlers 19 124562120319872 Client Error 400: Request body is empty. Please provide the required data in the request body. | URL: /api/v1/documents/727/update-status/
[WARNING] 2026-06-18 08:01:44,836 error_handlers 19 124562120319872 Client Error 400: 'INVALID_STATUS' is not valid. Allowed: uploaded, processing, completed, failed | URL: /api/v1/documents/729/update-status/
[WARNING] 2026-06-18 08:01:44,852 error_handlers 19 124562120319872 Client Error 404: No Document matches the given query. | URL: /api/v1/documents/9999/update-status/
[WARNING] 2026-06-18 08:01:44,960 error_handlers 19 124562120319872 Client Error 404: No Document matches the given query. | URL: /api/v1/documents/9999/summary/
[WARNING] 2026-06-18 08:01:45,024 error_handlers 19 124562120319872 Client Error 400: No file provided. Please attach a PDF file using the 'file' field. | URL: /api/v1/documents/upload/
[WARNING] 2026-06-18 08:01:45,029 error_handlers 19 124562120319872 Client Error 400: No file provided. Please attach a PDF file using the 'file' field. | URL: /api/v1/documents/upload/
[WARNING] 2026-06-18 08:01:45,035 error_handlers 19 124562120319872 Client Error 400: 'test.txt' is not allowed. Only PDF files (.pdf) are accepted. | URL: /api/v1/documents/upload/
[WARNING] 2026-06-18 08:01:45,042 error_handlers 19 124562120319872 Client Error 400: 'test.txt' is not allowed. Only PDF files (.pdf) are accepted. | URL: /api/v1/documents/upload/
[WARNING] 2026-06-18 08:01:45,150 error_handlers 19 124562120319872 Client Error 404: No Document matches the given query. | URL: /api/v1/documents/9999/clauses/
[WARNING] 2026-06-18 08:01:45,227 error_handlers 19 124562120319872 Client Error 404: No Document matches the given query. | URL: /api/v1/documents/9999/clauses/
[WARNING] 2026-06-18 08:01:45,244 error_handlers 19 124562120319872 Client Error 400: Request body is empty. Please provide the required data in the request body. | URL: /api/v1/documents/782/clauses/
[WARNING] 2026-06-18 08:01:45,361 error_handlers 19 124562120319872 Client Error 404: No Document matches the given query. | URL: /api/v1/documents/9999/risks/
[WARNING] 2026-06-18 08:01:45,399 error_handlers 19 124562120319872 Client Error 400: Request body is empty. Please provide the required data in the request body. | URL: /api/v1/documents/803/risks/
[WARNING] 2026-06-18 08:01:45,446 error_handlers 19 124562120319872 Client Error 404: No Document matches the given query. | URL: /api/v1/documents/9999/risks/
[WARNING] 2026-06-18 08:01:45,840 error_handlers 19 124562120319872 Client Error 409: Document 'integration_test_xLxkCwr.pdf' has already been processed and marked as completed. Use PATCH /api/v1/documents/842/update-status/ to make changes. | URL: /api/v1/nlp/documents/842/process/
[WARNING] 2026-06-19 06:18:21,580 error_handlers 25 139365939655552 Client Error 404: Invalid page. | URL: /api/v1/documents/
[WARNING] 2026-06-19 06:18:21,673 error_handlers 25 139365939655552 Client Error 400: 'contract.docx' is not allowed. Only PDF files (.pdf) are accepted. | URL: /api/v1/documents/upload/
[WARNING] 2026-06-19 06:18:21,679 error_handlers 25 139365939655552 Client Error 400: File is empty (0 bytes). Please upload a valid PDF with content. | URL: /api/v1/documents/upload/
[WARNING] 2026-06-19 06:18:21,735 error_handlers 25 139365939655552 Client Error 400: 'scan.jpg' is not allowed. Only PDF files (.pdf) are accepted. | URL: /api/v1/documents/upload/
[WARNING] 2026-06-19 06:18:21,745 error_handlers 25 139365939655552 Client Error 400: No file provided. Please attach a PDF file using the 'file' field. | URL: /api/v1/documents/upload/
[WARNING] 2026-06-19 06:18:21,805 error_handlers 25 139365939655552 Client Error 400: 'WRONG' is not valid. Allowed: uploaded, processing, completed, failed | URL: /api/v1/nlp/documents/183/process/
[WARNING] 2026-06-19 06:18:22,157 error_handlers 25 139365939655552 Client Error 404: No Document matches the given query. | URL: /api/v1/documents/99999/update-status/
[WARNING] 2026-06-19 06:18:22,181 error_handlers 25 139365939655552 Client Error 400: 'COMPLETED' is not valid. Allowed: uploaded, processing, completed, failed | URL: /api/v1/documents/350/update-status/
[WARNING] 2026-06-19 06:18:23,170 error_handlers 25 139365939655552 Client Error 404: No Document matches the given query. | URL: /api/v1/nlp/documents/9999/
[WARNING] 2026-06-19 06:18:23,323 error_handlers 25 139365939655552 Client Error 404: No Document matches the given query. | URL: /api/v1/nlp/documents/9999/process/
[WARNING] 2026-06-19 06:18:23,330 error_handlers 25 139365939655552 Client Error 409: Document 'nlp_test.pdf' has already been processed and marked as completed. Use PATCH /api/v1/documents/420/update-status/ to make changes. | URL: /api/v1/nlp/documents/420/process/
[WARNING] 2026-06-19 06:18:23,507 error_handlers 25 139365939655552 Client Error 404: No Document matches the given query. | URL: /api/v1/nlp/documents/9999/results/
[WARNING] 2026-06-19 06:18:23,593 error_handlers 25 139365939655552 Client Error 400: Request body is empty. Please provide the required data in the request body. | URL: /api/v1/nlp/documents/438/status/
[WARNING] 2026-06-19 06:18:23,602 error_handlers 25 139365939655552 Client Error 400: 'INVALID' is not valid. Allowed: uploaded, processing, completed, failed | URL: /api/v1/nlp/documents/439/status/
[WARNING] 2026-06-19 06:18:23,618 error_handlers 25 139365939655552 Client Error 404: No Document matches the given query. | URL: /api/v1/nlp/documents/9999/status/
[WARNING] 2026-06-19 06:18:25,491 error_handlers 25 139365939655552 Client Error 404: No Document matches the given query. | URL: /api/v1/documents/99999/clauses/
[WARNING] 2026-06-19 06:18:25,537 error_handlers 25 139365939655552 Client Error 404: No Document matches the given query. | URL: /api/v1/documents/99999/clauses/
[WARNING] 2026-06-19 06:18:25,547 error_handlers 25 139365939655552 Client Error 400: Request body is empty. Please provide the required data in the request body. | URL: /api/v1/documents/750/clauses/
[WARNING] 2026-06-19 06:18:25,607 error_handlers 25 139365939655552 Client Error 404: No Document matches the given query. | URL: /api/v1/documents/99999/
[WARNING] 2026-06-19 06:18:25,619 error_handlers 25 139365939655552 Client Error 404: No Document matches the given query. | URL: /api/v1/documents/99999/summary/
[WARNING] 2026-06-19 06:18:25,684 error_handlers 25 139365939655552 Client Error 400: 'INVALID' is not valid. Allowed: uploaded, processing, completed, failed | URL: /api/v1/documents/
[WARNING] 2026-06-19 06:18:25,732 error_handlers 25 139365939655552 Client Error 400: File is empty (0 bytes). Please upload a valid PDF with content. | URL: /api/v1/documents/upload/
[WARNING] 2026-06-19 06:18:25,743 error_handlers 25 139365939655552 Client Error 400: No file provided. Please attach a PDF file using the 'file' field. | URL: /api/v1/documents/upload/
[WARNING] 2026-06-19 06:18:25,755 error_handlers 25 139365939655552 Client Error 400: No file provided. Please attach a PDF file using the 'file' field. | URL: /api/v1/documents/upload/
[WARNING] 2026-06-19 06:18:25,763 error_handlers 25 139365939655552 Client Error 400: 'test.txt' is not allowed. Only PDF files (.pdf) are accepted. | URL: /api/v1/documents/upload/
[WARNING] 2026-06-19 06:18:25,817 error_handlers 25 139365939655552 Client Error 404: No Document matches the given query. | URL: /api/v1/documents/99999/
[WARNING] 2026-06-19 06:18:25,829 error_handlers 25 139365939655552 Client Error 404: No Document matches the given query. | URL: /api/v1/documents/99999/
[WARNING] 2026-06-19 06:18:25,832 error_handlers 25 139365939655552 Client Error 400: No file provided. Please attach a PDF file using the 'file' field. | URL: /api/v1/documents/upload/
[WARNING] 2026-06-19 06:18:25,834 error_handlers 25 139365939655552 Client Error 400: 'INVALID' is not valid. Allowed: uploaded, processing, completed, failed | URL: /api/v1/documents/
[WARNING] 2026-06-19 06:18:25,847 error_handlers 25 139365939655552 Client Error 404: No Document matches the given query. | URL: /api/v1/documents/99999/
[WARNING] 2026-06-19 06:18:25,850 error_handlers 25 139365939655552 Client Error 400: No file provided. Please attach a PDF file using the 'file' field. | URL: /api/v1/documents/upload/
[WARNING] 2026-06-19 06:18:25,861 error_handlers 25 139365939655552 Client Error 404: No Document matches the given query. | URL: /api/v1/documents/99999/
[WARNING] 2026-06-19 06:18:25,864 error_handlers 25 139365939655552 Client Error 400: No file provided. Please attach a PDF file using the 'file' field. | URL: /api/v1/documents/upload/
[WARNING] 2026-06-19 06:18:25,867 error_handlers 25 139365939655552 Client Error 400: 'INVALID' is not valid. Allowed: uploaded, processing, completed, failed | URL: /api/v1/documents/
[WARNING] 2026-06-19 06:18:25,881 error_handlers 25 139365939655552 Client Error 400: 'WRONG' is not valid. Allowed: uploaded, processing, completed, failed | URL: /api/v1/documents/
[WARNING] 2026-06-19 06:18:25,890 error_handlers 25 139365939655552 Client Error 400: No file provided. Please attach a PDF file using the 'file' field. | URL: /api/v1/documents/upload/
[WARNING] 2026-06-19 06:18:26,007 error_handlers 25 139365939655552 Client Error 404: No Document matches the given query. | URL: /api/v1/nlp/documents/99999/
[WARNING] 2026-06-19 06:18:26,030 error_handlers 25 139365939655552 Client Error 409: Document 'completed_test.pdf' has already been processed and marked as completed. Use PATCH /api/v1/documents/809/update-status/ to make changes. | URL: /api/v1/nlp/documents/809/process/
[WARNING] 2026-06-19 06:18:26,040 error_handlers 25 139365939655552 Client Error 400: 'INVALID' is not valid. Allowed: uploaded, processing, completed, failed | URL: /api/v1/nlp/documents/810/process/
[WARNING] 2026-06-19 06:18:26,049 error_handlers 25 139365939655552 Client Error 404: No Document matches the given query. | URL: /api/v1/nlp/documents/99999/process/
[WARNING] 2026-06-19 06:18:26,074 error_handlers 25 139365939655552 Client Error 404: No Document matches the given query. | URL: /api/v1/nlp/documents/99999/results/
[WARNING] 2026-06-19 06:18:26,098 error_handlers 25 139365939655552 Client Error 400: 'WRONG' is not valid. Allowed: uploaded, processing, completed, failed | URL: /api/v1/nlp/documents/820/status/
[WARNING] 2026-06-19 06:18:26,108 error_handlers 25 139365939655552 Client Error 404: No Document matches the given query. | URL: /api/v1/nlp/documents/99999/status/
[WARNING] 2026-06-19 06:18:26,140 error_handlers 25 139365939655552 Client Error 404: No Document matches the given query. | URL: /api/v1/documents/99999/risks/
[WARNING] 2026-06-19 06:18:26,178 error_handlers 25 139365939655552 Client Error 400: Request body is empty. Please provide the required data in the request body. | URL: /api/v1/documents/832/risks/
[WARNING] 2026-06-19 06:18:26,209 error_handlers 25 139365939655552 Client Error 404: No Document matches the given query. | URL: /api/v1/documents/99999/risks/
[WARNING] 2026-06-19 06:18:26,242 error_handlers 25 139365939655552 Client Error 400: Request body is empty. Please provide the required data in the request body. | URL: /api/v1/documents/842/update-status/
[WARNING] 2026-06-19 06:18:26,265 error_handlers 25 139365939655552 Client Error 400: 'WRONG' is not valid. Allowed: uploaded, processing, completed, failed | URL: /api/v1/documents/846/update-status/
[WARNING] 2026-06-19 06:18:26,283 error_handlers 25 139365939655552 Client Error 404: No Document matches the given query. | URL: /api/v1/documents/99999/update-status/
[WARNING] 2026-06-19 06:18:26,513 error_handlers 25 139365939655552 Client Error 404: No Document matches the given query. | URL: /api/v1/documents/9999/
[WARNING] 2026-06-19 06:18:26,523 error_handlers 25 139365939655552 Client Error 404: No Document matches the given query. | URL: /api/v1/documents/0/
[WARNING] 2026-06-19 06:18:26,574 error_handlers 25 139365939655552 Client Error 400: 'WRONG' is not valid. Allowed: uploaded, processing, completed, failed | URL: /api/v1/documents/
[WARNING] 2026-06-19 06:18:26,607 error_handlers 25 139365939655552 Client Error 400: 'WRONG' is not valid. Allowed: uploaded, processing, completed, failed | URL: /api/v1/documents/
[WARNING] 2026-06-19 06:18:26,818 error_handlers 25 139365939655552 Client Error 400: Request body is empty. Please provide the required data in the request body. | URL: /api/v1/documents/892/update-status/
[WARNING] 2026-06-19 06:18:26,835 error_handlers 25 139365939655552 Client Error 400: 'INVALID_STATUS' is not valid. Allowed: uploaded, processing, completed, failed | URL: /api/v1/documents/894/update-status/
[WARNING] 2026-06-19 06:18:26,852 error_handlers 25 139365939655552 Client Error 404: No Document matches the given query. | URL: /api/v1/documents/9999/update-status/
[WARNING] 2026-06-19 06:18:26,970 error_handlers 25 139365939655552 Client Error 404: No Document matches the given query. | URL: /api/v1/documents/9999/summary/
[WARNING] 2026-06-19 06:18:27,067 error_handlers 25 139365939655552 Client Error 400: No file provided. Please attach a PDF file using the 'file' field. | URL: /api/v1/documents/upload/
[WARNING] 2026-06-19 06:18:27,074 error_handlers 25 139365939655552 Client Error 400: No file provided. Please attach a PDF file using the 'file' field. | URL: /api/v1/documents/upload/
[WARNING] 2026-06-19 06:18:27,081 error_handlers 25 139365939655552 Client Error 400: 'test.txt' is not allowed. Only PDF files (.pdf) are accepted. | URL: /api/v1/documents/upload/
[WARNING] 2026-06-19 06:18:27,089 error_handlers 25 139365939655552 Client Error 400: 'test.txt' is not allowed. Only PDF files (.pdf) are accepted. | URL: /api/v1/documents/upload/
[WARNING] 2026-06-19 06:18:27,247 error_handlers 25 139365939655552 Client Error 404: No Document matches the given query. | URL: /api/v1/documents/9999/clauses/
[WARNING] 2026-06-19 06:18:27,369 error_handlers 25 139365939655552 Client Error 404: No Document matches the given query. | URL: /api/v1/documents/9999/clauses/
[WARNING] 2026-06-19 06:18:27,401 error_handlers 25 139365939655552 Client Error 400: Request body is empty. Please provide the required data in the request body. | URL: /api/v1/documents/947/clauses/
[WARNING] 2026-06-19 06:18:27,571 error_handlers 25 139365939655552 Client Error 404: No Document matches the given query. | URL: /api/v1/documents/9999/risks/
[WARNING] 2026-06-19 06:18:27,634 error_handlers 25 139365939655552 Client Error 400: Request body is empty. Please provide the required data in the request body. | URL: /api/v1/documents/968/risks/
[WARNING] 2026-06-19 06:18:27,692 error_handlers 25 139365939655552 Client Error 404: No Document matches the given query. | URL: /api/v1/documents/9999/risks/
[WARNING] 2026-06-19 06:18:28,393 error_handlers 25 139365939655552 Client Error 409: Document 'integration_test_r1os2Vu.pdf' has already been processed and marked as completed. Use PATCH /api/v1/documents/1007/update-status/ to make changes. | URL: /api/v1/nlp/documents/1007/process/
[WARNING] 2026-06-19 13:36:57,774 error_handlers 25 127019218146176 Client Error 404: Invalid page. | URL: /api/v1/documents/
[WARNING] 2026-06-19 13:36:57,867 error_handlers 25 127019218146176 Client Error 400: 'contract.docx' is not allowed. Only PDF files (.pdf) are accepted. | URL: /api/v1/documents/upload/
[WARNING] 2026-06-19 13:36:57,874 error_handlers 25 127019218146176 Client Error 400: File is empty (0 bytes). Please upload a valid PDF with content. | URL: /api/v1/documents/upload/
[WARNING] 2026-06-19 13:36:57,938 error_handlers 25 127019218146176 Client Error 400: 'scan.jpg' is not allowed. Only PDF files (.pdf) are accepted. | URL: /api/v1/documents/upload/
[WARNING] 2026-06-19 13:36:57,954 error_handlers 25 127019218146176 Client Error 400: No file provided. Please attach a PDF file using the 'file' field. | URL: /api/v1/documents/upload/
[WARNING] 2026-06-19 13:36:58,019 error_handlers 25 127019218146176 Client Error 400: 'WRONG' is not valid. Allowed: uploaded, processing, completed, failed | URL: /api/v1/nlp/documents/183/process/
[WARNING] 2026-06-19 13:36:58,463 error_handlers 25 127019218146176 Client Error 404: No Document matches the given query. | URL: /api/v1/documents/99999/update-status/
[WARNING] 2026-06-19 13:36:58,489 error_handlers 25 127019218146176 Client Error 400: 'COMPLETED' is not valid. Allowed: uploaded, processing, completed, failed | URL: /api/v1/documents/350/update-status/
[WARNING] 2026-06-19 13:36:59,567 error_handlers 25 127019218146176 Client Error 404: No Document matches the given query. | URL: /api/v1/nlp/documents/9999/
[WARNING] 2026-06-19 13:36:59,842 error_handlers 25 127019218146176 Client Error 404: No Document matches the given query. | URL: /api/v1/nlp/documents/9999/process/
[WARNING] 2026-06-19 13:36:59,856 error_handlers 25 127019218146176 Client Error 409: Document 'nlp_test.pdf' has already been processed and marked as completed. Use PATCH /api/v1/documents/420/update-status/ to make changes. | URL: /api/v1/nlp/documents/420/process/
[WARNING] 2026-06-19 13:37:00,074 error_handlers 25 127019218146176 Client Error 404: No Document matches the given query. | URL: /api/v1/nlp/documents/9999/results/
[WARNING] 2026-06-19 13:37:00,136 error_handlers 25 127019218146176 Client Error 400: Request body is empty. Please provide the required data in the request body. | URL: /api/v1/nlp/documents/438/status/
[WARNING] 2026-06-19 13:37:00,144 error_handlers 25 127019218146176 Client Error 400: 'INVALID' is not valid. Allowed: uploaded, processing, completed, failed | URL: /api/v1/nlp/documents/439/status/
[WARNING] 2026-06-19 13:37:00,166 error_handlers 25 127019218146176 Client Error 404: No Document matches the given query. | URL: /api/v1/nlp/documents/9999/status/
[WARNING] 2026-06-19 13:37:02,206 error_handlers 25 127019218146176 Client Error 404: No Document matches the given query. | URL: /api/v1/documents/99999/clauses/
[WARNING] 2026-06-19 13:37:02,250 error_handlers 25 127019218146176 Client Error 404: No Document matches the given query. | URL: /api/v1/documents/99999/clauses/
[WARNING] 2026-06-19 13:37:02,263 error_handlers 25 127019218146176 Client Error 400: Request body is empty. Please provide the required data in the request body. | URL: /api/v1/documents/765/clauses/
[WARNING] 2026-06-19 13:37:02,355 error_handlers 25 127019218146176 Client Error 404: No Document matches the given query. | URL: /api/v1/documents/99999/
[WARNING] 2026-06-19 13:37:02,366 error_handlers 25 127019218146176 Client Error 404: No Document matches the given query. | URL: /api/v1/documents/99999/summary/
[WARNING] 2026-06-19 13:37:02,442 error_handlers 25 127019218146176 Client Error 400: 'INVALID' is not valid. Allowed: uploaded, processing, completed, failed | URL: /api/v1/documents/
[WARNING] 2026-06-19 13:37:02,513 error_handlers 25 127019218146176 Client Error 400: File is empty (0 bytes). Please upload a valid PDF with content. | URL: /api/v1/documents/upload/
[WARNING] 2026-06-19 13:37:02,527 error_handlers 25 127019218146176 Client Error 400: No file provided. Please attach a PDF file using the 'file' field. | URL: /api/v1/documents/upload/
[WARNING] 2026-06-19 13:37:02,537 error_handlers 25 127019218146176 Client Error 400: No file provided. Please attach a PDF file using the 'file' field. | URL: /api/v1/documents/upload/
[WARNING] 2026-06-19 13:37:02,547 error_handlers 25 127019218146176 Client Error 400: 'test.txt' is not allowed. Only PDF files (.pdf) are accepted. | URL: /api/v1/documents/upload/
[WARNING] 2026-06-19 13:37:02,626 error_handlers 25 127019218146176 Client Error 404: No Document matches the given query. | URL: /api/v1/documents/99999/
[WARNING] 2026-06-19 13:37:02,638 error_handlers 25 127019218146176 Client Error 404: No Document matches the given query. | URL: /api/v1/documents/99999/
[WARNING] 2026-06-19 13:37:02,642 error_handlers 25 127019218146176 Client Error 400: No file provided. Please attach a PDF file using the 'file' field. | URL: /api/v1/documents/upload/
[WARNING] 2026-06-19 13:37:02,645 error_handlers 25 127019218146176 Client Error 400: 'INVALID' is not valid. Allowed: uploaded, processing, completed, failed | URL: /api/v1/documents/
[WARNING] 2026-06-19 13:37:02,706 error_handlers 25 127019218146176 Client Error 404: No Document matches the given query. | URL: /api/v1/documents/99999/
[WARNING] 2026-06-19 13:37:02,709 error_handlers 25 127019218146176 Client Error 400: No file provided. Please attach a PDF file using the 'file' field. | URL: /api/v1/documents/upload/
[WARNING] 2026-06-19 13:37:02,719 error_handlers 25 127019218146176 Client Error 404: No Document matches the given query. | URL: /api/v1/documents/99999/
[WARNING] 2026-06-19 13:37:02,723 error_handlers 25 127019218146176 Client Error 400: No file provided. Please attach a PDF file using the 'file' field. | URL: /api/v1/documents/upload/
[WARNING] 2026-06-19 13:37:02,727 error_handlers 25 127019218146176 Client Error 400: 'INVALID' is not valid. Allowed: uploaded, processing, completed, failed | URL: /api/v1/documents/
[WARNING] 2026-06-19 13:37:02,745 error_handlers 25 127019218146176 Client Error 400: 'WRONG' is not valid. Allowed: uploaded, processing, completed, failed | URL: /api/v1/documents/
[WARNING] 2026-06-19 13:37:02,760 error_handlers 25 127019218146176 Client Error 400: No file provided. Please attach a PDF file using the 'file' field. | URL: /api/v1/documents/upload/
[WARNING] 2026-06-19 13:37:02,837 error_handlers 25 127019218146176 Client Error 404: No Document matches the given query. | URL: /api/v1/nlp/documents/99999/
[WARNING] 2026-06-19 13:37:02,874 error_handlers 25 127019218146176 Client Error 409: Document 'completed_test.pdf' has already been processed and marked as completed. Use PATCH /api/v1/documents/824/update-status/ to make changes. | URL: /api/v1/nlp/documents/824/process/
[WARNING] 2026-06-19 13:37:02,890 error_handlers 25 127019218146176 Client Error 400: 'INVALID' is not valid. Allowed: uploaded, processing, completed, failed | URL: /api/v1/nlp/documents/825/process/
[WARNING] 2026-06-19 13:37:02,901 error_handlers 25 127019218146176 Client Error 404: No Document matches the given query. | URL: /api/v1/nlp/documents/99999/process/
[WARNING] 2026-06-19 13:37:02,935 error_handlers 25 127019218146176 Client Error 404: No Document matches the given query. | URL: /api/v1/nlp/documents/99999/results/
[WARNING] 2026-06-19 13:37:02,966 error_handlers 25 127019218146176 Client Error 400: 'WRONG' is not valid. Allowed: uploaded, processing, completed, failed | URL: /api/v1/nlp/documents/835/status/
[WARNING] 2026-06-19 13:37:02,980 error_handlers 25 127019218146176 Client Error 404: No Document matches the given query. | URL: /api/v1/nlp/documents/99999/status/
[WARNING] 2026-06-19 13:37:03,026 error_handlers 25 127019218146176 Client Error 404: No Document matches the given query. | URL: /api/v1/documents/99999/risks/
[WARNING] 2026-06-19 13:37:03,069 error_handlers 25 127019218146176 Client Error 400: Request body is empty. Please provide the required data in the request body. | URL: /api/v1/documents/847/risks/
[WARNING] 2026-06-19 13:37:03,115 error_handlers 25 127019218146176 Client Error 404: No Document matches the given query. | URL: /api/v1/documents/99999/risks/
[WARNING] 2026-06-19 13:37:03,162 error_handlers 25 127019218146176 Client Error 400: Request body is empty. Please provide the required data in the request body. | URL: /api/v1/documents/857/update-status/
[WARNING] 2026-06-19 13:37:03,190 error_handlers 25 127019218146176 Client Error 400: 'WRONG' is not valid. Allowed: uploaded, processing, completed, failed | URL: /api/v1/documents/861/update-status/
[WARNING] 2026-06-19 13:37:03,215 error_handlers 25 127019218146176 Client Error 404: No Document matches the given query. | URL: /api/v1/documents/99999/update-status/
[WARNING] 2026-06-19 13:37:03,465 error_handlers 25 127019218146176 Client Error 404: No Document matches the given query. | URL: /api/v1/documents/9999/
[WARNING] 2026-06-19 13:37:03,475 error_handlers 25 127019218146176 Client Error 404: No Document matches the given query. | URL: /api/v1/documents/0/
[WARNING] 2026-06-19 13:37:03,534 error_handlers 25 127019218146176 Client Error 400: 'WRONG' is not valid. Allowed: uploaded, processing, completed, failed | URL: /api/v1/documents/
[WARNING] 2026-06-19 13:37:03,584 error_handlers 25 127019218146176 Client Error 400: 'WRONG' is not valid. Allowed: uploaded, processing, completed, failed | URL: /api/v1/documents/
[WARNING] 2026-06-19 13:37:03,825 error_handlers 25 127019218146176 Client Error 400: Request body is empty. Please provide the required data in the request body. | URL: /api/v1/documents/907/update-status/
[WARNING] 2026-06-19 13:37:03,847 error_handlers 25 127019218146176 Client Error 400: 'INVALID_STATUS' is not valid. Allowed: uploaded, processing, completed, failed | URL: /api/v1/documents/909/update-status/
[WARNING] 2026-06-19 13:37:03,872 error_handlers 25 127019218146176 Client Error 404: No Document matches the given query. | URL: /api/v1/documents/9999/update-status/
[WARNING] 2026-06-19 13:37:04,015 error_handlers 25 127019218146176 Client Error 404: No Document matches the given query. | URL: /api/v1/documents/9999/summary/
[WARNING] 2026-06-19 13:37:04,147 error_handlers 25 127019218146176 Client Error 400: No file provided. Please attach a PDF file using the 'file' field. | URL: /api/v1/documents/upload/
[WARNING] 2026-06-19 13:37:04,157 error_handlers 25 127019218146176 Client Error 400: No file provided. Please attach a PDF file using the 'file' field. | URL: /api/v1/documents/upload/
[WARNING] 2026-06-19 13:37:04,178 error_handlers 25 127019218146176 Client Error 400: 'test.txt' is not allowed. Only PDF files (.pdf) are accepted. | URL: /api/v1/documents/upload/
[WARNING] 2026-06-19 13:37:04,197 error_handlers 25 127019218146176 Client Error 400: 'test.txt' is not allowed. Only PDF files (.pdf) are accepted. | URL: /api/v1/documents/upload/
[WARNING] 2026-06-19 13:37:04,394 error_handlers 25 127019218146176 Client Error 404: No Document matches the given query. | URL: /api/v1/documents/9999/clauses/
[WARNING] 2026-06-19 13:37:04,517 error_handlers 25 127019218146176 Client Error 404: No Document matches the given query. | URL: /api/v1/documents/9999/clauses/
[WARNING] 2026-06-19 13:37:04,552 error_handlers 25 127019218146176 Client Error 400: Request body is empty. Please provide the required data in the request body. | URL: /api/v1/documents/962/clauses/
[WARNING] 2026-06-19 13:37:04,784 error_handlers 25 127019218146176 Client Error 404: No Document matches the given query. | URL: /api/v1/documents/9999/risks/
[WARNING] 2026-06-19 13:37:04,886 error_handlers 25 127019218146176 Client Error 400: Request body is empty. Please provide the required data in the request body. | URL: /api/v1/documents/983/risks/
[WARNING] 2026-06-19 13:37:05,005 error_handlers 25 127019218146176 Client Error 404: No Document matches the given query. | URL: /api/v1/documents/9999/risks/
[WARNING] 2026-06-19 13:37:05,656 error_handlers 25 127019218146176 Client Error 409: Document 'integration_test_L53v6EM.pdf' has already been processed and marked as completed. Use PATCH /api/v1/documents/1022/update-status/ to make changes. | URL: /api/v1/nlp/documents/1022/process/
[WARNING] 2026-06-19 13:42:28,907 error_handlers 9 128841426375552 Client Error 400: File is empty (0 bytes). Please upload a valid PDF with content. | URL: /api/v1/documents/upload/
[WARNING] 2026-06-19 13:42:28,929 error_handlers 9 128841426375552 Client Error 400: 'malware.exe' is not allowed. Only PDF files (.pdf) are accepted. | URL: /api/v1/documents/upload/
[WARNING] 2026-06-19 13:42:29,103 error_handlers 9 128841426375552 Client Error 413: File size 11.0MB exceeds the 10MB limit. Please compress your PDF. | URL: /api/v1/documents/upload/
[WARNING] 2026-06-19 13:42:29,187 error_handlers 9 128841426375552 Client Error 400: '' OR 1=1 --' is not valid. Allowed: uploaded, processing, completed, failed | URL: /api/v1/documents/
[WARNING] 2026-06-19 13:42:29,230 error_handlers 9 128841426375552 Client Error 404: No Document matches the given query. | URL: /api/v1/documents/99999/
[WARNING] 2026-06-19 13:42:29,243 error_handlers 9 128841426375552 Client Error 400: No file provided. Please attach a PDF file using the 'file' field. | URL: /api/v1/documents/upload/
[WARNING] 2026-06-19 13:42:55,123 error_handlers 19 123520497550208 Client Error 404: Invalid page. | URL: /api/v1/documents/
[WARNING] 2026-06-19 13:42:55,303 error_handlers 19 123520497550208 Client Error 400: 'contract.docx' is not allowed. Only PDF files (.pdf) are accepted. | URL: /api/v1/documents/upload/
[WARNING] 2026-06-19 13:42:55,325 error_handlers 19 123520497550208 Client Error 400: File is empty (0 bytes). Please upload a valid PDF with content. | URL: /api/v1/documents/upload/
[WARNING] 2026-06-19 13:42:55,455 error_handlers 19 123520497550208 Client Error 400: 'scan.jpg' is not allowed. Only PDF files (.pdf) are accepted. | URL: /api/v1/documents/upload/
[WARNING] 2026-06-19 13:42:55,472 error_handlers 19 123520497550208 Client Error 400: No file provided. Please attach a PDF file using the 'file' field. | URL: /api/v1/documents/upload/
[WARNING] 2026-06-19 13:42:55,600 error_handlers 19 123520497550208 Client Error 400: 'WRONG' is not valid. Allowed: uploaded, processing, completed, failed | URL: /api/v1/nlp/documents/183/process/
[WARNING] 2026-06-19 13:42:56,520 error_handlers 19 123520497550208 Client Error 404: No Document matches the given query. | URL: /api/v1/documents/99999/update-status/
[WARNING] 2026-06-19 13:42:56,594 error_handlers 19 123520497550208 Client Error 400: 'COMPLETED' is not valid. Allowed: uploaded, processing, completed, failed | URL: /api/v1/documents/350/update-status/
[WARNING] 2026-06-19 13:42:59,018 error_handlers 19 123520497550208 Client Error 404: No Document matches the given query. | URL: /api/v1/nlp/documents/9999/
[WARNING] 2026-06-19 13:42:59,413 error_handlers 19 123520497550208 Client Error 404: No Document matches the given query. | URL: /api/v1/nlp/documents/9999/process/
[WARNING] 2026-06-19 13:42:59,430 error_handlers 19 123520497550208 Client Error 409: Document 'nlp_test.pdf' has already been processed and marked as completed. Use PATCH /api/v1/documents/420/update-status/ to make changes. | URL: /api/v1/nlp/documents/420/process/
[WARNING] 2026-06-19 13:42:59,935 error_handlers 19 123520497550208 Client Error 404: No Document matches the given query. | URL: /api/v1/nlp/documents/9999/results/
[WARNING] 2026-06-19 13:43:00,077 error_handlers 19 123520497550208 Client Error 400: Request body is empty. Please provide the required data in the request body. | URL: /api/v1/nlp/documents/438/status/
[WARNING] 2026-06-19 13:43:00,095 error_handlers 19 123520497550208 Client Error 400: 'INVALID' is not valid. Allowed: uploaded, processing, completed, failed | URL: /api/v1/nlp/documents/439/status/
[WARNING] 2026-06-19 13:43:00,143 error_handlers 19 123520497550208 Client Error 404: No Document matches the given query. | URL: /api/v1/nlp/documents/9999/status/
[WARNING] 2026-06-19 13:43:04,716 error_handlers 19 123520497550208 Client Error 400: File is empty (0 bytes). Please upload a valid PDF with content. | URL: /api/v1/documents/upload/
[WARNING] 2026-06-19 13:43:04,738 error_handlers 19 123520497550208 Client Error 400: 'malware.exe' is not allowed. Only PDF files (.pdf) are accepted. | URL: /api/v1/documents/upload/
[WARNING] 2026-06-19 13:43:04,890 error_handlers 19 123520497550208 Client Error 413: File size 11.0MB exceeds the 10MB limit. Please compress your PDF. | URL: /api/v1/documents/upload/
[WARNING] 2026-06-19 13:43:04,936 error_handlers 19 123520497550208 Client Error 400: '' OR 1=1 --' is not valid. Allowed: uploaded, processing, completed, failed | URL: /api/v1/documents/
[WARNING] 2026-06-19 13:43:04,981 error_handlers 19 123520497550208 Client Error 404: No Document matches the given query. | URL: /api/v1/documents/99999/
[WARNING] 2026-06-19 13:43:04,995 error_handlers 19 123520497550208 Client Error 400: No file provided. Please attach a PDF file using the 'file' field. | URL: /api/v1/documents/upload/
[WARNING] 2026-06-19 13:43:05,460 error_handlers 19 123520497550208 Client Error 404: No Document matches the given query. | URL: /api/v1/documents/99999/clauses/
[WARNING] 2026-06-19 13:43:05,547 error_handlers 19 123520497550208 Client Error 404: No Document matches the given query. | URL: /api/v1/documents/99999/clauses/
[WARNING] 2026-06-19 13:43:05,569 error_handlers 19 123520497550208 Client Error 400: Request body is empty. Please provide the required data in the request body. | URL: /api/v1/documents/765/clauses/
[WARNING] 2026-06-19 13:43:05,736 error_handlers 19 123520497550208 Client Error 404: No Document matches the given query. | URL: /api/v1/documents/99999/
[WARNING] 2026-06-19 13:43:05,761 error_handlers 19 123520497550208 Client Error 404: No Document matches the given query. | URL: /api/v1/documents/99999/summary/
[WARNING] 2026-06-19 13:43:06,001 error_handlers 19 123520497550208 Client Error 400: 'INVALID' is not valid. Allowed: uploaded, processing, completed, failed | URL: /api/v1/documents/
[WARNING] 2026-06-19 13:43:06,109 error_handlers 19 123520497550208 Client Error 400: File is empty (0 bytes). Please upload a valid PDF with content. | URL: /api/v1/documents/upload/
[WARNING] 2026-06-19 13:43:06,133 error_handlers 19 123520497550208 Client Error 400: No file provided. Please attach a PDF file using the 'file' field. | URL: /api/v1/documents/upload/
[WARNING] 2026-06-19 13:43:06,155 error_handlers 19 123520497550208 Client Error 400: No file provided. Please attach a PDF file using the 'file' field. | URL: /api/v1/documents/upload/
[WARNING] 2026-06-19 13:43:06,184 error_handlers 19 123520497550208 Client Error 400: 'test.txt' is not allowed. Only PDF files (.pdf) are accepted. | URL: /api/v1/documents/upload/
[WARNING] 2026-06-19 13:43:06,396 error_handlers 19 123520497550208 Client Error 404: No Document matches the given query. | URL: /api/v1/documents/99999/
[WARNING] 2026-06-19 13:43:06,429 error_handlers 19 123520497550208 Client Error 404: No Document matches the given query. | URL: /api/v1/documents/99999/
[WARNING] 2026-06-19 13:43:06,440 error_handlers 19 123520497550208 Client Error 400: No file provided. Please attach a PDF file using the 'file' field. | URL: /api/v1/documents/upload/
[WARNING] 2026-06-19 13:43:06,455 error_handlers 19 123520497550208 Client Error 400: 'INVALID' is not valid. Allowed: uploaded, processing, completed, failed | URL: /api/v1/documents/
[WARNING] 2026-06-19 13:43:06,493 error_handlers 19 123520497550208 Client Error 404: No Document matches the given query. | URL: /api/v1/documents/99999/
[WARNING] 2026-06-19 13:43:06,508 error_handlers 19 123520497550208 Client Error 400: No file provided. Please attach a PDF file using the 'file' field. | URL: /api/v1/documents/upload/
[WARNING] 2026-06-19 13:43:06,554 error_handlers 19 123520497550208 Client Error 404: No Document matches the given query. | URL: /api/v1/documents/99999/
[WARNING] 2026-06-19 13:43:06,581 error_handlers 19 123520497550208 Client Error 400: No file provided. Please attach a PDF file using the 'file' field. | URL: /api/v1/documents/upload/
[WARNING] 2026-06-19 13:43:06,622 error_handlers 19 123520497550208 Client Error 400: 'INVALID' is not valid. Allowed: uploaded, processing, completed, failed | URL: /api/v1/documents/
[WARNING] 2026-06-19 13:43:06,658 error_handlers 19 123520497550208 Client Error 400: 'WRONG' is not valid. Allowed: uploaded, processing, completed, failed | URL: /api/v1/documents/
[WARNING] 2026-06-19 13:43:06,685 error_handlers 19 123520497550208 Client Error 400: No file provided. Please attach a PDF file using the 'file' field. | URL: /api/v1/documents/upload/
[WARNING] 2026-06-19 13:43:06,820 error_handlers 19 123520497550208 Client Error 404: No Document matches the given query. | URL: /api/v1/nlp/documents/99999/
[WARNING] 2026-06-19 13:43:06,879 error_handlers 19 123520497550208 Client Error 409: Document 'completed_test.pdf' has already been processed and marked as completed. Use PATCH /api/v1/documents/824/update-status/ to make changes. | URL: /api/v1/nlp/documents/824/process/
[WARNING] 2026-06-19 13:43:06,903 error_handlers 19 123520497550208 Client Error 400: 'INVALID' is not valid. Allowed: uploaded, processing, completed, failed | URL: /api/v1/nlp/documents/825/process/
[WARNING] 2026-06-19 13:43:06,932 error_handlers 19 123520497550208 Client Error 404: No Document matches the given query. | URL: /api/v1/nlp/documents/99999/process/
[WARNING] 2026-06-19 13:43:06,989 error_handlers 19 123520497550208 Client Error 404: No Document matches the given query. | URL: /api/v1/nlp/documents/99999/results/
[WARNING] 2026-06-19 13:43:07,054 error_handlers 19 123520497550208 Client Error 400: 'WRONG' is not valid. Allowed: uploaded, processing, completed, failed | URL: /api/v1/nlp/documents/835/status/
[WARNING] 2026-06-19 13:43:07,082 error_handlers 19 123520497550208 Client Error 404: No Document matches the given query. | URL: /api/v1/nlp/documents/99999/status/
[WARNING] 2026-06-19 13:43:07,170 error_handlers 19 123520497550208 Client Error 404: No Document matches the given query. | URL: /api/v1/documents/99999/risks/
[WARNING] 2026-06-19 13:43:07,255 error_handlers 19 123520497550208 Client Error 400: Request body is empty. Please provide the required data in the request body. | URL: /api/v1/documents/847/risks/
[WARNING] 2026-06-19 13:43:07,335 error_handlers 19 123520497550208 Client Error 404: No Document matches the given query. | URL: /api/v1/documents/99999/risks/
[WARNING] 2026-06-19 13:43:07,412 error_handlers 19 123520497550208 Client Error 400: Request body is empty. Please provide the required data in the request body. | URL: /api/v1/documents/857/update-status/
[WARNING] 2026-06-19 13:43:07,465 error_handlers 19 123520497550208 Client Error 400: 'WRONG' is not valid. Allowed: uploaded, processing, completed, failed | URL: /api/v1/documents/861/update-status/
[WARNING] 2026-06-19 13:43:07,514 error_handlers 19 123520497550208 Client Error 404: No Document matches the given query. | URL: /api/v1/documents/99999/update-status/
[WARNING] 2026-06-19 13:43:08,044 error_handlers 19 123520497550208 Client Error 404: No Document matches the given query. | URL: /api/v1/documents/9999/
[WARNING] 2026-06-19 13:43:08,065 error_handlers 19 123520497550208 Client Error 404: No Document matches the given query. | URL: /api/v1/documents/0/
[WARNING] 2026-06-19 13:43:08,186 error_handlers 19 123520497550208 Client Error 400: 'WRONG' is not valid. Allowed: uploaded, processing, completed, failed | URL: /api/v1/documents/
[WARNING] 2026-06-19 13:43:08,281 error_handlers 19 123520497550208 Client Error 400: 'WRONG' is not valid. Allowed: uploaded, processing, completed, failed | URL: /api/v1/documents/
[WARNING] 2026-06-19 13:43:08,827 error_handlers 19 123520497550208 Client Error 400: Request body is empty. Please provide the required data in the request body. | URL: /api/v1/documents/907/update-status/
[WARNING] 2026-06-19 13:43:08,880 error_handlers 19 123520497550208 Client Error 400: 'INVALID_STATUS' is not valid. Allowed: uploaded, processing, completed, failed | URL: /api/v1/documents/909/update-status/
[WARNING] 2026-06-19 13:43:08,923 error_handlers 19 123520497550208 Client Error 404: No Document matches the given query. | URL: /api/v1/documents/9999/update-status/
[WARNING] 2026-06-19 13:43:09,207 error_handlers 19 123520497550208 Client Error 404: No Document matches the given query. | URL: /api/v1/documents/9999/summary/
[WARNING] 2026-06-19 13:43:09,451 error_handlers 19 123520497550208 Client Error 400: No file provided. Please attach a PDF file using the 'file' field. | URL: /api/v1/documents/upload/
[WARNING] 2026-06-19 13:43:09,483 error_handlers 19 123520497550208 Client Error 400: No file provided. Please attach a PDF file using the 'file' field. | URL: /api/v1/documents/upload/
[WARNING] 2026-06-19 13:43:09,520 error_handlers 19 123520497550208 Client Error 400: 'test.txt' is not allowed. Only PDF files (.pdf) are accepted. | URL: /api/v1/documents/upload/
[WARNING] 2026-06-19 13:43:09,540 error_handlers 19 123520497550208 Client Error 400: 'test.txt' is not allowed. Only PDF files (.pdf) are accepted. | URL: /api/v1/documents/upload/
[WARNING] 2026-06-19 13:43:09,918 error_handlers 19 123520497550208 Client Error 404: No Document matches the given query. | URL: /api/v1/documents/9999/clauses/
[WARNING] 2026-06-19 13:43:10,149 error_handlers 19 123520497550208 Client Error 404: No Document matches the given query. | URL: /api/v1/documents/9999/clauses/
[WARNING] 2026-06-19 13:43:10,210 error_handlers 19 123520497550208 Client Error 400: Request body is empty. Please provide the required data in the request body. | URL: /api/v1/documents/962/clauses/
[WARNING] 2026-06-19 13:43:10,602 error_handlers 19 123520497550208 Client Error 404: No Document matches the given query. | URL: /api/v1/documents/9999/risks/
[WARNING] 2026-06-19 13:43:10,728 error_handlers 19 123520497550208 Client Error 400: Request body is empty. Please provide the required data in the request body. | URL: /api/v1/documents/983/risks/
[WARNING] 2026-06-19 13:43:10,915 error_handlers 19 123520497550208 Client Error 404: No Document matches the given query. | URL: /api/v1/documents/9999/risks/
[WARNING] 2026-06-19 13:43:12,556 error_handlers 19 123520497550208 Client Error 409: Document 'integration_test_fIS0YJ3.pdf' has already been processed and marked as completed. Use PATCH /api/v1/documents/1022/update-status/ to make changes. | URL: /api/v1/nlp/documents/1022/process/
[WARNING] 2026-06-19 14:32:06,218 error_handlers 26 133302378550144 Client Error 404: Invalid page. | URL: /api/v1/documents/
[WARNING] 2026-06-19 14:32:06,264 error_handlers 26 133302378550144 Client Error 400: 'contract.docx' is not allowed. Only PDF files (.pdf) are accepted. | URL: /api/v1/documents/upload/
[WARNING] 2026-06-19 14:32:06,270 error_handlers 26 133302378550144 Client Error 400: File is empty (0 bytes). Please upload a valid PDF with content. | URL: /api/v1/documents/upload/
[WARNING] 2026-06-19 14:32:06,311 error_handlers 26 133302378550144 Client Error 400: 'scan.jpg' is not allowed. Only PDF files (.pdf) are accepted. | URL: /api/v1/documents/upload/
[WARNING] 2026-06-19 14:32:06,319 error_handlers 26 133302378550144 Client Error 400: No file provided. Please attach a PDF file using the 'file' field. | URL: /api/v1/documents/upload/
[WARNING] 2026-06-19 14:32:06,355 error_handlers 26 133302378550144 Client Error 400: 'WRONG' is not valid. Allowed: uploaded, processing, completed, failed | URL: /api/v1/nlp/documents/183/process/
[WARNING] 2026-06-19 14:32:06,577 error_handlers 26 133302378550144 Client Error 404: No Document matches the given query. | URL: /api/v1/documents/99999/update-status/
[WARNING] 2026-06-19 14:32:06,594 error_handlers 26 133302378550144 Client Error 400: 'COMPLETED' is not valid. Allowed: uploaded, processing, completed, failed | URL: /api/v1/documents/350/update-status/
[WARNING] 2026-06-19 14:32:07,191 error_handlers 26 133302378550144 Client Error 404: No Document matches the given query. | URL: /api/v1/nlp/documents/9999/
[WARNING] 2026-06-19 14:32:07,311 error_handlers 26 133302378550144 Client Error 404: No Document matches the given query. | URL: /api/v1/nlp/documents/9999/process/
[WARNING] 2026-06-19 14:32:07,320 error_handlers 26 133302378550144 Client Error 409: Document 'nlp_test.pdf' has already been processed and marked as completed. Use PATCH /api/v1/documents/420/update-status/ to make changes. | URL: /api/v1/nlp/documents/420/process/
[WARNING] 2026-06-19 14:32:07,454 error_handlers 26 133302378550144 Client Error 404: No Document matches the given query. | URL: /api/v1/nlp/documents/9999/results/
[WARNING] 2026-06-19 14:32:07,494 error_handlers 26 133302378550144 Client Error 400: Request body is empty. Please provide the required data in the request body. | URL: /api/v1/nlp/documents/438/status/
[WARNING] 2026-06-19 14:32:07,502 error_handlers 26 133302378550144 Client Error 400: 'INVALID' is not valid. Allowed: uploaded, processing, completed, failed | URL: /api/v1/nlp/documents/439/status/
[WARNING] 2026-06-19 14:32:07,516 error_handlers 26 133302378550144 Client Error 404: No Document matches the given query. | URL: /api/v1/nlp/documents/9999/status/
[WARNING] 2026-06-19 14:32:08,488 error_handlers 26 133302378550144 Client Error 400: File is empty (0 bytes). Please upload a valid PDF with content. | URL: /api/v1/documents/upload/
[WARNING] 2026-06-19 14:32:08,491 error_handlers 26 133302378550144 Client Error 400: 'malware.exe' is not allowed. Only PDF files (.pdf) are accepted. | URL: /api/v1/documents/upload/
[WARNING] 2026-06-19 14:32:08,547 error_handlers 26 133302378550144 Client Error 413: File size 11.0MB exceeds the 10MB limit. Please compress your PDF. | URL: /api/v1/documents/upload/
[WARNING] 2026-06-19 14:32:08,562 error_handlers 26 133302378550144 Client Error 400: '' OR 1=1 --' is not valid. Allowed: uploaded, processing, completed, failed | URL: /api/v1/documents/
[WARNING] 2026-06-19 14:32:08,578 error_handlers 26 133302378550144 Client Error 404: No Document matches the given query. | URL: /api/v1/documents/99999/
[WARNING] 2026-06-19 14:32:08,583 error_handlers 26 133302378550144 Client Error 400: No file provided. Please attach a PDF file using the 'file' field. | URL: /api/v1/documents/upload/
[WARNING] 2026-06-19 14:32:08,743 error_handlers 26 133302378550144 Client Error 404: No Document matches the given query. | URL: /api/v1/documents/99999/clauses/
[WARNING] 2026-06-19 14:32:08,791 error_handlers 26 133302378550144 Client Error 404: No Document matches the given query. | URL: /api/v1/documents/99999/clauses/
[WARNING] 2026-06-19 14:32:08,801 error_handlers 26 133302378550144 Client Error 400: Request body is empty. Please provide the required data in the request body. | URL: /api/v1/documents/765/clauses/
[WARNING] 2026-06-19 14:32:08,859 error_handlers 26 133302378550144 Client Error 404: No Document matches the given query. | URL: /api/v1/documents/99999/
[WARNING] 2026-06-19 14:32:08,869 error_handlers 26 133302378550144 Client Error 404: No Document matches the given query. | URL: /api/v1/documents/99999/summary/
[WARNING] 2026-06-19 14:32:08,953 error_handlers 26 133302378550144 Client Error 400: 'INVALID' is not valid. Allowed: uploaded, processing, completed, failed | URL: /api/v1/documents/
[WARNING] 2026-06-19 14:32:08,985 error_handlers 26 133302378550144 Client Error 400: File is empty (0 bytes). Please upload a valid PDF with content. | URL: /api/v1/documents/upload/
[WARNING] 2026-06-19 14:32:08,991 error_handlers 26 133302378550144 Client Error 400: No file provided. Please attach a PDF file using the 'file' field. | URL: /api/v1/documents/upload/
[WARNING] 2026-06-19 14:32:09,002 error_handlers 26 133302378550144 Client Error 400: No file provided. Please attach a PDF file using the 'file' field. | URL: /api/v1/documents/upload/
[WARNING] 2026-06-19 14:32:09,009 error_handlers 26 133302378550144 Client Error 400: 'test.txt' is not allowed. Only PDF files (.pdf) are accepted. | URL: /api/v1/documents/upload/
[WARNING] 2026-06-19 14:32:09,053 error_handlers 26 133302378550144 Client Error 404: No Document matches the given query. | URL: /api/v1/documents/99999/
[WARNING] 2026-06-19 14:32:09,059 error_handlers 26 133302378550144 Client Error 404: No Document matches the given query. | URL: /api/v1/documents/99999/
[WARNING] 2026-06-19 14:32:09,062 error_handlers 26 133302378550144 Client Error 400: No file provided. Please attach a PDF file using the 'file' field. | URL: /api/v1/documents/upload/
[WARNING] 2026-06-19 14:32:09,067 error_handlers 26 133302378550144 Client Error 400: 'INVALID' is not valid. Allowed: uploaded, processing, completed, failed | URL: /api/v1/documents/
[WARNING] 2026-06-19 14:32:09,078 error_handlers 26 133302378550144 Client Error 404: No Document matches the given query. | URL: /api/v1/documents/99999/
[WARNING] 2026-06-19 14:32:09,082 error_handlers 26 133302378550144 Client Error 400: No file provided. Please attach a PDF file using the 'file' field. | URL: /api/v1/documents/upload/
[WARNING] 2026-06-19 14:32:09,092 error_handlers 26 133302378550144 Client Error 404: No Document matches the given query. | URL: /api/v1/documents/99999/
[WARNING] 2026-06-19 14:32:09,094 error_handlers 26 133302378550144 Client Error 400: No file provided. Please attach a PDF file using the 'file' field. | URL: /api/v1/documents/upload/
[WARNING] 2026-06-19 14:32:09,097 error_handlers 26 133302378550144 Client Error 400: 'INVALID' is not valid. Allowed: uploaded, processing, completed, failed | URL: /api/v1/documents/
[WARNING] 2026-06-19 14:32:09,107 error_handlers 26 133302378550144 Client Error 400: 'WRONG' is not valid. Allowed: uploaded, processing, completed, failed | URL: /api/v1/documents/
[WARNING] 2026-06-19 14:32:09,114 error_handlers 26 133302378550144 Client Error 400: No file provided. Please attach a PDF file using the 'file' field. | URL: /api/v1/documents/upload/
[WARNING] 2026-06-19 14:32:09,158 error_handlers 26 133302378550144 Client Error 404: No Document matches the given query. | URL: /api/v1/nlp/documents/99999/
[WARNING] 2026-06-19 14:32:09,173 error_handlers 26 133302378550144 Client Error 409: Document 'completed_test.pdf' has already been processed and marked as completed. Use PATCH /api/v1/documents/824/update-status/ to make changes. | URL: /api/v1/nlp/documents/824/process/
[WARNING] 2026-06-19 14:32:09,180 error_handlers 26 133302378550144 Client Error 400: 'INVALID' is not valid. Allowed: uploaded, processing, completed, failed | URL: /api/v1/nlp/documents/825/process/
[WARNING] 2026-06-19 14:32:09,187 error_handlers 26 133302378550144 Client Error 404: No Document matches the given query. | URL: /api/v1/nlp/documents/99999/process/
[WARNING] 2026-06-19 14:32:09,204 error_handlers 26 133302378550144 Client Error 404: No Document matches the given query. | URL: /api/v1/nlp/documents/99999/results/
[WARNING] 2026-06-19 14:32:09,222 error_handlers 26 133302378550144 Client Error 400: 'WRONG' is not valid. Allowed: uploaded, processing, completed, failed | URL: /api/v1/nlp/documents/835/status/
[WARNING] 2026-06-19 14:32:09,228 error_handlers 26 133302378550144 Client Error 404: No Document matches the given query. | URL: /api/v1/nlp/documents/99999/status/
[WARNING] 2026-06-19 14:32:09,249 error_handlers 26 133302378550144 Client Error 404: No Document matches the given query. | URL: /api/v1/documents/99999/risks/
[WARNING] 2026-06-19 14:32:09,274 error_handlers 26 133302378550144 Client Error 400: Request body is empty. Please provide the required data in the request body. | URL: /api/v1/documents/847/risks/
[WARNING] 2026-06-19 14:32:09,302 error_handlers 26 133302378550144 Client Error 404: No Document matches the given query. | URL: /api/v1/documents/99999/risks/
[WARNING] 2026-06-19 14:32:09,332 error_handlers 26 133302378550144 Client Error 400: Request body is empty. Please provide the required data in the request body. | URL: /api/v1/documents/857/update-status/
[WARNING] 2026-06-19 14:32:09,351 error_handlers 26 133302378550144 Client Error 400: 'WRONG' is not valid. Allowed: uploaded, processing, completed, failed | URL: /api/v1/documents/861/update-status/
[WARNING] 2026-06-19 14:32:09,369 error_handlers 26 133302378550144 Client Error 404: No Document matches the given query. | URL: /api/v1/documents/99999/update-status/
[WARNING] 2026-06-19 14:32:09,535 error_handlers 26 133302378550144 Client Error 404: No Document matches the given query. | URL: /api/v1/documents/9999/
[WARNING] 2026-06-19 14:32:09,540 error_handlers 26 133302378550144 Client Error 404: No Document matches the given query. | URL: /api/v1/documents/0/
[WARNING] 2026-06-19 14:32:09,573 error_handlers 26 133302378550144 Client Error 400: 'WRONG' is not valid. Allowed: uploaded, processing, completed, failed | URL: /api/v1/documents/
[WARNING] 2026-06-19 14:32:09,594 error_handlers 26 133302378550144 Client Error 400: 'WRONG' is not valid. Allowed: uploaded, processing, completed, failed | URL: /api/v1/documents/
[WARNING] 2026-06-19 14:32:09,725 error_handlers 26 133302378550144 Client Error 400: Request body is empty. Please provide the required data in the request body. | URL: /api/v1/documents/907/update-status/
[WARNING] 2026-06-19 14:32:09,740 error_handlers 26 133302378550144 Client Error 400: 'INVALID_STATUS' is not valid. Allowed: uploaded, processing, completed, failed | URL: /api/v1/documents/909/update-status/
[WARNING] 2026-06-19 14:32:09,760 error_handlers 26 133302378550144 Client Error 404: No Document matches the given query. | URL: /api/v1/documents/9999/update-status/
[WARNING] 2026-06-19 14:32:09,858 error_handlers 26 133302378550144 Client Error 404: No Document matches the given query. | URL: /api/v1/documents/9999/summary/
[WARNING] 2026-06-19 14:32:09,930 error_handlers 26 133302378550144 Client Error 400: No file provided. Please attach a PDF file using the 'file' field. | URL: /api/v1/documents/upload/
[WARNING] 2026-06-19 14:32:09,935 error_handlers 26 133302378550144 Client Error 400: No file provided. Please attach a PDF file using the 'file' field. | URL: /api/v1/documents/upload/
[WARNING] 2026-06-19 14:32:09,939 error_handlers 26 133302378550144 Client Error 400: 'test.txt' is not allowed. Only PDF files (.pdf) are accepted. | URL: /api/v1/documents/upload/
[WARNING] 2026-06-19 14:32:09,944 error_handlers 26 133302378550144 Client Error 400: 'test.txt' is not allowed. Only PDF files (.pdf) are accepted. | URL: /api/v1/documents/upload/
[WARNING] 2026-06-19 14:32:10,059 error_handlers 26 133302378550144 Client Error 404: No Document matches the given query. | URL: /api/v1/documents/9999/clauses/
[WARNING] 2026-06-19 14:32:10,132 error_handlers 26 133302378550144 Client Error 404: No Document matches the given query. | URL: /api/v1/documents/9999/clauses/
[WARNING] 2026-06-19 14:32:10,152 error_handlers 26 133302378550144 Client Error 400: Request body is empty. Please provide the required data in the request body. | URL: /api/v1/documents/962/clauses/
[WARNING] 2026-06-19 14:32:10,278 error_handlers 26 133302378550144 Client Error 404: No Document matches the given query. | URL: /api/v1/documents/9999/risks/
[WARNING] 2026-06-19 14:32:10,321 error_handlers 26 133302378550144 Client Error 400: Request body is empty. Please provide the required data in the request body. | URL: /api/v1/documents/983/risks/
[WARNING] 2026-06-19 14:32:10,368 error_handlers 26 133302378550144 Client Error 404: No Document matches the given query. | URL: /api/v1/documents/9999/risks/
[WARNING] 2026-06-19 14:32:10,766 error_handlers 26 133302378550144 Client Error 409: Document 'integration_test_YtLHHD4.pdf' has already been processed and marked as completed. Use PATCH /api/v1/documents/1022/update-status/ to make changes. | URL: /api/v1/nlp/documents/1022/process/
[WARNING] 2026-06-19 14:58:01,241 error_handlers 13 130774459847552 Client Error 400: Request body is empty. Please provide the required data in the request body. | URL: /api/v1/documents/22/update-status/
[WARNING] 2026-06-19 14:58:01,259 error_handlers 13 130774459847552 Client Error 400: 'WRONG' is not valid. Allowed: uploaded, processing, completed, failed | URL: /api/v1/documents/
[WARNING] 2026-06-19 14:58:01,267 error_handlers 13 130774459847552 Client Error 404: No Document matches the given query. | URL: /api/v1/documents/99999/
[WARNING] 2026-06-19 14:58:01,277 error_handlers 13 130774459847552 Client Error 409: Document 'final_test.pdf' has already been processed and marked as completed. Use PATCH /api/v1/documents/27/update-status/ to make changes. | URL: /api/v1/nlp/documents/27/process/
[WARNING] 2026-06-19 14:58:01,282 error_handlers 13 130774459847552 Client Error 400: No file provided. Please attach a PDF file using the 'file' field. | URL: /api/v1/documents/upload/
[WARNING] 2026-06-19 14:58:01,292 error_handlers 13 130774459847552 Client Error 400: 'doc.txt' is not allowed. Only PDF files (.pdf) are accepted. | URL: /api/v1/documents/upload/
[WARNING] 2026-06-19 14:58:01,458 error_handlers 13 130774459847552 Client Error 404: No Document matches the given query. | URL: /api/v1/documents/99999/
[WARNING] 2026-06-19 14:58:01,561 error_handlers 13 130774459847552 Client Error 404: No Document matches the given query. | URL: /api/v1/documents/99999/
[WARNING] 2026-06-19 14:58:01,613 error_handlers 13 130774459847552 Client Error 404: No Document matches the given query. | URL: /api/v1/documents/99999/
[WARNING] 2026-06-19 14:58:01,615 error_handlers 13 130774459847552 Client Error 400: No file provided. Please attach a PDF file using the 'file' field. | URL: /api/v1/documents/upload/
[WARNING] 2026-06-19 14:58:01,616 error_handlers 13 130774459847552 Client Error 400: 'INVALID' is not valid. Allowed: uploaded, processing, completed, failed | URL: /api/v1/documents/
[WARNING] 2026-06-19 14:58:11,599 error_handlers 19 137660282762112 Client Error 404: Invalid page. | URL: /api/v1/documents/
[WARNING] 2026-06-19 14:58:11,644 error_handlers 19 137660282762112 Client Error 400: 'contract.docx' is not allowed. Only PDF files (.pdf) are accepted. | URL: /api/v1/documents/upload/
[WARNING] 2026-06-19 14:58:11,648 error_handlers 19 137660282762112 Client Error 400: File is empty (0 bytes). Please upload a valid PDF with content. | URL: /api/v1/documents/upload/
[WARNING] 2026-06-19 14:58:11,681 error_handlers 19 137660282762112 Client Error 400: 'scan.jpg' is not allowed. Only PDF files (.pdf) are accepted. | URL: /api/v1/documents/upload/
[WARNING] 2026-06-19 14:58:11,684 error_handlers 19 137660282762112 Client Error 400: No file provided. Please attach a PDF file using the 'file' field. | URL: /api/v1/documents/upload/
[WARNING] 2026-06-19 14:58:11,719 error_handlers 19 137660282762112 Client Error 400: 'WRONG' is not valid. Allowed: uploaded, processing, completed, failed | URL: /api/v1/nlp/documents/183/process/
[WARNING] 2026-06-19 14:58:11,944 error_handlers 19 137660282762112 Client Error 404: No Document matches the given query. | URL: /api/v1/documents/99999/update-status/
[WARNING] 2026-06-19 14:58:11,959 error_handlers 19 137660282762112 Client Error 400: 'COMPLETED' is not valid. Allowed: uploaded, processing, completed, failed | URL: /api/v1/documents/350/update-status/
[WARNING] 2026-06-19 14:58:12,171 error_handlers 19 137660282762112 Client Error 400: Request body is empty. Please provide the required data in the request body. | URL: /api/v1/documents/374/update-status/
[WARNING] 2026-06-19 14:58:12,195 error_handlers 19 137660282762112 Client Error 400: 'WRONG' is not valid. Allowed: uploaded, processing, completed, failed | URL: /api/v1/documents/
[WARNING] 2026-06-19 14:58:12,201 error_handlers 19 137660282762112 Client Error 404: No Document matches the given query. | URL: /api/v1/documents/99999/
[WARNING] 2026-06-19 14:58:12,209 error_handlers 19 137660282762112 Client Error 409: Document 'final_test.pdf' has already been processed and marked as completed. Use PATCH /api/v1/documents/379/update-status/ to make changes. | URL: /api/v1/nlp/documents/379/process/
[WARNING] 2026-06-19 14:58:12,215 error_handlers 19 137660282762112 Client Error 400: No file provided. Please attach a PDF file using the 'file' field. | URL: /api/v1/documents/upload/
[WARNING] 2026-06-19 14:58:12,228 error_handlers 19 137660282762112 Client Error 400: 'doc.txt' is not allowed. Only PDF files (.pdf) are accepted. | URL: /api/v1/documents/upload/
[WARNING] 2026-06-19 14:58:12,397 error_handlers 19 137660282762112 Client Error 404: No Document matches the given query. | URL: /api/v1/documents/99999/
[WARNING] 2026-06-19 14:58:12,496 error_handlers 19 137660282762112 Client Error 404: No Document matches the given query. | URL: /api/v1/documents/99999/
[WARNING] 2026-06-19 14:58:12,534 error_handlers 19 137660282762112 Client Error 404: No Document matches the given query. | URL: /api/v1/documents/99999/
[WARNING] 2026-06-19 14:58:12,536 error_handlers 19 137660282762112 Client Error 400: No file provided. Please attach a PDF file using the 'file' field. | URL: /api/v1/documents/upload/
[WARNING] 2026-06-19 14:58:12,540 error_handlers 19 137660282762112 Client Error 400: 'INVALID' is not valid. Allowed: uploaded, processing, completed, failed | URL: /api/v1/documents/
[WARNING] 2026-06-19 14:58:13,170 error_handlers 19 137660282762112 Client Error 404: No Document matches the given query. | URL: /api/v1/nlp/documents/9999/
[WARNING] 2026-06-19 14:58:13,278 error_handlers 19 137660282762112 Client Error 404: No Document matches the given query. | URL: /api/v1/nlp/documents/9999/process/
[WARNING] 2026-06-19 14:58:13,282 error_handlers 19 137660282762112 Client Error 409: Document 'nlp_test.pdf' has already been processed and marked as completed. Use PATCH /api/v1/documents/475/update-status/ to make changes. | URL: /api/v1/nlp/documents/475/process/
[WARNING] 2026-06-19 14:58:13,408 error_handlers 19 137660282762112 Client Error 404: No Document matches the given query. | URL: /api/v1/nlp/documents/9999/results/
[WARNING] 2026-06-19 14:58:13,447 error_handlers 19 137660282762112 Client Error 400: Request body is empty. Please provide the required data in the request body. | URL: /api/v1/nlp/documents/493/status/
[WARNING] 2026-06-19 14:58:13,452 error_handlers 19 137660282762112 Client Error 400: 'INVALID' is not valid. Allowed: uploaded, processing, completed, failed | URL: /api/v1/nlp/documents/494/status/
[WARNING] 2026-06-19 14:58:13,465 error_handlers 19 137660282762112 Client Error 404: No Document matches the given query. | URL: /api/v1/nlp/documents/9999/status/
[WARNING] 2026-06-19 14:58:14,449 error_handlers 19 137660282762112 Client Error 400: File is empty (0 bytes). Please upload a valid PDF with content. | URL: /api/v1/documents/upload/
[WARNING] 2026-06-19 14:58:14,453 error_handlers 19 137660282762112 Client Error 400: 'malware.exe' is not allowed. Only PDF files (.pdf) are accepted. | URL: /api/v1/documents/upload/
[WARNING] 2026-06-19 14:58:14,499 error_handlers 19 137660282762112 Client Error 413: File size 11.0MB exceeds the 10MB limit. Please compress your PDF. | URL: /api/v1/documents/upload/
[WARNING] 2026-06-19 14:58:14,513 error_handlers 19 137660282762112 Client Error 400: '' OR 1=1 --' is not valid. Allowed: uploaded, processing, completed, failed | URL: /api/v1/documents/
[WARNING] 2026-06-19 14:58:14,524 error_handlers 19 137660282762112 Client Error 404: No Document matches the given query. | URL: /api/v1/documents/99999/
[WARNING] 2026-06-19 14:58:14,527 error_handlers 19 137660282762112 Client Error 400: No file provided. Please attach a PDF file using the 'file' field. | URL: /api/v1/documents/upload/
[WARNING] 2026-06-19 14:58:14,640 error_handlers 19 137660282762112 Client Error 404: No Document matches the given query. | URL: /api/v1/documents/99999/clauses/
[WARNING] 2026-06-19 14:58:14,665 error_handlers 19 137660282762112 Client Error 404: No Document matches the given query. | URL: /api/v1/documents/99999/clauses/
[WARNING] 2026-06-19 14:58:14,670 error_handlers 19 137660282762112 Client Error 400: Request body is empty. Please provide the required data in the request body. | URL: /api/v1/documents/820/clauses/
[WARNING] 2026-06-19 14:58:14,709 error_handlers 19 137660282762112 Client Error 404: No Document matches the given query. | URL: /api/v1/documents/99999/
[WARNING] 2026-06-19 14:58:14,715 error_handlers 19 137660282762112 Client Error 404: No Document matches the given query. | URL: /api/v1/documents/99999/summary/
[WARNING] 2026-06-19 14:58:14,763 error_handlers 19 137660282762112 Client Error 400: 'INVALID' is not valid. Allowed: uploaded, processing, completed, failed | URL: /api/v1/documents/
[WARNING] 2026-06-19 14:58:14,795 error_handlers 19 137660282762112 Client Error 400: File is empty (0 bytes). Please upload a valid PDF with content. | URL: /api/v1/documents/upload/
[WARNING] 2026-06-19 14:58:14,800 error_handlers 19 137660282762112 Client Error 400: No file provided. Please attach a PDF file using the 'file' field. | URL: /api/v1/documents/upload/
[WARNING] 2026-06-19 14:58:14,807 error_handlers 19 137660282762112 Client Error 400: No file provided. Please attach a PDF file using the 'file' field. | URL: /api/v1/documents/upload/
[WARNING] 2026-06-19 14:58:14,813 error_handlers 19 137660282762112 Client Error 400: 'test.txt' is not allowed. Only PDF files (.pdf) are accepted. | URL: /api/v1/documents/upload/
[WARNING] 2026-06-19 14:58:14,851 error_handlers 19 137660282762112 Client Error 404: No Document matches the given query. | URL: /api/v1/documents/99999/
[WARNING] 2026-06-19 14:58:14,859 error_handlers 19 137660282762112 Client Error 404: No Document matches the given query. | URL: /api/v1/documents/99999/
[WARNING] 2026-06-19 14:58:14,861 error_handlers 19 137660282762112 Client Error 400: No file provided. Please attach a PDF file using the 'file' field. | URL: /api/v1/documents/upload/
[WARNING] 2026-06-19 14:58:14,863 error_handlers 19 137660282762112 Client Error 400: 'INVALID' is not valid. Allowed: uploaded, processing, completed, failed | URL: /api/v1/documents/
[WARNING] 2026-06-19 14:58:14,868 error_handlers 19 137660282762112 Client Error 404: No Document matches the given query. | URL: /api/v1/documents/99999/
[WARNING] 2026-06-19 14:58:14,871 error_handlers 19 137660282762112 Client Error 400: No file provided. Please attach a PDF file using the 'file' field. | URL: /api/v1/documents/upload/
[WARNING] 2026-06-19 14:58:14,879 error_handlers 19 137660282762112 Client Error 404: No Document matches the given query. | URL: /api/v1/documents/99999/
[WARNING] 2026-06-19 14:58:14,881 error_handlers 19 137660282762112 Client Error 400: No file provided. Please attach a PDF file using the 'file' field. | URL: /api/v1/documents/upload/
[WARNING] 2026-06-19 14:58:14,884 error_handlers 19 137660282762112 Client Error 400: 'INVALID' is not valid. Allowed: uploaded, processing, completed, failed | URL: /api/v1/documents/
[WARNING] 2026-06-19 14:58:14,891 error_handlers 19 137660282762112 Client Error 400: 'WRONG' is not valid. Allowed: uploaded, processing, completed, failed | URL: /api/v1/documents/
[WARNING] 2026-06-19 14:58:14,898 error_handlers 19 137660282762112 Client Error 400: No file provided. Please attach a PDF file using the 'file' field. | URL: /api/v1/documents/upload/
[WARNING] 2026-06-19 14:58:14,943 error_handlers 19 137660282762112 Client Error 404: No Document matches the given query. | URL: /api/v1/nlp/documents/99999/
[WARNING] 2026-06-19 14:58:14,958 error_handlers 19 137660282762112 Client Error 409: Document 'completed_test.pdf' has already been processed and marked as completed. Use PATCH /api/v1/documents/879/update-status/ to make changes. | URL: /api/v1/nlp/documents/879/process/
[WARNING] 2026-06-19 14:58:14,964 error_handlers 19 137660282762112 Client Error 400: 'INVALID' is not valid. Allowed: uploaded, processing, completed, failed | URL: /api/v1/nlp/documents/880/process/
[WARNING] 2026-06-19 14:58:14,974 error_handlers 19 137660282762112 Client Error 404: No Document matches the given query. | URL: /api/v1/nlp/documents/99999/process/
[WARNING] 2026-06-19 14:58:14,995 error_handlers 19 137660282762112 Client Error 404: No Document matches the given query. | URL: /api/v1/nlp/documents/99999/results/
[WARNING] 2026-06-19 14:58:15,024 error_handlers 19 137660282762112 Client Error 400: 'WRONG' is not valid. Allowed: uploaded, processing, completed, failed | URL: /api/v1/nlp/documents/890/status/
[WARNING] 2026-06-19 14:58:15,031 error_handlers 19 137660282762112 Client Error 404: No Document matches the given query. | URL: /api/v1/nlp/documents/99999/status/
[WARNING] 2026-06-19 14:58:15,061 error_handlers 19 137660282762112 Client Error 404: No Document matches the given query. | URL: /api/v1/documents/99999/risks/
[WARNING] 2026-06-19 14:58:15,089 error_handlers 19 137660282762112 Client Error 400: Request body is empty. Please provide the required data in the request body. | URL: /api/v1/documents/902/risks/
[WARNING] 2026-06-19 14:58:15,110 error_handlers 19 137660282762112 Client Error 404: No Document matches the given query. | URL: /api/v1/documents/99999/risks/
[WARNING] 2026-06-19 14:58:15,138 error_handlers 19 137660282762112 Client Error 400: Request body is empty. Please provide the required data in the request body. | URL: /api/v1/documents/912/update-status/
[WARNING] 2026-06-19 14:58:15,154 error_handlers 19 137660282762112 Client Error 400: 'WRONG' is not valid. Allowed: uploaded, processing, completed, failed | URL: /api/v1/documents/916/update-status/
[WARNING] 2026-06-19 14:58:15,187 error_handlers 19 137660282762112 Client Error 404: No Document matches the given query. | URL: /api/v1/documents/99999/update-status/
[WARNING] 2026-06-19 14:58:15,346 error_handlers 19 137660282762112 Client Error 404: No Document matches the given query. | URL: /api/v1/documents/9999/
[WARNING] 2026-06-19 14:58:15,351 error_handlers 19 137660282762112 Client Error 404: No Document matches the given query. | URL: /api/v1/documents/0/
[WARNING] 2026-06-19 14:58:15,389 error_handlers 19 137660282762112 Client Error 400: 'WRONG' is not valid. Allowed: uploaded, processing, completed, failed | URL: /api/v1/documents/
[WARNING] 2026-06-19 14:58:15,411 error_handlers 19 137660282762112 Client Error 400: 'WRONG' is not valid. Allowed: uploaded, processing, completed, failed | URL: /api/v1/documents/
[WARNING] 2026-06-19 14:58:15,528 error_handlers 19 137660282762112 Client Error 400: Request body is empty. Please provide the required data in the request body. | URL: /api/v1/documents/962/update-status/
[WARNING] 2026-06-19 14:58:15,541 error_handlers 19 137660282762112 Client Error 400: 'INVALID_STATUS' is not valid. Allowed: uploaded, processing, completed, failed | URL: /api/v1/documents/964/update-status/
[WARNING] 2026-06-19 14:58:15,551 error_handlers 19 137660282762112 Client Error 404: No Document matches the given query. | URL: /api/v1/documents/9999/update-status/
[WARNING] 2026-06-19 14:58:15,630 error_handlers 19 137660282762112 Client Error 404: No Document matches the given query. | URL: /api/v1/documents/9999/summary/
[WARNING] 2026-06-19 14:58:15,692 error_handlers 19 137660282762112 Client Error 400: No file provided. Please attach a PDF file using the 'file' field. | URL: /api/v1/documents/upload/
[WARNING] 2026-06-19 14:58:15,698 error_handlers 19 137660282762112 Client Error 400: No file provided. Please attach a PDF file using the 'file' field. | URL: /api/v1/documents/upload/
[WARNING] 2026-06-19 14:58:15,703 error_handlers 19 137660282762112 Client Error 400: 'test.txt' is not allowed. Only PDF files (.pdf) are accepted. | URL: /api/v1/documents/upload/
[WARNING] 2026-06-19 14:58:15,710 error_handlers 19 137660282762112 Client Error 400: 'test.txt' is not allowed. Only PDF files (.pdf) are accepted. | URL: /api/v1/documents/upload/
[WARNING] 2026-06-19 14:58:15,818 error_handlers 19 137660282762112 Client Error 404: No Document matches the given query. | URL: /api/v1/documents/9999/clauses/
[WARNING] 2026-06-19 14:58:15,892 error_handlers 19 137660282762112 Client Error 404: No Document matches the given query. | URL: /api/v1/documents/9999/clauses/
[WARNING] 2026-06-19 14:58:15,912 error_handlers 19 137660282762112 Client Error 400: Request body is empty. Please provide the required data in the request body. | URL: /api/v1/documents/1017/clauses/
[WARNING] 2026-06-19 14:58:16,022 error_handlers 19 137660282762112 Client Error 404: No Document matches the given query. | URL: /api/v1/documents/9999/risks/
[WARNING] 2026-06-19 14:58:16,060 error_handlers 19 137660282762112 Client Error 400: Request body is empty. Please provide the required data in the request body. | URL: /api/v1/documents/1038/risks/
[WARNING] 2026-06-19 14:58:16,098 error_handlers 19 137660282762112 Client Error 404: No Document matches the given query. | URL: /api/v1/documents/9999/risks/
[WARNING] 2026-06-19 14:58:16,470 error_handlers 19 137660282762112 Client Error 409: Document 'integration_test_QCqGfoS.pdf' has already been processed and marked as completed. Use PATCH /api/v1/documents/1077/update-status/ to make changes. | URL: /api/v1/nlp/documents/1077/process/
[WARNING] 2026-06-21 06:00:12,316 error_handlers 14 139542039475072 Client Error 400: Request body is empty. Please provide the required data in the request body. | URL: /api/v1/documents/22/update-status/
[WARNING] 2026-06-21 06:00:12,356 error_handlers 14 139542039475072 Client Error 400: 'WRONG' is not valid. Allowed: uploaded, processing, completed, failed | URL: /api/v1/documents/
[WARNING] 2026-06-21 06:00:12,366 error_handlers 14 139542039475072 Client Error 404: No Document matches the given query. | URL: /api/v1/documents/99999/
[WARNING] 2026-06-21 06:00:12,379 error_handlers 14 139542039475072 Client Error 409: Document 'final_test.pdf' has already been processed and marked as completed. Use PATCH /api/v1/documents/27/update-status/ to make changes. | URL: /api/v1/nlp/documents/27/process/
[WARNING] 2026-06-21 06:00:12,389 error_handlers 14 139542039475072 Client Error 400: No file provided. Please attach a PDF file using the 'file' field. | URL: /api/v1/documents/upload/
[WARNING] 2026-06-21 06:00:12,401 error_handlers 14 139542039475072 Client Error 400: 'doc.txt' is not allowed. Only PDF files (.pdf) are accepted. | URL: /api/v1/documents/upload/
[WARNING] 2026-06-21 06:00:12,705 error_handlers 14 139542039475072 Client Error 404: No Document matches the given query. | URL: /api/v1/documents/99999/
[WARNING] 2026-06-21 06:00:12,878 error_handlers 14 139542039475072 Client Error 404: No Document matches the given query. | URL: /api/v1/documents/99999/
[WARNING] 2026-06-21 06:00:12,955 error_handlers 14 139542039475072 Client Error 404: No Document matches the given query. | URL: /api/v1/documents/99999/
[WARNING] 2026-06-21 06:00:12,958 error_handlers 14 139542039475072 Client Error 400: No file provided. Please attach a PDF file using the 'file' field. | URL: /api/v1/documents/upload/
[WARNING] 2026-06-21 06:00:12,963 error_handlers 14 139542039475072 Client Error 400: 'INVALID' is not valid. Allowed: uploaded, processing, completed, failed | URL: /api/v1/documents/
[WARNING] 2026-06-21 06:01:03,888 error_handlers 20 126025945101184 Client Error 404: Invalid page. | URL: /api/v1/documents/
[WARNING] 2026-06-21 06:01:03,980 error_handlers 20 126025945101184 Client Error 400: 'contract.docx' is not allowed. Only PDF files (.pdf) are accepted. | URL: /api/v1/documents/upload/
[WARNING] 2026-06-21 06:01:03,987 error_handlers 20 126025945101184 Client Error 400: File is empty (0 bytes). Please upload a valid PDF with content. | URL: /api/v1/documents/upload/
[WARNING] 2026-06-21 06:01:04,060 error_handlers 20 126025945101184 Client Error 400: 'scan.jpg' is not allowed. Only PDF files (.pdf) are accepted. | URL: /api/v1/documents/upload/
[WARNING] 2026-06-21 06:01:04,066 error_handlers 20 126025945101184 Client Error 400: No file provided. Please attach a PDF file using the 'file' field. | URL: /api/v1/documents/upload/
[WARNING] 2026-06-21 06:01:04,156 error_handlers 20 126025945101184 Client Error 400: 'WRONG' is not valid. Allowed: uploaded, processing, completed, failed | URL: /api/v1/nlp/documents/183/process/
[WARNING] 2026-06-21 06:01:04,534 error_handlers 20 126025945101184 Client Error 404: No Document matches the given query. | URL: /api/v1/documents/99999/update-status/
[WARNING] 2026-06-21 06:01:04,568 error_handlers 20 126025945101184 Client Error 400: 'COMPLETED' is not valid. Allowed: uploaded, processing, completed, failed | URL: /api/v1/documents/350/update-status/
[WARNING] 2026-06-21 06:01:04,877 error_handlers 20 126025945101184 Client Error 400: Request body is empty. Please provide the required data in the request body. | URL: /api/v1/documents/374/update-status/
[WARNING] 2026-06-21 06:01:04,904 error_handlers 20 126025945101184 Client Error 400: 'WRONG' is not valid. Allowed: uploaded, processing, completed, failed | URL: /api/v1/documents/
[WARNING] 2026-06-21 06:01:04,911 error_handlers 20 126025945101184 Client Error 404: No Document matches the given query. | URL: /api/v1/documents/99999/
[WARNING] 2026-06-21 06:01:04,920 error_handlers 20 126025945101184 Client Error 409: Document 'final_test.pdf' has already been processed and marked as completed. Use PATCH /api/v1/documents/379/update-status/ to make changes. | URL: /api/v1/nlp/documents/379/process/
[WARNING] 2026-06-21 06:01:04,930 error_handlers 20 126025945101184 Client Error 400: No file provided. Please attach a PDF file using the 'file' field. | URL: /api/v1/documents/upload/
[WARNING] 2026-06-21 06:01:04,943 error_handlers 20 126025945101184 Client Error 400: 'doc.txt' is not allowed. Only PDF files (.pdf) are accepted. | URL: /api/v1/documents/upload/
[WARNING] 2026-06-21 06:01:05,214 error_handlers 20 126025945101184 Client Error 404: No Document matches the given query. | URL: /api/v1/documents/99999/
[WARNING] 2026-06-21 06:01:05,375 error_handlers 20 126025945101184 Client Error 404: No Document matches the given query. | URL: /api/v1/documents/99999/
[WARNING] 2026-06-21 06:01:05,438 error_handlers 20 126025945101184 Client Error 404: No Document matches the given query. | URL: /api/v1/documents/99999/
[WARNING] 2026-06-21 06:01:05,443 error_handlers 20 126025945101184 Client Error 400: No file provided. Please attach a PDF file using the 'file' field. | URL: /api/v1/documents/upload/
[WARNING] 2026-06-21 06:01:05,447 error_handlers 20 126025945101184 Client Error 400: 'INVALID' is not valid. Allowed: uploaded, processing, completed, failed | URL: /api/v1/documents/
[WARNING] 2026-06-21 06:01:06,449 error_handlers 20 126025945101184 Client Error 404: No Document matches the given query. | URL: /api/v1/nlp/documents/9999/
[WARNING] 2026-06-21 06:01:06,608 error_handlers 20 126025945101184 Client Error 404: No Document matches the given query. | URL: /api/v1/nlp/documents/9999/process/
[WARNING] 2026-06-21 06:01:06,614 error_handlers 20 126025945101184 Client Error 409: Document 'nlp_test.pdf' has already been processed and marked as completed. Use PATCH /api/v1/documents/475/update-status/ to make changes. | URL: /api/v1/nlp/documents/475/process/
[WARNING] 2026-06-21 06:01:06,790 error_handlers 20 126025945101184 Client Error 404: No Document matches the given query. | URL: /api/v1/nlp/documents/9999/results/
[WARNING] 2026-06-21 06:01:06,838 error_handlers 20 126025945101184 Client Error 400: Request body is empty. Please provide the required data in the request body. | URL: /api/v1/nlp/documents/493/status/
[WARNING] 2026-06-21 06:01:06,845 error_handlers 20 126025945101184 Client Error 400: 'INVALID' is not valid. Allowed: uploaded, processing, completed, failed | URL: /api/v1/nlp/documents/494/status/
[WARNING] 2026-06-21 06:01:06,864 error_handlers 20 126025945101184 Client Error 404: No Document matches the given query. | URL: /api/v1/nlp/documents/9999/status/
[WARNING] 2026-06-21 06:01:08,784 error_handlers 20 126025945101184 Client Error 400: File is empty (0 bytes). Please upload a valid PDF with content. | URL: /api/v1/documents/upload/
[WARNING] 2026-06-21 06:01:08,794 error_handlers 20 126025945101184 Client Error 400: 'malware.exe' is not allowed. Only PDF files (.pdf) are accepted. | URL: /api/v1/documents/upload/
[WARNING] 2026-06-21 06:01:08,844 error_handlers 20 126025945101184 Client Error 413: File size 11.0MB exceeds the 10MB limit. Please compress your PDF. | URL: /api/v1/documents/upload/
[WARNING] 2026-06-21 06:01:08,862 error_handlers 20 126025945101184 Client Error 400: '' OR 1=1 --' is not valid. Allowed: uploaded, processing, completed, failed | URL: /api/v1/documents/
[WARNING] 2026-06-21 06:01:08,879 error_handlers 20 126025945101184 Client Error 404: No Document matches the given query. | URL: /api/v1/documents/99999/
[WARNING] 2026-06-21 06:01:08,888 error_handlers 20 126025945101184 Client Error 400: No file provided. Please attach a PDF file using the 'file' field. | URL: /api/v1/documents/upload/
[WARNING] 2026-06-21 06:01:09,081 error_handlers 20 126025945101184 Client Error 404: No Document matches the given query. | URL: /api/v1/documents/99999/clauses/
[WARNING] 2026-06-21 06:01:09,160 error_handlers 20 126025945101184 Client Error 404: No Document matches the given query. | URL: /api/v1/documents/99999/clauses/
[WARNING] 2026-06-21 06:01:09,174 error_handlers 20 126025945101184 Client Error 400: Request body is empty. Please provide the required data in the request body. | URL: /api/v1/documents/820/clauses/
[WARNING] 2026-06-21 06:01:09,265 error_handlers 20 126025945101184 Client Error 404: No Document matches the given query. | URL: /api/v1/documents/99999/
[WARNING] 2026-06-21 06:01:09,279 error_handlers 20 126025945101184 Client Error 404: No Document matches the given query. | URL: /api/v1/documents/99999/summary/
[WARNING] 2026-06-21 06:01:09,344 error_handlers 20 126025945101184 Client Error 400: 'INVALID' is not valid. Allowed: uploaded, processing, completed, failed | URL: /api/v1/documents/
[WARNING] 2026-06-21 06:01:09,386 error_handlers 20 126025945101184 Client Error 400: File is empty (0 bytes). Please upload a valid PDF with content. | URL: /api/v1/documents/upload/
[WARNING] 2026-06-21 06:01:09,395 error_handlers 20 126025945101184 Client Error 400: No file provided. Please attach a PDF file using the 'file' field. | URL: /api/v1/documents/upload/
[WARNING] 2026-06-21 06:01:09,402 error_handlers 20 126025945101184 Client Error 400: No file provided. Please attach a PDF file using the 'file' field. | URL: /api/v1/documents/upload/
[WARNING] 2026-06-21 06:01:09,412 error_handlers 20 126025945101184 Client Error 400: 'test.txt' is not allowed. Only PDF files (.pdf) are accepted. | URL: /api/v1/documents/upload/
[WARNING] 2026-06-21 06:01:09,470 error_handlers 20 126025945101184 Client Error 404: No Document matches the given query. | URL: /api/v1/documents/99999/
[WARNING] 2026-06-21 06:01:09,480 error_handlers 20 126025945101184 Client Error 404: No Document matches the given query. | URL: /api/v1/documents/99999/
[WARNING] 2026-06-21 06:01:09,483 error_handlers 20 126025945101184 Client Error 400: No file provided. Please attach a PDF file using the 'file' field. | URL: /api/v1/documents/upload/
[WARNING] 2026-06-21 06:01:09,485 error_handlers 20 126025945101184 Client Error 400: 'INVALID' is not valid. Allowed: uploaded, processing, completed, failed | URL: /api/v1/documents/
[WARNING] 2026-06-21 06:01:09,495 error_handlers 20 126025945101184 Client Error 404: No Document matches the given query. | URL: /api/v1/documents/99999/
[WARNING] 2026-06-21 06:01:09,498 error_handlers 20 126025945101184 Client Error 400: No file provided. Please attach a PDF file using the 'file' field. | URL: /api/v1/documents/upload/
[WARNING] 2026-06-21 06:01:09,508 error_handlers 20 126025945101184 Client Error 404: No Document matches the given query. | URL: /api/v1/documents/99999/
[WARNING] 2026-06-21 06:01:09,510 error_handlers 20 126025945101184 Client Error 400: No file provided. Please attach a PDF file using the 'file' field. | URL: /api/v1/documents/upload/
[WARNING] 2026-06-21 06:01:09,512 error_handlers 20 126025945101184 Client Error 400: 'INVALID' is not valid. Allowed: uploaded, processing, completed, failed | URL: /api/v1/documents/
[WARNING] 2026-06-21 06:01:09,519 error_handlers 20 126025945101184 Client Error 400: 'WRONG' is not valid. Allowed: uploaded, processing, completed, failed | URL: /api/v1/documents/
[WARNING] 2026-06-21 06:01:09,527 error_handlers 20 126025945101184 Client Error 400: No file provided. Please attach a PDF file using the 'file' field. | URL: /api/v1/documents/upload/
[WARNING] 2026-06-21 06:01:09,590 error_handlers 20 126025945101184 Client Error 404: No Document matches the given query. | URL: /api/v1/nlp/documents/99999/
[WARNING] 2026-06-21 06:01:09,610 error_handlers 20 126025945101184 Client Error 409: Document 'completed_test.pdf' has already been processed and marked as completed. Use PATCH /api/v1/documents/879/update-status/ to make changes. | URL: /api/v1/nlp/documents/879/process/
[WARNING] 2026-06-21 06:01:09,619 error_handlers 20 126025945101184 Client Error 400: 'INVALID' is not valid. Allowed: uploaded, processing, completed, failed | URL: /api/v1/nlp/documents/880/process/
[WARNING] 2026-06-21 06:01:09,631 error_handlers 20 126025945101184 Client Error 404: No Document matches the given query. | URL: /api/v1/nlp/documents/99999/process/
[WARNING] 2026-06-21 06:01:09,657 error_handlers 20 126025945101184 Client Error 404: No Document matches the given query. | URL: /api/v1/nlp/documents/99999/results/
[WARNING] 2026-06-21 06:01:09,687 error_handlers 20 126025945101184 Client Error 400: 'WRONG' is not valid. Allowed: uploaded, processing, completed, failed | URL: /api/v1/nlp/documents/890/status/
[WARNING] 2026-06-21 06:01:09,699 error_handlers 20 126025945101184 Client Error 404: No Document matches the given query. | URL: /api/v1/nlp/documents/99999/status/
[WARNING] 2026-06-21 06:01:09,729 error_handlers 20 126025945101184 Client Error 404: No Document matches the given query. | URL: /api/v1/documents/99999/risks/
[WARNING] 2026-06-21 06:01:09,765 error_handlers 20 126025945101184 Client Error 400: Request body is empty. Please provide the required data in the request body. | URL: /api/v1/documents/902/risks/
[WARNING] 2026-06-21 06:01:09,796 error_handlers 20 126025945101184 Client Error 404: No Document matches the given query. | URL: /api/v1/documents/99999/risks/
[WARNING] 2026-06-21 06:01:09,837 error_handlers 20 126025945101184 Client Error 400: Request body is empty. Please provide the required data in the request body. | URL: /api/v1/documents/912/update-status/
[WARNING] 2026-06-21 06:01:09,857 error_handlers 20 126025945101184 Client Error 400: 'WRONG' is not valid. Allowed: uploaded, processing, completed, failed | URL: /api/v1/documents/916/update-status/
[WARNING] 2026-06-21 06:01:09,874 error_handlers 20 126025945101184 Client Error 404: No Document matches the given query. | URL: /api/v1/documents/99999/update-status/
[WARNING] 2026-06-21 06:01:10,067 error_handlers 20 126025945101184 Client Error 404: No Document matches the given query. | URL: /api/v1/documents/9999/
[WARNING] 2026-06-21 06:01:10,077 error_handlers 20 126025945101184 Client Error 404: No Document matches the given query. | URL: /api/v1/documents/0/
[WARNING] 2026-06-21 06:01:10,129 error_handlers 20 126025945101184 Client Error 400: 'WRONG' is not valid. Allowed: uploaded, processing, completed, failed | URL: /api/v1/documents/
[WARNING] 2026-06-21 06:01:10,161 error_handlers 20 126025945101184 Client Error 400: 'WRONG' is not valid. Allowed: uploaded, processing, completed, failed | URL: /api/v1/documents/
[WARNING] 2026-06-21 06:01:10,356 error_handlers 20 126025945101184 Client Error 400: Request body is empty. Please provide the required data in the request body. | URL: /api/v1/documents/962/update-status/
[WARNING] 2026-06-21 06:01:10,376 error_handlers 20 126025945101184 Client Error 400: 'INVALID_STATUS' is not valid. Allowed: uploaded, processing, completed, failed | URL: /api/v1/documents/964/update-status/
[WARNING] 2026-06-21 06:01:10,392 error_handlers 20 126025945101184 Client Error 404: No Document matches the given query. | URL: /api/v1/documents/9999/update-status/
[WARNING] 2026-06-21 06:01:10,518 error_handlers 20 126025945101184 Client Error 404: No Document matches the given query. | URL: /api/v1/documents/9999/summary/
[WARNING] 2026-06-21 06:01:10,623 error_handlers 20 126025945101184 Client Error 400: No file provided. Please attach a PDF file using the 'file' field. | URL: /api/v1/documents/upload/
[WARNING] 2026-06-21 06:01:10,632 error_handlers 20 126025945101184 Client Error 400: No file provided. Please attach a PDF file using the 'file' field. | URL: /api/v1/documents/upload/
[WARNING] 2026-06-21 06:01:10,644 error_handlers 20 126025945101184 Client Error 400: 'test.txt' is not allowed. Only PDF files (.pdf) are accepted. | URL: /api/v1/documents/upload/
[WARNING] 2026-06-21 06:01:10,653 error_handlers 20 126025945101184 Client Error 400: 'test.txt' is not allowed. Only PDF files (.pdf) are accepted. | URL: /api/v1/documents/upload/
[WARNING] 2026-06-21 06:01:10,831 error_handlers 20 126025945101184 Client Error 404: No Document matches the given query. | URL: /api/v1/documents/9999/clauses/
[WARNING] 2026-06-21 06:01:10,949 error_handlers 20 126025945101184 Client Error 404: No Document matches the given query. | URL: /api/v1/documents/9999/clauses/
[WARNING] 2026-06-21 06:01:10,979 error_handlers 20 126025945101184 Client Error 400: Request body is empty. Please provide the required data in the request body. | URL: /api/v1/documents/1017/clauses/
[WARNING] 2026-06-21 06:01:11,181 error_handlers 20 126025945101184 Client Error 404: No Document matches the given query. | URL: /api/v1/documents/9999/risks/
[WARNING] 2026-06-21 06:01:11,252 error_handlers 20 126025945101184 Client Error 400: Request body is empty. Please provide the required data in the request body. | URL: /api/v1/documents/1038/risks/
[WARNING] 2026-06-21 06:01:11,336 error_handlers 20 126025945101184 Client Error 404: No Document matches the given query. | URL: /api/v1/documents/9999/risks/
[WARNING] 2026-06-21 06:01:11,985 error_handlers 20 126025945101184 Client Error 409: Document 'integration_test_5vfecUF.pdf' has already been processed and marked as completed. Use PATCH /api/v1/documents/1077/update-status/ to make changes. | URL: /api/v1/nlp/documents/1077/process/
[WARNING] 2026-06-21 07:09:40,765 error_handlers 38 135818749985664 Client Error 404: Invalid page. | URL: /api/v1/documents/
[WARNING] 2026-06-21 07:09:40,838 error_handlers 38 135818749985664 Client Error 400: 'contract.docx' is not allowed. Only PDF files (.pdf) are accepted. | URL: /api/v1/documents/upload/
[WARNING] 2026-06-21 07:09:40,849 error_handlers 38 135818749985664 Client Error 400: File is empty (0 bytes). Please upload a valid PDF with content. | URL: /api/v1/documents/upload/
[WARNING] 2026-06-21 07:09:40,913 error_handlers 38 135818749985664 Client Error 400: 'scan.jpg' is not allowed. Only PDF files (.pdf) are accepted. | URL: /api/v1/documents/upload/
[WARNING] 2026-06-21 07:09:40,919 error_handlers 38 135818749985664 Client Error 400: No file provided. Please attach a PDF file using the 'file' field. | URL: /api/v1/documents/upload/
[WARNING] 2026-06-21 07:09:40,993 error_handlers 38 135818749985664 Client Error 400: 'WRONG' is not valid. Allowed: uploaded, processing, completed, failed | URL: /api/v1/nlp/documents/183/process/
[WARNING] 2026-06-21 07:09:41,399 error_handlers 38 135818749985664 Client Error 404: No Document matches the given query. | URL: /api/v1/documents/99999/update-status/
[WARNING] 2026-06-21 07:09:41,423 error_handlers 38 135818749985664 Client Error 400: 'COMPLETED' is not valid. Allowed: uploaded, processing, completed, failed | URL: /api/v1/documents/350/update-status/
[WARNING] 2026-06-21 07:09:41,667 error_handlers 38 135818749985664 Client Error 400: Request body is empty. Please provide the required data in the request body. | URL: /api/v1/documents/374/update-status/
[WARNING] 2026-06-21 07:09:41,693 error_handlers 38 135818749985664 Client Error 400: 'WRONG' is not valid. Allowed: uploaded, processing, completed, failed | URL: /api/v1/documents/
[WARNING] 2026-06-21 07:09:41,703 error_handlers 38 135818749985664 Client Error 404: No Document matches the given query. | URL: /api/v1/documents/99999/
[WARNING] 2026-06-21 07:09:41,712 error_handlers 38 135818749985664 Client Error 409: Document 'final_test.pdf' has already been processed and marked as completed. Use PATCH /api/v1/documents/379/update-status/ to make changes. | URL: /api/v1/nlp/documents/379/process/
[WARNING] 2026-06-21 07:09:41,720 error_handlers 38 135818749985664 Client Error 400: No file provided. Please attach a PDF file using the 'file' field. | URL: /api/v1/documents/upload/
[WARNING] 2026-06-21 07:09:41,727 error_handlers 38 135818749985664 Client Error 400: 'doc.txt' is not allowed. Only PDF files (.pdf) are accepted. | URL: /api/v1/documents/upload/
[WARNING] 2026-06-21 07:09:41,991 error_handlers 38 135818749985664 Client Error 404: No Document matches the given query. | URL: /api/v1/documents/99999/
[WARNING] 2026-06-21 07:09:42,150 error_handlers 38 135818749985664 Client Error 404: No Document matches the given query. | URL: /api/v1/documents/99999/
[WARNING] 2026-06-21 07:09:42,217 error_handlers 38 135818749985664 Client Error 404: No Document matches the given query. | URL: /api/v1/documents/99999/
[WARNING] 2026-06-21 07:09:42,221 error_handlers 38 135818749985664 Client Error 400: No file provided. Please attach a PDF file using the 'file' field. | URL: /api/v1/documents/upload/
[WARNING] 2026-06-21 07:09:42,223 error_handlers 38 135818749985664 Client Error 400: 'INVALID' is not valid. Allowed: uploaded, processing, completed, failed | URL: /api/v1/documents/
[WARNING] 2026-06-21 07:09:43,429 error_handlers 38 135818749985664 Client Error 404: No Document matches the given query. | URL: /api/v1/nlp/documents/9999/
[WARNING] 2026-06-21 07:09:43,598 error_handlers 38 135818749985664 Client Error 404: No Document matches the given query. | URL: /api/v1/nlp/documents/9999/process/
[WARNING] 2026-06-21 07:09:43,607 error_handlers 38 135818749985664 Client Error 409: Document 'nlp_test.pdf' has already been processed and marked as completed. Use PATCH /api/v1/documents/475/update-status/ to make changes. | URL: /api/v1/nlp/documents/475/process/
[WARNING] 2026-06-21 07:09:43,799 error_handlers 38 135818749985664 Client Error 404: No Document matches the given query. | URL: /api/v1/nlp/documents/9999/results/
[WARNING] 2026-06-21 07:09:43,858 error_handlers 38 135818749985664 Client Error 400: Request body is empty. Please provide the required data in the request body. | URL: /api/v1/nlp/documents/493/status/
[WARNING] 2026-06-21 07:09:43,865 error_handlers 38 135818749985664 Client Error 400: 'INVALID' is not valid. Allowed: uploaded, processing, completed, failed | URL: /api/v1/nlp/documents/494/status/
[WARNING] 2026-06-21 07:09:43,883 error_handlers 38 135818749985664 Client Error 404: No Document matches the given query. | URL: /api/v1/nlp/documents/9999/status/
[WARNING] 2026-06-21 07:09:45,662 error_handlers 38 135818749985664 Client Error 400: File is empty (0 bytes). Please upload a valid PDF with content. | URL: /api/v1/documents/upload/
[WARNING] 2026-06-21 07:09:45,668 error_handlers 38 135818749985664 Client Error 400: 'malware.exe' is not allowed. Only PDF files (.pdf) are accepted. | URL: /api/v1/documents/upload/
[WARNING] 2026-06-21 07:09:45,740 error_handlers 38 135818749985664 Client Error 413: File size 11.0MB exceeds the 10MB limit. Please compress your PDF. | URL: /api/v1/documents/upload/
[WARNING] 2026-06-21 07:09:45,760 error_handlers 38 135818749985664 Client Error 400: '' OR 1=1 --' is not valid. Allowed: uploaded, processing, completed, failed | URL: /api/v1/documents/
[WARNING] 2026-06-21 07:09:45,773 error_handlers 38 135818749985664 Client Error 404: No Document matches the given query. | URL: /api/v1/documents/99999/
[WARNING] 2026-06-21 07:09:45,777 error_handlers 38 135818749985664 Client Error 400: No file provided. Please attach a PDF file using the 'file' field. | URL: /api/v1/documents/upload/
[WARNING] 2026-06-21 07:09:45,954 error_handlers 38 135818749985664 Client Error 404: No Document matches the given query. | URL: /api/v1/documents/99999/clauses/
[WARNING] 2026-06-21 07:09:45,997 error_handlers 38 135818749985664 Client Error 404: No Document matches the given query. | URL: /api/v1/documents/99999/clauses/
[WARNING] 2026-06-21 07:09:46,007 error_handlers 38 135818749985664 Client Error 400: Request body is empty. Please provide the required data in the request body. | URL: /api/v1/documents/820/clauses/
[WARNING] 2026-06-21 07:09:46,078 error_handlers 38 135818749985664 Client Error 404: No Document matches the given query. | URL: /api/v1/documents/99999/
[WARNING] 2026-06-21 07:09:46,090 error_handlers 38 135818749985664 Client Error 404: No Document matches the given query. | URL: /api/v1/documents/99999/summary/
[WARNING] 2026-06-21 07:09:46,163 error_handlers 38 135818749985664 Client Error 400: 'INVALID' is not valid. Allowed: uploaded, processing, completed, failed | URL: /api/v1/documents/
[WARNING] 2026-06-21 07:09:46,205 error_handlers 38 135818749985664 Client Error 400: File is empty (0 bytes). Please upload a valid PDF with content. | URL: /api/v1/documents/upload/
[WARNING] 2026-06-21 07:09:46,214 error_handlers 38 135818749985664 Client Error 400: No file provided. Please attach a PDF file using the 'file' field. | URL: /api/v1/documents/upload/
[WARNING] 2026-06-21 07:09:46,227 error_handlers 38 135818749985664 Client Error 400: No file provided. Please attach a PDF file using the 'file' field. | URL: /api/v1/documents/upload/
[WARNING] 2026-06-21 07:09:46,236 error_handlers 38 135818749985664 Client Error 400: 'test.txt' is not allowed. Only PDF files (.pdf) are accepted. | URL: /api/v1/documents/upload/
[WARNING] 2026-06-21 07:09:46,295 error_handlers 38 135818749985664 Client Error 404: No Document matches the given query. | URL: /api/v1/documents/99999/
[WARNING] 2026-06-21 07:09:46,306 error_handlers 38 135818749985664 Client Error 404: No Document matches the given query. | URL: /api/v1/documents/99999/
[WARNING] 2026-06-21 07:09:46,309 error_handlers 38 135818749985664 Client Error 400: No file provided. Please attach a PDF file using the 'file' field. | URL: /api/v1/documents/upload/
[WARNING] 2026-06-21 07:09:46,312 error_handlers 38 135818749985664 Client Error 400: 'INVALID' is not valid. Allowed: uploaded, processing, completed, failed | URL: /api/v1/documents/
[WARNING] 2026-06-21 07:09:46,323 error_handlers 38 135818749985664 Client Error 404: No Document matches the given query. | URL: /api/v1/documents/99999/
[WARNING] 2026-06-21 07:09:46,326 error_handlers 38 135818749985664 Client Error 400: No file provided. Please attach a PDF file using the 'file' field. | URL: /api/v1/documents/upload/
[WARNING] 2026-06-21 07:09:46,337 error_handlers 38 135818749985664 Client Error 404: No Document matches the given query. | URL: /api/v1/documents/99999/
[WARNING] 2026-06-21 07:09:46,341 error_handlers 38 135818749985664 Client Error 400: No file provided. Please attach a PDF file using the 'file' field. | URL: /api/v1/documents/upload/
[WARNING] 2026-06-21 07:09:46,344 error_handlers 38 135818749985664 Client Error 400: 'INVALID' is not valid. Allowed: uploaded, processing, completed, failed | URL: /api/v1/documents/
[WARNING] 2026-06-21 07:09:46,353 error_handlers 38 135818749985664 Client Error 400: 'WRONG' is not valid. Allowed: uploaded, processing, completed, failed | URL: /api/v1/documents/
[WARNING] 2026-06-21 07:09:46,363 error_handlers 38 135818749985664 Client Error 400: No file provided. Please attach a PDF file using the 'file' field. | URL: /api/v1/documents/upload/
[WARNING] 2026-06-21 07:09:46,427 error_handlers 38 135818749985664 Client Error 404: No Document matches the given query. | URL: /api/v1/nlp/documents/99999/
[WARNING] 2026-06-21 07:09:46,449 error_handlers 38 135818749985664 Client Error 409: Document 'completed_test.pdf' has already been processed and marked as completed. Use PATCH /api/v1/documents/879/update-status/ to make changes. | URL: /api/v1/nlp/documents/879/process/
[WARNING] 2026-06-21 07:09:46,459 error_handlers 38 135818749985664 Client Error 400: 'INVALID' is not valid. Allowed: uploaded, processing, completed, failed | URL: /api/v1/nlp/documents/880/process/
[WARNING] 2026-06-21 07:09:46,471 error_handlers 38 135818749985664 Client Error 404: No Document matches the given query. | URL: /api/v1/nlp/documents/99999/process/
[WARNING] 2026-06-21 07:09:46,499 error_handlers 38 135818749985664 Client Error 404: No Document matches the given query. | URL: /api/v1/nlp/documents/99999/results/
[WARNING] 2026-06-21 07:09:46,525 error_handlers 38 135818749985664 Client Error 400: 'WRONG' is not valid. Allowed: uploaded, processing, completed, failed | URL: /api/v1/nlp/documents/890/status/
[WARNING] 2026-06-21 07:09:46,537 error_handlers 38 135818749985664 Client Error 404: No Document matches the given query. | URL: /api/v1/nlp/documents/99999/status/
[WARNING] 2026-06-21 07:09:46,568 error_handlers 38 135818749985664 Client Error 404: No Document matches the given query. | URL: /api/v1/documents/99999/risks/
[WARNING] 2026-06-21 07:09:46,606 error_handlers 38 135818749985664 Client Error 400: Request body is empty. Please provide the required data in the request body. | URL: /api/v1/documents/902/risks/
[WARNING] 2026-06-21 07:09:46,642 error_handlers 38 135818749985664 Client Error 404: No Document matches the given query. | URL: /api/v1/documents/99999/risks/
[WARNING] 2026-06-21 07:09:46,675 error_handlers 38 135818749985664 Client Error 400: Request body is empty. Please provide the required data in the request body. | URL: /api/v1/documents/912/update-status/
[WARNING] 2026-06-21 07:09:46,694 error_handlers 38 135818749985664 Client Error 400: 'WRONG' is not valid. Allowed: uploaded, processing, completed, failed | URL: /api/v1/documents/916/update-status/
[WARNING] 2026-06-21 07:09:46,714 error_handlers 38 135818749985664 Client Error 404: No Document matches the given query. | URL: /api/v1/documents/99999/update-status/
[WARNING] 2026-06-21 07:09:46,924 error_handlers 38 135818749985664 Client Error 404: No Document matches the given query. | URL: /api/v1/documents/9999/
[WARNING] 2026-06-21 07:09:46,932 error_handlers 38 135818749985664 Client Error 404: No Document matches the given query. | URL: /api/v1/documents/0/
[WARNING] 2026-06-21 07:09:46,981 error_handlers 38 135818749985664 Client Error 400: 'WRONG' is not valid. Allowed: uploaded, processing, completed, failed | URL: /api/v1/documents/
[WARNING] 2026-06-21 07:09:47,019 error_handlers 38 135818749985664 Client Error 400: 'WRONG' is not valid. Allowed: uploaded, processing, completed, failed | URL: /api/v1/documents/
[WARNING] 2026-06-21 07:09:47,196 error_handlers 38 135818749985664 Client Error 400: Request body is empty. Please provide the required data in the request body. | URL: /api/v1/documents/962/update-status/
[WARNING] 2026-06-21 07:09:47,216 error_handlers 38 135818749985664 Client Error 400: 'INVALID_STATUS' is not valid. Allowed: uploaded, processing, completed, failed | URL: /api/v1/documents/964/update-status/
[WARNING] 2026-06-21 07:09:47,236 error_handlers 38 135818749985664 Client Error 404: No Document matches the given query. | URL: /api/v1/documents/9999/update-status/
[WARNING] 2026-06-21 07:09:47,355 error_handlers 38 135818749985664 Client Error 404: No Document matches the given query. | URL: /api/v1/documents/9999/summary/
[WARNING] 2026-06-21 07:09:47,458 error_handlers 38 135818749985664 Client Error 400: No file provided. Please attach a PDF file using the 'file' field. | URL: /api/v1/documents/upload/
[WARNING] 2026-06-21 07:09:47,465 error_handlers 38 135818749985664 Client Error 400: No file provided. Please attach a PDF file using the 'file' field. | URL: /api/v1/documents/upload/
[WARNING] 2026-06-21 07:09:47,474 error_handlers 38 135818749985664 Client Error 400: 'test.txt' is not allowed. Only PDF files (.pdf) are accepted. | URL: /api/v1/documents/upload/
[WARNING] 2026-06-21 07:09:47,482 error_handlers 38 135818749985664 Client Error 400: 'test.txt' is not allowed. Only PDF files (.pdf) are accepted. | URL: /api/v1/documents/upload/
[WARNING] 2026-06-21 07:09:47,645 error_handlers 38 135818749985664 Client Error 404: No Document matches the given query. | URL: /api/v1/documents/9999/clauses/
[WARNING] 2026-06-21 07:09:47,762 error_handlers 38 135818749985664 Client Error 404: No Document matches the given query. | URL: /api/v1/documents/9999/clauses/
[WARNING] 2026-06-21 07:09:47,795 error_handlers 38 135818749985664 Client Error 400: Request body is empty. Please provide the required data in the request body. | URL: /api/v1/documents/1017/clauses/
[WARNING] 2026-06-21 07:09:47,975 error_handlers 38 135818749985664 Client Error 404: No Document matches the given query. | URL: /api/v1/documents/9999/risks/
[WARNING] 2026-06-21 07:09:48,043 error_handlers 38 135818749985664 Client Error 400: Request body is empty. Please provide the required data in the request body. | URL: /api/v1/documents/1038/risks/
[WARNING] 2026-06-21 07:09:48,135 error_handlers 38 135818749985664 Client Error 404: No Document matches the given query. | URL: /api/v1/documents/9999/risks/
[WARNING] 2026-06-21 07:09:48,760 error_handlers 38 135818749985664 Client Error 409: Document 'integration_test_bcD9Pnk.pdf' has already been processed and marked as completed. Use PATCH /api/v1/documents/1077/update-status/ to make changes. | URL: /api/v1/nlp/documents/1077/process/
[WARNING] 2026-06-22 03:01:39,278 error_handlers 15 135258032653184 Client Error 404: Invalid page. | URL: /api/v1/documents/
[WARNING] 2026-06-22 03:01:39,364 error_handlers 15 135258032653184 Client Error 400: 'contract.docx' is not allowed. Only PDF files (.pdf) are accepted. | URL: /api/v1/documents/upload/
[WARNING] 2026-06-22 03:01:39,372 error_handlers 15 135258032653184 Client Error 400: File is empty (0 bytes). Please upload a valid PDF with content. | URL: /api/v1/documents/upload/
[WARNING] 2026-06-22 03:01:39,420 error_handlers 15 135258032653184 Client Error 400: 'scan.jpg' is not allowed. Only PDF files (.pdf) are accepted. | URL: /api/v1/documents/upload/
[WARNING] 2026-06-22 03:01:39,424 error_handlers 15 135258032653184 Client Error 400: No file provided. Please attach a PDF file using the 'file' field. | URL: /api/v1/documents/upload/
[WARNING] 2026-06-22 03:01:39,490 error_handlers 15 135258032653184 Client Error 400: 'WRONG' is not valid. Allowed: uploaded, processing, completed, failed | URL: /api/v1/nlp/documents/183/process/
[WARNING] 2026-06-22 03:01:39,845 error_handlers 15 135258032653184 Client Error 404: No Document matches the given query. | URL: /api/v1/documents/99999/update-status/
[WARNING] 2026-06-22 03:01:39,872 error_handlers 15 135258032653184 Client Error 400: 'COMPLETED' is not valid. Allowed: uploaded, processing, completed, failed | URL: /api/v1/documents/350/update-status/
[WARNING] 2026-06-22 03:01:40,190 error_handlers 15 135258032653184 Client Error 400: Request body is empty. Please provide the required data in the request body. | URL: /api/v1/documents/374/update-status/
[WARNING] 2026-06-22 03:01:40,217 error_handlers 15 135258032653184 Client Error 400: 'WRONG' is not valid. Allowed: uploaded, processing, completed, failed | URL: /api/v1/documents/
[WARNING] 2026-06-22 03:01:40,225 error_handlers 15 135258032653184 Client Error 404: No Document matches the given query. | URL: /api/v1/documents/99999/
[WARNING] 2026-06-22 03:01:40,238 error_handlers 15 135258032653184 Client Error 409: Document 'final_test.pdf' has already been processed and marked as completed. Use PATCH /api/v1/documents/379/update-status/ to make changes. | URL: /api/v1/nlp/documents/379/process/
[WARNING] 2026-06-22 03:01:40,249 error_handlers 15 135258032653184 Client Error 400: No file provided. Please attach a PDF file using the 'file' field. | URL: /api/v1/documents/upload/
[WARNING] 2026-06-22 03:01:40,256 error_handlers 15 135258032653184 Client Error 400: 'doc.txt' is not allowed. Only PDF files (.pdf) are accepted. | URL: /api/v1/documents/upload/
[WARNING] 2026-06-22 03:01:40,503 error_handlers 15 135258032653184 Client Error 404: No Document matches the given query. | URL: /api/v1/documents/99999/
[WARNING] 2026-06-22 03:01:40,657 error_handlers 15 135258032653184 Client Error 404: No Document matches the given query. | URL: /api/v1/documents/99999/
[WARNING] 2026-06-22 03:01:40,716 error_handlers 15 135258032653184 Client Error 404: No Document matches the given query. | URL: /api/v1/documents/99999/
[WARNING] 2026-06-22 03:01:40,719 error_handlers 15 135258032653184 Client Error 400: No file provided. Please attach a PDF file using the 'file' field. | URL: /api/v1/documents/upload/
[WARNING] 2026-06-22 03:01:40,721 error_handlers 15 135258032653184 Client Error 400: 'INVALID' is not valid. Allowed: uploaded, processing, completed, failed | URL: /api/v1/documents/
[WARNING] 2026-06-22 03:01:41,726 error_handlers 15 135258032653184 Client Error 404: No Document matches the given query. | URL: /api/v1/nlp/documents/9999/
[WARNING] 2026-06-22 03:01:41,908 error_handlers 15 135258032653184 Client Error 404: No Document matches the given query. | URL: /api/v1/nlp/documents/9999/process/
[WARNING] 2026-06-22 03:01:41,916 error_handlers 15 135258032653184 Client Error 409: Document 'nlp_test.pdf' has already been processed and marked as completed. Use PATCH /api/v1/documents/475/update-status/ to make changes. | URL: /api/v1/nlp/documents/475/process/
[WARNING] 2026-06-22 03:01:42,133 error_handlers 15 135258032653184 Client Error 404: No Document matches the given query. | URL: /api/v1/nlp/documents/9999/results/
[WARNING] 2026-06-22 03:01:42,192 error_handlers 15 135258032653184 Client Error 400: Request body is empty. Please provide the required data in the request body. | URL: /api/v1/nlp/documents/493/status/
[WARNING] 2026-06-22 03:01:42,204 error_handlers 15 135258032653184 Client Error 400: 'INVALID' is not valid. Allowed: uploaded, processing, completed, failed | URL: /api/v1/nlp/documents/494/status/
[WARNING] 2026-06-22 03:01:42,226 error_handlers 15 135258032653184 Client Error 404: No Document matches the given query. | URL: /api/v1/nlp/documents/9999/status/
[WARNING] 2026-06-22 03:01:44,237 error_handlers 15 135258032653184 Client Error 400: File is empty (0 bytes). Please upload a valid PDF with content. | URL: /api/v1/documents/upload/
[WARNING] 2026-06-22 03:01:44,244 error_handlers 15 135258032653184 Client Error 400: 'malware.exe' is not allowed. Only PDF files (.pdf) are accepted. | URL: /api/v1/documents/upload/
[WARNING] 2026-06-22 03:01:44,322 error_handlers 15 135258032653184 Client Error 413: File size 11.0MB exceeds the 10MB limit. Please compress your PDF. | URL: /api/v1/documents/upload/
[WARNING] 2026-06-22 03:01:44,350 error_handlers 15 135258032653184 Client Error 400: '' OR 1=1 --' is not valid. Allowed: uploaded, processing, completed, failed | URL: /api/v1/documents/
[WARNING] 2026-06-22 03:01:44,373 error_handlers 15 135258032653184 Client Error 404: No Document matches the given query. | URL: /api/v1/documents/99999/
[WARNING] 2026-06-22 03:01:44,378 error_handlers 15 135258032653184 Client Error 400: No file provided. Please attach a PDF file using the 'file' field. | URL: /api/v1/documents/upload/
[WARNING] 2026-06-22 03:01:44,595 error_handlers 15 135258032653184 Client Error 404: No Document matches the given query. | URL: /api/v1/documents/99999/clauses/
[WARNING] 2026-06-22 03:01:44,634 error_handlers 15 135258032653184 Client Error 404: No Document matches the given query. | URL: /api/v1/documents/99999/clauses/
[WARNING] 2026-06-22 03:01:44,644 error_handlers 15 135258032653184 Client Error 400: Request body is empty. Please provide the required data in the request body. | URL: /api/v1/documents/820/clauses/
[WARNING] 2026-06-22 03:01:44,711 error_handlers 15 135258032653184 Client Error 404: No Document matches the given query. | URL: /api/v1/documents/99999/
[WARNING] 2026-06-22 03:01:44,725 error_handlers 15 135258032653184 Client Error 404: No Document matches the given query. | URL: /api/v1/documents/99999/summary/
[WARNING] 2026-06-22 03:01:44,794 error_handlers 15 135258032653184 Client Error 400: 'INVALID' is not valid. Allowed: uploaded, processing, completed, failed | URL: /api/v1/documents/
[WARNING] 2026-06-22 03:01:44,845 error_handlers 15 135258032653184 Client Error 400: File is empty (0 bytes). Please upload a valid PDF with content. | URL: /api/v1/documents/upload/
[WARNING] 2026-06-22 03:01:44,856 error_handlers 15 135258032653184 Client Error 400: No file provided. Please attach a PDF file using the 'file' field. | URL: /api/v1/documents/upload/
[WARNING] 2026-06-22 03:01:44,865 error_handlers 15 135258032653184 Client Error 400: No file provided. Please attach a PDF file using the 'file' field. | URL: /api/v1/documents/upload/
[WARNING] 2026-06-22 03:01:44,877 error_handlers 15 135258032653184 Client Error 400: 'test.txt' is not allowed. Only PDF files (.pdf) are accepted. | URL: /api/v1/documents/upload/
[WARNING] 2026-06-22 03:01:44,937 error_handlers 15 135258032653184 Client Error 404: No Document matches the given query. | URL: /api/v1/documents/99999/
[WARNING] 2026-06-22 03:01:44,947 error_handlers 15 135258032653184 Client Error 404: No Document matches the given query. | URL: /api/v1/documents/99999/
[WARNING] 2026-06-22 03:01:44,950 error_handlers 15 135258032653184 Client Error 400: No file provided. Please attach a PDF file using the 'file' field. | URL: /api/v1/documents/upload/
[WARNING] 2026-06-22 03:01:44,954 error_handlers 15 135258032653184 Client Error 400: 'INVALID' is not valid. Allowed: uploaded, processing, completed, failed | URL: /api/v1/documents/
[WARNING] 2026-06-22 03:01:44,967 error_handlers 15 135258032653184 Client Error 404: No Document matches the given query. | URL: /api/v1/documents/99999/
[WARNING] 2026-06-22 03:01:44,973 error_handlers 15 135258032653184 Client Error 400: No file provided. Please attach a PDF file using the 'file' field. | URL: /api/v1/documents/upload/
[WARNING] 2026-06-22 03:01:44,985 error_handlers 15 135258032653184 Client Error 404: No Document matches the given query. | URL: /api/v1/documents/99999/
[WARNING] 2026-06-22 03:01:44,989 error_handlers 15 135258032653184 Client Error 400: No file provided. Please attach a PDF file using the 'file' field. | URL: /api/v1/documents/upload/
[WARNING] 2026-06-22 03:01:44,991 error_handlers 15 135258032653184 Client Error 400: 'INVALID' is not valid. Allowed: uploaded, processing, completed, failed | URL: /api/v1/documents/
[WARNING] 2026-06-22 03:01:45,005 error_handlers 15 135258032653184 Client Error 400: 'WRONG' is not valid. Allowed: uploaded, processing, completed, failed | URL: /api/v1/documents/
[WARNING] 2026-06-22 03:01:45,016 error_handlers 15 135258032653184 Client Error 400: No file provided. Please attach a PDF file using the 'file' field. | URL: /api/v1/documents/upload/
[WARNING] 2026-06-22 03:01:45,074 error_handlers 15 135258032653184 Client Error 404: No Document matches the given query. | URL: /api/v1/nlp/documents/99999/
[WARNING] 2026-06-22 03:01:45,095 error_handlers 15 135258032653184 Client Error 409: Document 'completed_test.pdf' has already been processed and marked as completed. Use PATCH /api/v1/documents/879/update-status/ to make changes. | URL: /api/v1/nlp/documents/879/process/
[WARNING] 2026-06-22 03:01:45,107 error_handlers 15 135258032653184 Client Error 400: 'INVALID' is not valid. Allowed: uploaded, processing, completed, failed | URL: /api/v1/nlp/documents/880/process/
[WARNING] 2026-06-22 03:01:45,120 error_handlers 15 135258032653184 Client Error 404: No Document matches the given query. | URL: /api/v1/nlp/documents/99999/process/
[WARNING] 2026-06-22 03:01:45,145 error_handlers 15 135258032653184 Client Error 404: No Document matches the given query. | URL: /api/v1/nlp/documents/99999/results/
[WARNING] 2026-06-22 03:01:45,169 error_handlers 15 135258032653184 Client Error 400: 'WRONG' is not valid. Allowed: uploaded, processing, completed, failed | URL: /api/v1/nlp/documents/890/status/
[WARNING] 2026-06-22 03:01:45,177 error_handlers 15 135258032653184 Client Error 404: No Document matches the given query. | URL: /api/v1/nlp/documents/99999/status/
[WARNING] 2026-06-22 03:01:45,212 error_handlers 15 135258032653184 Client Error 404: No Document matches the given query. | URL: /api/v1/documents/99999/risks/
[WARNING] 2026-06-22 03:01:45,263 error_handlers 15 135258032653184 Client Error 400: Request body is empty. Please provide the required data in the request body. | URL: /api/v1/documents/902/risks/
[WARNING] 2026-06-22 03:01:45,302 error_handlers 15 135258032653184 Client Error 404: No Document matches the given query. | URL: /api/v1/documents/99999/risks/
[WARNING] 2026-06-22 03:01:45,340 error_handlers 15 135258032653184 Client Error 400: Request body is empty. Please provide the required data in the request body. | URL: /api/v1/documents/912/update-status/
[WARNING] 2026-06-22 03:01:45,364 error_handlers 15 135258032653184 Client Error 400: 'WRONG' is not valid. Allowed: uploaded, processing, completed, failed | URL: /api/v1/documents/916/update-status/
[WARNING] 2026-06-22 03:01:45,389 error_handlers 15 135258032653184 Client Error 404: No Document matches the given query. | URL: /api/v1/documents/99999/update-status/
[WARNING] 2026-06-22 03:01:45,598 error_handlers 15 135258032653184 Client Error 404: No Document matches the given query. | URL: /api/v1/documents/9999/
[WARNING] 2026-06-22 03:01:45,606 error_handlers 15 135258032653184 Client Error 404: No Document matches the given query. | URL: /api/v1/documents/0/
[WARNING] 2026-06-22 03:01:45,661 error_handlers 15 135258032653184 Client Error 400: 'WRONG' is not valid. Allowed: uploaded, processing, completed, failed | URL: /api/v1/documents/
[WARNING] 2026-06-22 03:01:45,692 error_handlers 15 135258032653184 Client Error 400: 'WRONG' is not valid. Allowed: uploaded, processing, completed, failed | URL: /api/v1/documents/
[WARNING] 2026-06-22 03:01:45,949 error_handlers 15 135258032653184 Client Error 400: Request body is empty. Please provide the required data in the request body. | URL: /api/v1/documents/962/update-status/
[WARNING] 2026-06-22 03:01:45,979 error_handlers 15 135258032653184 Client Error 400: 'INVALID_STATUS' is not valid. Allowed: uploaded, processing, completed, failed | URL: /api/v1/documents/964/update-status/
[WARNING] 2026-06-22 03:01:46,000 error_handlers 15 135258032653184 Client Error 404: No Document matches the given query. | URL: /api/v1/documents/9999/update-status/
[WARNING] 2026-06-22 03:01:46,116 error_handlers 15 135258032653184 Client Error 404: No Document matches the given query. | URL: /api/v1/documents/9999/summary/
[WARNING] 2026-06-22 03:01:46,201 error_handlers 15 135258032653184 Client Error 400: No file provided. Please attach a PDF file using the 'file' field. | URL: /api/v1/documents/upload/
[WARNING] 2026-06-22 03:01:46,208 error_handlers 15 135258032653184 Client Error 400: No file provided. Please attach a PDF file using the 'file' field. | URL: /api/v1/documents/upload/
[WARNING] 2026-06-22 03:01:46,216 error_handlers 15 135258032653184 Client Error 400: 'test.txt' is not allowed. Only PDF files (.pdf) are accepted. | URL: /api/v1/documents/upload/
[WARNING] 2026-06-22 03:01:46,223 error_handlers 15 135258032653184 Client Error 400: 'test.txt' is not allowed. Only PDF files (.pdf) are accepted. | URL: /api/v1/documents/upload/
[WARNING] 2026-06-22 03:01:46,380 error_handlers 15 135258032653184 Client Error 404: No Document matches the given query. | URL: /api/v1/documents/9999/clauses/
[WARNING] 2026-06-22 03:01:46,489 error_handlers 15 135258032653184 Client Error 404: No Document matches the given query. | URL: /api/v1/documents/9999/clauses/
[WARNING] 2026-06-22 03:01:46,515 error_handlers 15 135258032653184 Client Error 400: Request body is empty. Please provide the required data in the request body. | URL: /api/v1/documents/1017/clauses/
[WARNING] 2026-06-22 03:01:46,692 error_handlers 15 135258032653184 Client Error 404: No Document matches the given query. | URL: /api/v1/documents/9999/risks/
[WARNING] 2026-06-22 03:01:46,748 error_handlers 15 135258032653184 Client Error 400: Request body is empty. Please provide the required data in the request body. | URL: /api/v1/documents/1038/risks/
[WARNING] 2026-06-22 03:01:46,812 error_handlers 15 135258032653184 Client Error 404: No Document matches the given query. | URL: /api/v1/documents/9999/risks/
[WARNING] 2026-06-22 03:01:47,410 error_handlers 15 135258032653184 Client Error 409: Document 'integration_test_Bae22ht.pdf' has already been processed and marked as completed. Use PATCH /api/v1/documents/1077/update-status/ to make changes. | URL: /api/v1/nlp/documents/1077/process/
[WARNING] 2026-06-22 03:29:56,409 error_handlers 21 128165093204864 Client Error 404: Invalid page. | URL: /api/v1/documents/
[WARNING] 2026-06-22 03:29:56,491 error_handlers 21 128165093204864 Client Error 400: 'contract.docx' is not allowed. Only PDF files (.pdf) are accepted. | URL: /api/v1/documents/upload/
[WARNING] 2026-06-22 03:29:56,500 error_handlers 21 128165093204864 Client Error 400: File is empty (0 bytes). Please upload a valid PDF with content. | URL: /api/v1/documents/upload/
[WARNING] 2026-06-22 03:29:56,558 error_handlers 21 128165093204864 Client Error 400: 'scan.jpg' is not allowed. Only PDF files (.pdf) are accepted. | URL: /api/v1/documents/upload/
[WARNING] 2026-06-22 03:29:56,564 error_handlers 21 128165093204864 Client Error 400: No file provided. Please attach a PDF file using the 'file' field. | URL: /api/v1/documents/upload/
[WARNING] 2026-06-22 03:29:56,620 error_handlers 21 128165093204864 Client Error 400: 'WRONG' is not valid. Allowed: uploaded, processing, completed, failed | URL: /api/v1/nlp/documents/183/process/
[WARNING] 2026-06-22 03:29:57,033 error_handlers 21 128165093204864 Client Error 404: No Document matches the given query. | URL: /api/v1/documents/99999/update-status/
[WARNING] 2026-06-22 03:29:57,056 error_handlers 21 128165093204864 Client Error 400: 'COMPLETED' is not valid. Allowed: uploaded, processing, completed, failed | URL: /api/v1/documents/350/update-status/
[WARNING] 2026-06-22 03:29:57,414 error_handlers 21 128165093204864 Client Error 400: Request body is empty. Please provide the required data in the request body. | URL: /api/v1/documents/374/update-status/
[WARNING] 2026-06-22 03:29:57,439 error_handlers 21 128165093204864 Client Error 400: 'WRONG' is not valid. Allowed: uploaded, processing, completed, failed | URL: /api/v1/documents/
[WARNING] 2026-06-22 03:29:57,448 error_handlers 21 128165093204864 Client Error 404: No Document matches the given query. | URL: /api/v1/documents/99999/
[WARNING] 2026-06-22 03:29:57,456 error_handlers 21 128165093204864 Client Error 409: Document 'final_test.pdf' has already been processed and marked as completed. Use PATCH /api/v1/documents/379/update-status/ to make changes. | URL: /api/v1/nlp/documents/379/process/
[WARNING] 2026-06-22 03:29:57,464 error_handlers 21 128165093204864 Client Error 400: No file provided. Please attach a PDF file using the 'file' field. | URL: /api/v1/documents/upload/
[WARNING] 2026-06-22 03:29:57,472 error_handlers 21 128165093204864 Client Error 400: 'doc.txt' is not allowed. Only PDF files (.pdf) are accepted. | URL: /api/v1/documents/upload/
[WARNING] 2026-06-22 03:29:57,774 error_handlers 21 128165093204864 Client Error 404: No Document matches the given query. | URL: /api/v1/documents/99999/
[WARNING] 2026-06-22 03:29:57,913 error_handlers 21 128165093204864 Client Error 404: No Document matches the given query. | URL: /api/v1/documents/99999/
[WARNING] 2026-06-22 03:29:57,972 error_handlers 21 128165093204864 Client Error 404: No Document matches the given query. | URL: /api/v1/documents/99999/
[WARNING] 2026-06-22 03:29:57,977 error_handlers 21 128165093204864 Client Error 400: No file provided. Please attach a PDF file using the 'file' field. | URL: /api/v1/documents/upload/
[WARNING] 2026-06-22 03:29:57,981 error_handlers 21 128165093204864 Client Error 400: 'INVALID' is not valid. Allowed: uploaded, processing, completed, failed | URL: /api/v1/documents/
[WARNING] 2026-06-22 03:29:58,979 error_handlers 21 128165093204864 Client Error 404: No Document matches the given query. | URL: /api/v1/nlp/documents/9999/
[WARNING] 2026-06-22 03:29:59,201 error_handlers 21 128165093204864 Client Error 404: No Document matches the given query. | URL: /api/v1/nlp/documents/9999/process/
[WARNING] 2026-06-22 03:29:59,211 error_handlers 21 128165093204864 Client Error 409: Document 'nlp_test.pdf' has already been processed and marked as completed. Use PATCH /api/v1/documents/475/update-status/ to make changes. | URL: /api/v1/nlp/documents/475/process/
[WARNING] 2026-06-22 03:29:59,422 error_handlers 21 128165093204864 Client Error 404: No Document matches the given query. | URL: /api/v1/nlp/documents/9999/results/
[WARNING] 2026-06-22 03:29:59,478 error_handlers 21 128165093204864 Client Error 400: Request body is empty. Please provide the required data in the request body. | URL: /api/v1/nlp/documents/493/status/
[WARNING] 2026-06-22 03:29:59,485 error_handlers 21 128165093204864 Client Error 400: 'INVALID' is not valid. Allowed: uploaded, processing, completed, failed | URL: /api/v1/nlp/documents/494/status/
[WARNING] 2026-06-22 03:29:59,506 error_handlers 21 128165093204864 Client Error 404: No Document matches the given query. | URL: /api/v1/nlp/documents/9999/status/
[WARNING] 2026-06-22 03:30:01,049 error_handlers 21 128165093204864 Client Error 400: File is empty (0 bytes). Please upload a valid PDF with content. | URL: /api/v1/documents/upload/
[WARNING] 2026-06-22 03:30:01,054 error_handlers 21 128165093204864 Client Error 400: 'malware.exe' is not allowed. Only PDF files (.pdf) are accepted. | URL: /api/v1/documents/upload/
[WARNING] 2026-06-22 03:30:01,111 error_handlers 21 128165093204864 Client Error 413: File size 11.0MB exceeds the 10MB limit. Please compress your PDF. | URL: /api/v1/documents/upload/
[WARNING] 2026-06-22 03:30:01,134 error_handlers 21 128165093204864 Client Error 400: '' OR 1=1 --' is not valid. Allowed: uploaded, processing, completed, failed | URL: /api/v1/documents/
[WARNING] 2026-06-22 03:30:01,149 error_handlers 21 128165093204864 Client Error 404: No Document matches the given query. | URL: /api/v1/documents/99999/
[WARNING] 2026-06-22 03:30:01,154 error_handlers 21 128165093204864 Client Error 400: No file provided. Please attach a PDF file using the 'file' field. | URL: /api/v1/documents/upload/
[WARNING] 2026-06-22 03:30:01,317 error_handlers 21 128165093204864 Client Error 404: No Document matches the given query. | URL: /api/v1/documents/99999/clauses/
[WARNING] 2026-06-22 03:30:01,350 error_handlers 21 128165093204864 Client Error 404: No Document matches the given query. | URL: /api/v1/documents/99999/clauses/
[WARNING] 2026-06-22 03:30:01,359 error_handlers 21 128165093204864 Client Error 400: Request body is empty. Please provide the required data in the request body. | URL: /api/v1/documents/820/clauses/
[WARNING] 2026-06-22 03:30:01,418 error_handlers 21 128165093204864 Client Error 404: No Document matches the given query. | URL: /api/v1/documents/99999/
[WARNING] 2026-06-22 03:30:01,427 error_handlers 21 128165093204864 Client Error 404: No Document matches the given query. | URL: /api/v1/documents/99999/summary/
[WARNING] 2026-06-22 03:30:01,496 error_handlers 21 128165093204864 Client Error 400: 'INVALID' is not valid. Allowed: uploaded, processing, completed, failed | URL: /api/v1/documents/
[WARNING] 2026-06-22 03:30:01,541 error_handlers 21 128165093204864 Client Error 400: File is empty (0 bytes). Please upload a valid PDF with content. | URL: /api/v1/documents/upload/
[WARNING] 2026-06-22 03:30:01,551 error_handlers 21 128165093204864 Client Error 400: No file provided. Please attach a PDF file using the 'file' field. | URL: /api/v1/documents/upload/
[WARNING] 2026-06-22 03:30:01,560 error_handlers 21 128165093204864 Client Error 400: No file provided. Please attach a PDF file using the 'file' field. | URL: /api/v1/documents/upload/
[WARNING] 2026-06-22 03:30:01,570 error_handlers 21 128165093204864 Client Error 400: 'test.txt' is not allowed. Only PDF files (.pdf) are accepted. | URL: /api/v1/documents/upload/
[WARNING] 2026-06-22 03:30:01,621 error_handlers 21 128165093204864 Client Error 404: No Document matches the given query. | URL: /api/v1/documents/99999/
[WARNING] 2026-06-22 03:30:01,630 error_handlers 21 128165093204864 Client Error 404: No Document matches the given query. | URL: /api/v1/documents/99999/
[WARNING] 2026-06-22 03:30:01,633 error_handlers 21 128165093204864 Client Error 400: No file provided. Please attach a PDF file using the 'file' field. | URL: /api/v1/documents/upload/
[WARNING] 2026-06-22 03:30:01,635 error_handlers 21 128165093204864 Client Error 400: 'INVALID' is not valid. Allowed: uploaded, processing, completed, failed | URL: /api/v1/documents/
[WARNING] 2026-06-22 03:30:01,644 error_handlers 21 128165093204864 Client Error 404: No Document matches the given query. | URL: /api/v1/documents/99999/
[WARNING] 2026-06-22 03:30:01,648 error_handlers 21 128165093204864 Client Error 400: No file provided. Please attach a PDF file using the 'file' field. | URL: /api/v1/documents/upload/
[WARNING] 2026-06-22 03:30:01,657 error_handlers 21 128165093204864 Client Error 404: No Document matches the given query. | URL: /api/v1/documents/99999/
[WARNING] 2026-06-22 03:30:01,661 error_handlers 21 128165093204864 Client Error 400: No file provided. Please attach a PDF file using the 'file' field. | URL: /api/v1/documents/upload/
[WARNING] 2026-06-22 03:30:01,663 error_handlers 21 128165093204864 Client Error 400: 'INVALID' is not valid. Allowed: uploaded, processing, completed, failed | URL: /api/v1/documents/
[WARNING] 2026-06-22 03:30:01,669 error_handlers 21 128165093204864 Client Error 400: 'WRONG' is not valid. Allowed: uploaded, processing, completed, failed | URL: /api/v1/documents/
[WARNING] 2026-06-22 03:30:01,678 error_handlers 21 128165093204864 Client Error 400: No file provided. Please attach a PDF file using the 'file' field. | URL: /api/v1/documents/upload/
[WARNING] 2026-06-22 03:30:01,734 error_handlers 21 128165093204864 Client Error 404: No Document matches the given query. | URL: /api/v1/nlp/documents/99999/
[WARNING] 2026-06-22 03:30:01,755 error_handlers 21 128165093204864 Client Error 409: Document 'completed_test.pdf' has already been processed and marked as completed. Use PATCH /api/v1/documents/879/update-status/ to make changes. | URL: /api/v1/nlp/documents/879/process/
[WARNING] 2026-06-22 03:30:01,768 error_handlers 21 128165093204864 Client Error 400: 'INVALID' is not valid. Allowed: uploaded, processing, completed, failed | URL: /api/v1/nlp/documents/880/process/
[WARNING] 2026-06-22 03:30:01,778 error_handlers 21 128165093204864 Client Error 404: No Document matches the given query. | URL: /api/v1/nlp/documents/99999/process/
[WARNING] 2026-06-22 03:30:01,805 error_handlers 21 128165093204864 Client Error 404: No Document matches the given query. | URL: /api/v1/nlp/documents/99999/results/
[WARNING] 2026-06-22 03:30:01,830 error_handlers 21 128165093204864 Client Error 400: 'WRONG' is not valid. Allowed: uploaded, processing, completed, failed | URL: /api/v1/nlp/documents/890/status/
[WARNING] 2026-06-22 03:30:01,838 error_handlers 21 128165093204864 Client Error 404: No Document matches the given query. | URL: /api/v1/nlp/documents/99999/status/
[WARNING] 2026-06-22 03:30:01,871 error_handlers 21 128165093204864 Client Error 404: No Document matches the given query. | URL: /api/v1/documents/99999/risks/
[WARNING] 2026-06-22 03:30:01,909 error_handlers 21 128165093204864 Client Error 400: Request body is empty. Please provide the required data in the request body. | URL: /api/v1/documents/902/risks/
[WARNING] 2026-06-22 03:30:01,946 error_handlers 21 128165093204864 Client Error 404: No Document matches the given query. | URL: /api/v1/documents/99999/risks/
[WARNING] 2026-06-22 03:30:01,980 error_handlers 21 128165093204864 Client Error 400: Request body is empty. Please provide the required data in the request body. | URL: /api/v1/documents/912/update-status/
[WARNING] 2026-06-22 03:30:02,002 error_handlers 21 128165093204864 Client Error 400: 'WRONG' is not valid. Allowed: uploaded, processing, completed, failed | URL: /api/v1/documents/916/update-status/
[WARNING] 2026-06-22 03:30:02,020 error_handlers 21 128165093204864 Client Error 404: No Document matches the given query. | URL: /api/v1/documents/99999/update-status/
[WARNING] 2026-06-22 03:30:02,210 error_handlers 21 128165093204864 Client Error 404: No Document matches the given query. | URL: /api/v1/documents/9999/
[WARNING] 2026-06-22 03:30:02,218 error_handlers 21 128165093204864 Client Error 404: No Document matches the given query. | URL: /api/v1/documents/0/
[WARNING] 2026-06-22 03:30:02,263 error_handlers 21 128165093204864 Client Error 400: 'WRONG' is not valid. Allowed: uploaded, processing, completed, failed | URL: /api/v1/documents/
[WARNING] 2026-06-22 03:30:02,293 error_handlers 21 128165093204864 Client Error 400: 'WRONG' is not valid. Allowed: uploaded, processing, completed, failed | URL: /api/v1/documents/
[WARNING] 2026-06-22 03:30:02,467 error_handlers 21 128165093204864 Client Error 400: Request body is empty. Please provide the required data in the request body. | URL: /api/v1/documents/962/update-status/
[WARNING] 2026-06-22 03:30:02,486 error_handlers 21 128165093204864 Client Error 400: 'INVALID_STATUS' is not valid. Allowed: uploaded, processing, completed, failed | URL: /api/v1/documents/964/update-status/
[WARNING] 2026-06-22 03:30:02,503 error_handlers 21 128165093204864 Client Error 404: No Document matches the given query. | URL: /api/v1/documents/9999/update-status/
[WARNING] 2026-06-22 03:30:02,621 error_handlers 21 128165093204864 Client Error 404: No Document matches the given query. | URL: /api/v1/documents/9999/summary/
[WARNING] 2026-06-22 03:30:02,727 error_handlers 21 128165093204864 Client Error 400: No file provided. Please attach a PDF file using the 'file' field. | URL: /api/v1/documents/upload/
[WARNING] 2026-06-22 03:30:02,736 error_handlers 21 128165093204864 Client Error 400: No file provided. Please attach a PDF file using the 'file' field. | URL: /api/v1/documents/upload/
[WARNING] 2026-06-22 03:30:02,747 error_handlers 21 128165093204864 Client Error 400: 'test.txt' is not allowed. Only PDF files (.pdf) are accepted. | URL: /api/v1/documents/upload/
[WARNING] 2026-06-22 03:30:02,756 error_handlers 21 128165093204864 Client Error 400: 'test.txt' is not allowed. Only PDF files (.pdf) are accepted. | URL: /api/v1/documents/upload/
[WARNING] 2026-06-22 03:30:02,955 error_handlers 21 128165093204864 Client Error 404: No Document matches the given query. | URL: /api/v1/documents/9999/clauses/
[WARNING] 2026-06-22 03:30:03,058 error_handlers 21 128165093204864 Client Error 404: No Document matches the given query. | URL: /api/v1/documents/9999/clauses/
[WARNING] 2026-06-22 03:30:03,085 error_handlers 21 128165093204864 Client Error 400: Request body is empty. Please provide the required data in the request body. | URL: /api/v1/documents/1017/clauses/
[WARNING] 2026-06-22 03:30:03,255 error_handlers 21 128165093204864 Client Error 404: No Document matches the given query. | URL: /api/v1/documents/9999/risks/
[WARNING] 2026-06-22 03:30:03,311 error_handlers 21 128165093204864 Client Error 400: Request body is empty. Please provide the required data in the request body. | URL: /api/v1/documents/1038/risks/
[WARNING] 2026-06-22 03:30:03,371 error_handlers 21 128165093204864 Client Error 404: No Document matches the given query. | URL: /api/v1/documents/9999/risks/
[WARNING] 2026-06-22 03:30:04,004 error_handlers 21 128165093204864 Client Error 409: Document 'integration_test_tefUhpa.pdf' has already been processed and marked as completed. Use PATCH /api/v1/documents/1077/update-status/ to make changes. | URL: /api/v1/nlp/documents/1077/process/
[WARNING] 2026-06-22 04:02:27,866 error_handlers 19 139640382542720 Client Error 404: Invalid page. | URL: /api/v1/documents/
[WARNING] 2026-06-22 04:02:27,955 error_handlers 19 139640382542720 Client Error 400: 'contract.docx' is not allowed. Only PDF files (.pdf) are accepted. | URL: /api/v1/documents/upload/
[WARNING] 2026-06-22 04:02:27,965 error_handlers 19 139640382542720 Client Error 400: File is empty (0 bytes). Please upload a valid PDF with content. | URL: /api/v1/documents/upload/
[WARNING] 2026-06-22 04:02:28,039 error_handlers 19 139640382542720 Client Error 400: 'scan.jpg' is not allowed. Only PDF files (.pdf) are accepted. | URL: /api/v1/documents/upload/
[WARNING] 2026-06-22 04:02:28,043 error_handlers 19 139640382542720 Client Error 400: No file provided. Please attach a PDF file using the 'file' field. | URL: /api/v1/documents/upload/
[WARNING] 2026-06-22 04:02:28,106 error_handlers 19 139640382542720 Client Error 400: 'WRONG' is not valid. Allowed: uploaded, processing, completed, failed | URL: /api/v1/nlp/documents/183/process/
[WARNING] 2026-06-22 04:02:28,485 error_handlers 19 139640382542720 Client Error 404: No Document matches the given query. | URL: /api/v1/documents/99999/update-status/
[WARNING] 2026-06-22 04:02:28,506 error_handlers 19 139640382542720 Client Error 400: 'COMPLETED' is not valid. Allowed: uploaded, processing, completed, failed | URL: /api/v1/documents/350/update-status/
[WARNING] 2026-06-22 04:02:28,816 error_handlers 19 139640382542720 Client Error 400: Request body is empty. Please provide the required data in the request body. | URL: /api/v1/documents/374/update-status/
[WARNING] 2026-06-22 04:02:28,869 error_handlers 19 139640382542720 Client Error 400: 'WRONG' is not valid. Allowed: uploaded, processing, completed, failed | URL: /api/v1/documents/
[WARNING] 2026-06-22 04:02:28,881 error_handlers 19 139640382542720 Client Error 404: No Document matches the given query. | URL: /api/v1/documents/99999/
[WARNING] 2026-06-22 04:02:28,893 error_handlers 19 139640382542720 Client Error 409: Document 'final_test.pdf' has already been processed and marked as completed. Use PATCH /api/v1/documents/379/update-status/ to make changes. | URL: /api/v1/nlp/documents/379/process/
[WARNING] 2026-06-22 04:02:28,905 error_handlers 19 139640382542720 Client Error 400: No file provided. Please attach a PDF file using the 'file' field. | URL: /api/v1/documents/upload/
[WARNING] 2026-06-22 04:02:28,915 error_handlers 19 139640382542720 Client Error 400: 'doc.txt' is not allowed. Only PDF files (.pdf) are accepted. | URL: /api/v1/documents/upload/
[WARNING] 2026-06-22 04:02:29,312 error_handlers 19 139640382542720 Client Error 404: No Document matches the given query. | URL: /api/v1/documents/99999/
[WARNING] 2026-06-22 04:02:29,467 error_handlers 19 139640382542720 Client Error 404: No Document matches the given query. | URL: /api/v1/documents/99999/
[WARNING] 2026-06-22 04:02:29,529 error_handlers 19 139640382542720 Client Error 404: No Document matches the given query. | URL: /api/v1/documents/99999/
[WARNING] 2026-06-22 04:02:29,536 error_handlers 19 139640382542720 Client Error 400: No file provided. Please attach a PDF file using the 'file' field. | URL: /api/v1/documents/upload/
[WARNING] 2026-06-22 04:02:29,539 error_handlers 19 139640382542720 Client Error 400: 'INVALID' is not valid. Allowed: uploaded, processing, completed, failed | URL: /api/v1/documents/
[WARNING] 2026-06-22 04:02:30,703 error_handlers 19 139640382542720 Client Error 404: No Document matches the given query. | URL: /api/v1/nlp/documents/9999/
[WARNING] 2026-06-22 04:02:30,883 error_handlers 19 139640382542720 Client Error 404: No Document matches the given query. | URL: /api/v1/nlp/documents/9999/process/
[WARNING] 2026-06-22 04:02:30,895 error_handlers 19 139640382542720 Client Error 409: Document 'nlp_test.pdf' has already been processed and marked as completed. Use PATCH /api/v1/documents/475/update-status/ to make changes. | URL: /api/v1/nlp/documents/475/process/
[WARNING] 2026-06-22 04:02:31,106 error_handlers 19 139640382542720 Client Error 404: No Document matches the given query. | URL: /api/v1/nlp/documents/9999/results/
[WARNING] 2026-06-22 04:02:31,166 error_handlers 19 139640382542720 Client Error 400: Request body is empty. Please provide the required data in the request body. | URL: /api/v1/nlp/documents/493/status/
[WARNING] 2026-06-22 04:02:31,172 error_handlers 19 139640382542720 Client Error 400: 'INVALID' is not valid. Allowed: uploaded, processing, completed, failed | URL: /api/v1/nlp/documents/494/status/
[WARNING] 2026-06-22 04:02:31,194 error_handlers 19 139640382542720 Client Error 404: No Document matches the given query. | URL: /api/v1/nlp/documents/9999/status/
[WARNING] 2026-06-22 04:02:32,871 error_handlers 19 139640382542720 Client Error 400: File is empty (0 bytes). Please upload a valid PDF with content. | URL: /api/v1/documents/upload/
[WARNING] 2026-06-22 04:02:32,880 error_handlers 19 139640382542720 Client Error 400: 'malware.exe' is not allowed. Only PDF files (.pdf) are accepted. | URL: /api/v1/documents/upload/
[WARNING] 2026-06-22 04:02:32,938 error_handlers 19 139640382542720 Client Error 413: File size 11.0MB exceeds the 10MB limit. Please compress your PDF. | URL: /api/v1/documents/upload/
[WARNING] 2026-06-22 04:02:32,963 error_handlers 19 139640382542720 Client Error 400: '' OR 1=1 --' is not valid. Allowed: uploaded, processing, completed, failed | URL: /api/v1/documents/
[WARNING] 2026-06-22 04:02:32,979 error_handlers 19 139640382542720 Client Error 404: No Document matches the given query. | URL: /api/v1/documents/99999/
[WARNING] 2026-06-22 04:02:32,983 error_handlers 19 139640382542720 Client Error 400: No file provided. Please attach a PDF file using the 'file' field. | URL: /api/v1/documents/upload/
[WARNING] 2026-06-22 04:02:33,163 error_handlers 19 139640382542720 Client Error 404: No Document matches the given query. | URL: /api/v1/documents/99999/clauses/
[WARNING] 2026-06-22 04:02:33,209 error_handlers 19 139640382542720 Client Error 404: No Document matches the given query. | URL: /api/v1/documents/99999/clauses/
[WARNING] 2026-06-22 04:02:33,222 error_handlers 19 139640382542720 Client Error 400: Request body is empty. Please provide the required data in the request body. | URL: /api/v1/documents/820/clauses/
[WARNING] 2026-06-22 04:02:33,290 error_handlers 19 139640382542720 Client Error 404: No Document matches the given query. | URL: /api/v1/documents/99999/
[WARNING] 2026-06-22 04:02:33,301 error_handlers 19 139640382542720 Client Error 404: No Document matches the given query. | URL: /api/v1/documents/99999/summary/
[WARNING] 2026-06-22 04:02:33,377 error_handlers 19 139640382542720 Client Error 400: 'INVALID' is not valid. Allowed: uploaded, processing, completed, failed | URL: /api/v1/documents/
[WARNING] 2026-06-22 04:02:33,431 error_handlers 19 139640382542720 Client Error 400: File is empty (0 bytes). Please upload a valid PDF with content. | URL: /api/v1/documents/upload/
[WARNING] 2026-06-22 04:02:33,441 error_handlers 19 139640382542720 Client Error 400: No file provided. Please attach a PDF file using the 'file' field. | URL: /api/v1/documents/upload/
[WARNING] 2026-06-22 04:02:33,452 error_handlers 19 139640382542720 Client Error 400: No file provided. Please attach a PDF file using the 'file' field. | URL: /api/v1/documents/upload/
[WARNING] 2026-06-22 04:02:33,463 error_handlers 19 139640382542720 Client Error 400: 'test.txt' is not allowed. Only PDF files (.pdf) are accepted. | URL: /api/v1/documents/upload/
[WARNING] 2026-06-22 04:02:33,536 error_handlers 19 139640382542720 Client Error 404: No Document matches the given query. | URL: /api/v1/documents/99999/
[WARNING] 2026-06-22 04:02:33,554 error_handlers 19 139640382542720 Client Error 404: No Document matches the given query. | URL: /api/v1/documents/99999/
[WARNING] 2026-06-22 04:02:33,561 error_handlers 19 139640382542720 Client Error 400: No file provided. Please attach a PDF file using the 'file' field. | URL: /api/v1/documents/upload/
[WARNING] 2026-06-22 04:02:33,563 error_handlers 19 139640382542720 Client Error 400: 'INVALID' is not valid. Allowed: uploaded, processing, completed, failed | URL: /api/v1/documents/
[WARNING] 2026-06-22 04:02:33,575 error_handlers 19 139640382542720 Client Error 404: No Document matches the given query. | URL: /api/v1/documents/99999/
[WARNING] 2026-06-22 04:02:33,578 error_handlers 19 139640382542720 Client Error 400: No file provided. Please attach a PDF file using the 'file' field. | URL: /api/v1/documents/upload/
[WARNING] 2026-06-22 04:02:33,595 error_handlers 19 139640382542720 Client Error 404: No Document matches the given query. | URL: /api/v1/documents/99999/
[WARNING] 2026-06-22 04:02:33,598 error_handlers 19 139640382542720 Client Error 400: No file provided. Please attach a PDF file using the 'file' field. | URL: /api/v1/documents/upload/
[WARNING] 2026-06-22 04:02:33,603 error_handlers 19 139640382542720 Client Error 400: 'INVALID' is not valid. Allowed: uploaded, processing, completed, failed | URL: /api/v1/documents/
[WARNING] 2026-06-22 04:02:33,625 error_handlers 19 139640382542720 Client Error 400: 'WRONG' is not valid. Allowed: uploaded, processing, completed, failed | URL: /api/v1/documents/
[WARNING] 2026-06-22 04:02:33,637 error_handlers 19 139640382542720 Client Error 400: No file provided. Please attach a PDF file using the 'file' field. | URL: /api/v1/documents/upload/
[WARNING] 2026-06-22 04:02:33,716 error_handlers 19 139640382542720 Client Error 404: No Document matches the given query. | URL: /api/v1/nlp/documents/99999/
[WARNING] 2026-06-22 04:02:33,741 error_handlers 19 139640382542720 Client Error 409: Document 'completed_test.pdf' has already been processed and marked as completed. Use PATCH /api/v1/documents/879/update-status/ to make changes. | URL: /api/v1/nlp/documents/879/process/
[WARNING] 2026-06-22 04:02:33,761 error_handlers 19 139640382542720 Client Error 400: 'INVALID' is not valid. Allowed: uploaded, processing, completed, failed | URL: /api/v1/nlp/documents/880/process/
[WARNING] 2026-06-22 04:02:33,779 error_handlers 19 139640382542720 Client Error 404: No Document matches the given query. | URL: /api/v1/nlp/documents/99999/process/
[WARNING] 2026-06-22 04:02:33,807 error_handlers 19 139640382542720 Client Error 404: No Document matches the given query. | URL: /api/v1/nlp/documents/99999/results/
[WARNING] 2026-06-22 04:02:33,840 error_handlers 19 139640382542720 Client Error 400: 'WRONG' is not valid. Allowed: uploaded, processing, completed, failed | URL: /api/v1/nlp/documents/890/status/
[WARNING] 2026-06-22 04:02:33,855 error_handlers 19 139640382542720 Client Error 404: No Document matches the given query. | URL: /api/v1/nlp/documents/99999/status/
[WARNING] 2026-06-22 04:02:33,904 error_handlers 19 139640382542720 Client Error 404: No Document matches the given query. | URL: /api/v1/documents/99999/risks/
[WARNING] 2026-06-22 04:02:33,945 error_handlers 19 139640382542720 Client Error 400: Request body is empty. Please provide the required data in the request body. | URL: /api/v1/documents/902/risks/
[WARNING] 2026-06-22 04:02:33,973 error_handlers 19 139640382542720 Client Error 404: No Document matches the given query. | URL: /api/v1/documents/99999/risks/
[WARNING] 2026-06-22 04:02:34,005 error_handlers 19 139640382542720 Client Error 400: Request body is empty. Please provide the required data in the request body. | URL: /api/v1/documents/912/update-status/
[WARNING] 2026-06-22 04:02:34,021 error_handlers 19 139640382542720 Client Error 400: 'WRONG' is not valid. Allowed: uploaded, processing, completed, failed | URL: /api/v1/documents/916/update-status/
[WARNING] 2026-06-22 04:02:34,041 error_handlers 19 139640382542720 Client Error 404: No Document matches the given query. | URL: /api/v1/documents/99999/update-status/
[WARNING] 2026-06-22 04:02:34,217 error_handlers 19 139640382542720 Client Error 404: No Document matches the given query. | URL: /api/v1/documents/9999/
[WARNING] 2026-06-22 04:02:34,223 error_handlers 19 139640382542720 Client Error 404: No Document matches the given query. | URL: /api/v1/documents/0/
[WARNING] 2026-06-22 04:02:34,277 error_handlers 19 139640382542720 Client Error 400: 'WRONG' is not valid. Allowed: uploaded, processing, completed, failed | URL: /api/v1/documents/
[WARNING] 2026-06-22 04:02:34,308 error_handlers 19 139640382542720 Client Error 400: 'WRONG' is not valid. Allowed: uploaded, processing, completed, failed | URL: /api/v1/documents/
[WARNING] 2026-06-22 04:02:34,479 error_handlers 19 139640382542720 Client Error 400: Request body is empty. Please provide the required data in the request body. | URL: /api/v1/documents/962/update-status/
[WARNING] 2026-06-22 04:02:34,503 error_handlers 19 139640382542720 Client Error 400: 'INVALID_STATUS' is not valid. Allowed: uploaded, processing, completed, failed | URL: /api/v1/documents/964/update-status/
[WARNING] 2026-06-22 04:02:34,522 error_handlers 19 139640382542720 Client Error 404: No Document matches the given query. | URL: /api/v1/documents/9999/update-status/
[WARNING] 2026-06-22 04:02:34,625 error_handlers 19 139640382542720 Client Error 404: No Document matches the given query. | URL: /api/v1/documents/9999/summary/
[WARNING] 2026-06-22 04:02:34,722 error_handlers 19 139640382542720 Client Error 400: No file provided. Please attach a PDF file using the 'file' field. | URL: /api/v1/documents/upload/
[WARNING] 2026-06-22 04:02:34,730 error_handlers 19 139640382542720 Client Error 400: No file provided. Please attach a PDF file using the 'file' field. | URL: /api/v1/documents/upload/
[WARNING] 2026-06-22 04:02:34,736 error_handlers 19 139640382542720 Client Error 400: 'test.txt' is not allowed. Only PDF files (.pdf) are accepted. | URL: /api/v1/documents/upload/
[WARNING] 2026-06-22 04:02:34,744 error_handlers 19 139640382542720 Client Error 400: 'test.txt' is not allowed. Only PDF files (.pdf) are accepted. | URL: /api/v1/documents/upload/
[WARNING] 2026-06-22 04:02:34,897 error_handlers 19 139640382542720 Client Error 404: No Document matches the given query. | URL: /api/v1/documents/9999/clauses/
[WARNING] 2026-06-22 04:02:35,015 error_handlers 19 139640382542720 Client Error 404: No Document matches the given query. | URL: /api/v1/documents/9999/clauses/
[WARNING] 2026-06-22 04:02:35,050 error_handlers 19 139640382542720 Client Error 400: Request body is empty. Please provide the required data in the request body. | URL: /api/v1/documents/1017/clauses/
[WARNING] 2026-06-22 04:02:35,238 error_handlers 19 139640382542720 Client Error 404: No Document matches the given query. | URL: /api/v1/documents/9999/risks/
[WARNING] 2026-06-22 04:02:35,302 error_handlers 19 139640382542720 Client Error 400: Request body is empty. Please provide the required data in the request body. | URL: /api/v1/documents/1038/risks/
[WARNING] 2026-06-22 04:02:35,368 error_handlers 19 139640382542720 Client Error 404: No Document matches the given query. | URL: /api/v1/documents/9999/risks/
[WARNING] 2026-06-22 04:02:35,942 error_handlers 19 139640382542720 Client Error 409: Document 'integration_test_Cj5U4dD.pdf' has already been processed and marked as completed. Use PATCH /api/v1/documents/1077/update-status/ to make changes. | URL: /api/v1/nlp/documents/1077/process/
[WARNING] 2026-06-23 05:57:01,206 error_handlers 19 127866924770176 Client Error 404: Invalid page. | URL: /api/v1/documents/
[WARNING] 2026-06-23 05:57:01,285 error_handlers 19 127866924770176 Client Error 400: 'contract.docx' is not allowed. Only PDF files (.pdf) are accepted. | URL: /api/v1/documents/upload/
[WARNING] 2026-06-23 05:57:01,294 error_handlers 19 127866924770176 Client Error 400: File is empty (0 bytes). Please upload a valid PDF with content. | URL: /api/v1/documents/upload/
[WARNING] 2026-06-23 05:57:01,349 error_handlers 19 127866924770176 Client Error 400: 'scan.jpg' is not allowed. Only PDF files (.pdf) are accepted. | URL: /api/v1/documents/upload/
[WARNING] 2026-06-23 05:57:01,354 error_handlers 19 127866924770176 Client Error 400: No file provided. Please attach a PDF file using the 'file' field. | URL: /api/v1/documents/upload/
[WARNING] 2026-06-23 05:57:01,418 error_handlers 19 127866924770176 Client Error 400: 'WRONG' is not valid. Allowed: uploaded, processing, completed, failed | URL: /api/v1/nlp/documents/183/process/
[WARNING] 2026-06-23 05:57:01,747 error_handlers 19 127866924770176 Client Error 404: No Document matches the given query. | URL: /api/v1/documents/99999/update-status/
[WARNING] 2026-06-23 05:57:01,773 error_handlers 19 127866924770176 Client Error 400: 'COMPLETED' is not valid. Allowed: uploaded, processing, completed, failed | URL: /api/v1/documents/350/update-status/
[WARNING] 2026-06-23 05:57:02,069 error_handlers 19 127866924770176 Client Error 400: Request body is empty. Please provide the required data in the request body. | URL: /api/v1/documents/374/update-status/
[WARNING] 2026-06-23 05:57:02,097 error_handlers 19 127866924770176 Client Error 400: 'WRONG' is not valid. Allowed: uploaded, processing, completed, failed | URL: /api/v1/documents/
[WARNING] 2026-06-23 05:57:02,111 error_handlers 19 127866924770176 Client Error 404: No Document matches the given query. | URL: /api/v1/documents/99999/
[WARNING] 2026-06-23 05:57:02,124 error_handlers 19 127866924770176 Client Error 409: Document 'final_test.pdf' has already been processed and marked as completed. Use PATCH /api/v1/documents/379/update-status/ to make changes. | URL: /api/v1/nlp/documents/379/process/
[WARNING] 2026-06-23 05:57:02,131 error_handlers 19 127866924770176 Client Error 400: No file provided. Please attach a PDF file using the 'file' field. | URL: /api/v1/documents/upload/
[WARNING] 2026-06-23 05:57:02,148 error_handlers 19 127866924770176 Client Error 400: 'doc.txt' is not allowed. Only PDF files (.pdf) are accepted. | URL: /api/v1/documents/upload/
[WARNING] 2026-06-23 05:57:02,449 error_handlers 19 127866924770176 Client Error 404: No Document matches the given query. | URL: /api/v1/documents/99999/
[WARNING] 2026-06-23 05:57:02,625 error_handlers 19 127866924770176 Client Error 404: No Document matches the given query. | URL: /api/v1/documents/99999/
[WARNING] 2026-06-23 05:57:02,722 error_handlers 19 127866924770176 Client Error 404: No Document matches the given query. | URL: /api/v1/documents/99999/
[WARNING] 2026-06-23 05:57:02,733 error_handlers 19 127866924770176 Client Error 400: No file provided. Please attach a PDF file using the 'file' field. | URL: /api/v1/documents/upload/
[WARNING] 2026-06-23 05:57:02,736 error_handlers 19 127866924770176 Client Error 400: 'INVALID' is not valid. Allowed: uploaded, processing, completed, failed | URL: /api/v1/documents/
[WARNING] 2026-06-23 05:57:03,897 error_handlers 19 127866924770176 Client Error 404: No Document matches the given query. | URL: /api/v1/nlp/documents/9999/
[WARNING] 2026-06-23 05:57:04,211 error_handlers 19 127866924770176 Client Error 404: No Document matches the given query. | URL: /api/v1/nlp/documents/9999/process/
[WARNING] 2026-06-23 05:57:04,228 error_handlers 19 127866924770176 Client Error 409: Document 'nlp_test.pdf' has already been processed and marked as completed. Use PATCH /api/v1/documents/475/update-status/ to make changes. | URL: /api/v1/nlp/documents/475/process/
[WARNING] 2026-06-23 05:57:04,481 error_handlers 19 127866924770176 Client Error 404: No Document matches the given query. | URL: /api/v1/nlp/documents/9999/results/
[WARNING] 2026-06-23 05:57:04,563 error_handlers 19 127866924770176 Client Error 400: Request body is empty. Please provide the required data in the request body. | URL: /api/v1/nlp/documents/493/status/
[WARNING] 2026-06-23 05:57:04,571 error_handlers 19 127866924770176 Client Error 400: 'INVALID' is not valid. Allowed: uploaded, processing, completed, failed | URL: /api/v1/nlp/documents/494/status/
[WARNING] 2026-06-23 05:57:04,588 error_handlers 19 127866924770176 Client Error 404: No Document matches the given query. | URL: /api/v1/nlp/documents/9999/status/
[WARNING] 2026-06-23 05:57:06,656 error_handlers 19 127866924770176 Client Error 400: File is empty (0 bytes). Please upload a valid PDF with content. | URL: /api/v1/documents/upload/
[WARNING] 2026-06-23 05:57:06,662 error_handlers 19 127866924770176 Client Error 400: 'malware.exe' is not allowed. Only PDF files (.pdf) are accepted. | URL: /api/v1/documents/upload/
[WARNING] 2026-06-23 05:57:06,723 error_handlers 19 127866924770176 Client Error 413: File size 11.0MB exceeds the 10MB limit. Please compress your PDF. | URL: /api/v1/documents/upload/
[WARNING] 2026-06-23 05:57:06,745 error_handlers 19 127866924770176 Client Error 400: '' OR 1=1 --' is not valid. Allowed: uploaded, processing, completed, failed | URL: /api/v1/documents/
[WARNING] 2026-06-23 05:57:06,768 error_handlers 19 127866924770176 Client Error 404: No Document matches the given query. | URL: /api/v1/documents/99999/
[WARNING] 2026-06-23 05:57:06,775 error_handlers 19 127866924770176 Client Error 400: No file provided. Please attach a PDF file using the 'file' field. | URL: /api/v1/documents/upload/
[WARNING] 2026-06-23 05:57:06,981 error_handlers 19 127866924770176 Client Error 404: No Document matches the given query. | URL: /api/v1/documents/99999/clauses/
[WARNING] 2026-06-23 05:57:07,029 error_handlers 19 127866924770176 Client Error 404: No Document matches the given query. | URL: /api/v1/documents/99999/clauses/
[WARNING] 2026-06-23 05:57:07,040 error_handlers 19 127866924770176 Client Error 400: Request body is empty. Please provide the required data in the request body. | URL: /api/v1/documents/820/clauses/
[WARNING] 2026-06-23 05:57:07,117 error_handlers 19 127866924770176 Client Error 404: No Document matches the given query. | URL: /api/v1/documents/99999/
[WARNING] 2026-06-23 05:57:07,129 error_handlers 19 127866924770176 Client Error 404: No Document matches the given query. | URL: /api/v1/documents/99999/summary/
[WARNING] 2026-06-23 05:57:07,203 error_handlers 19 127866924770176 Client Error 400: 'INVALID' is not valid. Allowed: uploaded, processing, completed, failed | URL: /api/v1/documents/
[WARNING] 2026-06-23 05:57:07,248 error_handlers 19 127866924770176 Client Error 400: File is empty (0 bytes). Please upload a valid PDF with content. | URL: /api/v1/documents/upload/
[WARNING] 2026-06-23 05:57:07,258 error_handlers 19 127866924770176 Client Error 400: No file provided. Please attach a PDF file using the 'file' field. | URL: /api/v1/documents/upload/
[WARNING] 2026-06-23 05:57:07,269 error_handlers 19 127866924770176 Client Error 400: No file provided. Please attach a PDF file using the 'file' field. | URL: /api/v1/documents/upload/
[WARNING] 2026-06-23 05:57:07,285 error_handlers 19 127866924770176 Client Error 400: 'test.txt' is not allowed. Only PDF files (.pdf) are accepted. | URL: /api/v1/documents/upload/
[WARNING] 2026-06-23 05:57:07,350 error_handlers 19 127866924770176 Client Error 404: No Document matches the given query. | URL: /api/v1/documents/99999/
[WARNING] 2026-06-23 05:57:07,361 error_handlers 19 127866924770176 Client Error 404: No Document matches the given query. | URL: /api/v1/documents/99999/
[WARNING] 2026-06-23 05:57:07,364 error_handlers 19 127866924770176 Client Error 400: No file provided. Please attach a PDF file using the 'file' field. | URL: /api/v1/documents/upload/
[WARNING] 2026-06-23 05:57:07,367 error_handlers 19 127866924770176 Client Error 400: 'INVALID' is not valid. Allowed: uploaded, processing, completed, failed | URL: /api/v1/documents/
[WARNING] 2026-06-23 05:57:07,377 error_handlers 19 127866924770176 Client Error 404: No Document matches the given query. | URL: /api/v1/documents/99999/
[WARNING] 2026-06-23 05:57:07,379 error_handlers 19 127866924770176 Client Error 400: No file provided. Please attach a PDF file using the 'file' field. | URL: /api/v1/documents/upload/
[WARNING] 2026-06-23 05:57:07,395 error_handlers 19 127866924770176 Client Error 404: No Document matches the given query. | URL: /api/v1/documents/99999/
[WARNING] 2026-06-23 05:57:07,398 error_handlers 19 127866924770176 Client Error 400: No file provided. Please attach a PDF file using the 'file' field. | URL: /api/v1/documents/upload/
[WARNING] 2026-06-23 05:57:07,400 error_handlers 19 127866924770176 Client Error 400: 'INVALID' is not valid. Allowed: uploaded, processing, completed, failed | URL: /api/v1/documents/
[WARNING] 2026-06-23 05:57:07,411 error_handlers 19 127866924770176 Client Error 400: 'WRONG' is not valid. Allowed: uploaded, processing, completed, failed | URL: /api/v1/documents/
[WARNING] 2026-06-23 05:57:07,419 error_handlers 19 127866924770176 Client Error 400: No file provided. Please attach a PDF file using the 'file' field. | URL: /api/v1/documents/upload/
[WARNING] 2026-06-23 05:57:07,483 error_handlers 19 127866924770176 Client Error 404: No Document matches the given query. | URL: /api/v1/nlp/documents/99999/
[WARNING] 2026-06-23 05:57:07,508 error_handlers 19 127866924770176 Client Error 409: Document 'completed_test.pdf' has already been processed and marked as completed. Use PATCH /api/v1/documents/879/update-status/ to make changes. | URL: /api/v1/nlp/documents/879/process/
[WARNING] 2026-06-23 05:57:07,526 error_handlers 19 127866924770176 Client Error 400: 'INVALID' is not valid. Allowed: uploaded, processing, completed, failed | URL: /api/v1/nlp/documents/880/process/
[WARNING] 2026-06-23 05:57:07,541 error_handlers 19 127866924770176 Client Error 404: No Document matches the given query. | URL: /api/v1/nlp/documents/99999/process/
[WARNING] 2026-06-23 05:57:07,567 error_handlers 19 127866924770176 Client Error 404: No Document matches the given query. | URL: /api/v1/nlp/documents/99999/results/
[WARNING] 2026-06-23 05:57:07,593 error_handlers 19 127866924770176 Client Error 400: 'WRONG' is not valid. Allowed: uploaded, processing, completed, failed | URL: /api/v1/nlp/documents/890/status/
[WARNING] 2026-06-23 05:57:07,607 error_handlers 19 127866924770176 Client Error 404: No Document matches the given query. | URL: /api/v1/nlp/documents/99999/status/
[WARNING] 2026-06-23 05:57:07,648 error_handlers 19 127866924770176 Client Error 404: No Document matches the given query. | URL: /api/v1/documents/99999/risks/
[WARNING] 2026-06-23 05:57:07,695 error_handlers 19 127866924770176 Client Error 400: Request body is empty. Please provide the required data in the request body. | URL: /api/v1/documents/902/risks/
[WARNING] 2026-06-23 05:57:07,735 error_handlers 19 127866924770176 Client Error 404: No Document matches the given query. | URL: /api/v1/documents/99999/risks/
[WARNING] 2026-06-23 05:57:07,772 error_handlers 19 127866924770176 Client Error 400: Request body is empty. Please provide the required data in the request body. | URL: /api/v1/documents/912/update-status/
[WARNING] 2026-06-23 05:57:07,803 error_handlers 19 127866924770176 Client Error 400: 'WRONG' is not valid. Allowed: uploaded, processing, completed, failed | URL: /api/v1/documents/916/update-status/
[WARNING] 2026-06-23 05:57:07,824 error_handlers 19 127866924770176 Client Error 404: No Document matches the given query. | URL: /api/v1/documents/99999/update-status/
[WARNING] 2026-06-23 05:57:08,046 error_handlers 19 127866924770176 Client Error 404: No Document matches the given query. | URL: /api/v1/documents/9999/
[WARNING] 2026-06-23 05:57:08,063 error_handlers 19 127866924770176 Client Error 404: No Document matches the given query. | URL: /api/v1/documents/0/
[WARNING] 2026-06-23 05:57:08,124 error_handlers 19 127866924770176 Client Error 400: 'WRONG' is not valid. Allowed: uploaded, processing, completed, failed | URL: /api/v1/documents/
[WARNING] 2026-06-23 05:57:08,160 error_handlers 19 127866924770176 Client Error 400: 'WRONG' is not valid. Allowed: uploaded, processing, completed, failed | URL: /api/v1/documents/
[WARNING] 2026-06-23 05:57:08,348 error_handlers 19 127866924770176 Client Error 400: Request body is empty. Please provide the required data in the request body. | URL: /api/v1/documents/962/update-status/
[WARNING] 2026-06-23 05:57:08,364 error_handlers 19 127866924770176 Client Error 400: 'INVALID_STATUS' is not valid. Allowed: uploaded, processing, completed, failed | URL: /api/v1/documents/964/update-status/
[WARNING] 2026-06-23 05:57:08,379 error_handlers 19 127866924770176 Client Error 404: No Document matches the given query. | URL: /api/v1/documents/9999/update-status/
[WARNING] 2026-06-23 05:57:08,497 error_handlers 19 127866924770176 Client Error 404: No Document matches the given query. | URL: /api/v1/documents/9999/summary/
[WARNING] 2026-06-23 05:57:08,586 error_handlers 19 127866924770176 Client Error 400: No file provided. Please attach a PDF file using the 'file' field. | URL: /api/v1/documents/upload/
[WARNING] 2026-06-23 05:57:08,594 error_handlers 19 127866924770176 Client Error 400: No file provided. Please attach a PDF file using the 'file' field. | URL: /api/v1/documents/upload/
[WARNING] 2026-06-23 05:57:08,606 error_handlers 19 127866924770176 Client Error 400: 'test.txt' is not allowed. Only PDF files (.pdf) are accepted. | URL: /api/v1/documents/upload/
[WARNING] 2026-06-23 05:57:08,617 error_handlers 19 127866924770176 Client Error 400: 'test.txt' is not allowed. Only PDF files (.pdf) are accepted. | URL: /api/v1/documents/upload/
[WARNING] 2026-06-23 05:57:08,789 error_handlers 19 127866924770176 Client Error 404: No Document matches the given query. | URL: /api/v1/documents/9999/clauses/
[WARNING] 2026-06-23 05:57:08,896 error_handlers 19 127866924770176 Client Error 404: No Document matches the given query. | URL: /api/v1/documents/9999/clauses/
[WARNING] 2026-06-23 05:57:08,935 error_handlers 19 127866924770176 Client Error 400: Request body is empty. Please provide the required data in the request body. | URL: /api/v1/documents/1017/clauses/
[WARNING] 2026-06-23 05:57:09,097 error_handlers 19 127866924770176 Client Error 404: No Document matches the given query. | URL: /api/v1/documents/9999/risks/
[WARNING] 2026-06-23 05:57:09,177 error_handlers 19 127866924770176 Client Error 400: Request body is empty. Please provide the required data in the request body. | URL: /api/v1/documents/1038/risks/
[WARNING] 2026-06-23 05:57:09,234 error_handlers 19 127866924770176 Client Error 404: No Document matches the given query. | URL: /api/v1/documents/9999/risks/
[WARNING] 2026-06-23 05:57:09,829 error_handlers 19 127866924770176 Client Error 409: Document 'integration_test_2P9m7FE.pdf' has already been processed and marked as completed. Use PATCH /api/v1/documents/1077/update-status/ to make changes. | URL: /api/v1/nlp/documents/1077/process/
[WARNING] 2026-06-23 05:57:43,524 error_handlers 25 131790585824128 Client Error 404: Invalid page. | URL: /api/v1/documents/
[WARNING] 2026-06-23 05:57:43,598 error_handlers 25 131790585824128 Client Error 400: 'contract.docx' is not allowed. Only PDF files (.pdf) are accepted. | URL: /api/v1/documents/upload/
[WARNING] 2026-06-23 05:57:43,607 error_handlers 25 131790585824128 Client Error 400: File is empty (0 bytes). Please upload a valid PDF with content. | URL: /api/v1/documents/upload/
[WARNING] 2026-06-23 05:57:43,661 error_handlers 25 131790585824128 Client Error 400: 'scan.jpg' is not allowed. Only PDF files (.pdf) are accepted. | URL: /api/v1/documents/upload/
[WARNING] 2026-06-23 05:57:43,667 error_handlers 25 131790585824128 Client Error 400: No file provided. Please attach a PDF file using the 'file' field. | URL: /api/v1/documents/upload/
[WARNING] 2026-06-23 05:57:43,744 error_handlers 25 131790585824128 Client Error 400: 'WRONG' is not valid. Allowed: uploaded, processing, completed, failed | URL: /api/v1/nlp/documents/183/process/
[WARNING] 2026-06-23 05:57:44,178 error_handlers 25 131790585824128 Client Error 404: No Document matches the given query. | URL: /api/v1/documents/99999/update-status/
[WARNING] 2026-06-23 05:57:44,199 error_handlers 25 131790585824128 Client Error 400: 'COMPLETED' is not valid. Allowed: uploaded, processing, completed, failed | URL: /api/v1/documents/350/update-status/
[WARNING] 2026-06-23 05:57:44,454 error_handlers 25 131790585824128 Client Error 400: Request body is empty. Please provide the required data in the request body. | URL: /api/v1/documents/374/update-status/
[WARNING] 2026-06-23 05:57:44,479 error_handlers 25 131790585824128 Client Error 400: 'WRONG' is not valid. Allowed: uploaded, processing, completed, failed | URL: /api/v1/documents/
[WARNING] 2026-06-23 05:57:44,488 error_handlers 25 131790585824128 Client Error 404: No Document matches the given query. | URL: /api/v1/documents/99999/
[WARNING] 2026-06-23 05:57:44,496 error_handlers 25 131790585824128 Client Error 409: Document 'final_test.pdf' has already been processed and marked as completed. Use PATCH /api/v1/documents/379/update-status/ to make changes. | URL: /api/v1/nlp/documents/379/process/
[WARNING] 2026-06-23 05:57:44,504 error_handlers 25 131790585824128 Client Error 400: No file provided. Please attach a PDF file using the 'file' field. | URL: /api/v1/documents/upload/
[WARNING] 2026-06-23 05:57:44,511 error_handlers 25 131790585824128 Client Error 400: 'doc.txt' is not allowed. Only PDF files (.pdf) are accepted. | URL: /api/v1/documents/upload/
[WARNING] 2026-06-23 05:57:44,768 error_handlers 25 131790585824128 Client Error 404: No Document matches the given query. | URL: /api/v1/documents/99999/
[WARNING] 2026-06-23 05:57:44,923 error_handlers 25 131790585824128 Client Error 404: No Document matches the given query. | URL: /api/v1/documents/99999/
[WARNING] 2026-06-23 05:57:45,000 error_handlers 25 131790585824128 Client Error 404: No Document matches the given query. | URL: /api/v1/documents/99999/
[WARNING] 2026-06-23 05:57:45,006 error_handlers 25 131790585824128 Client Error 400: No file provided. Please attach a PDF file using the 'file' field. | URL: /api/v1/documents/upload/
[WARNING] 2026-06-23 05:57:45,011 error_handlers 25 131790585824128 Client Error 400: 'INVALID' is not valid. Allowed: uploaded, processing, completed, failed | URL: /api/v1/documents/
[WARNING] 2026-06-23 05:57:46,152 error_handlers 25 131790585824128 Client Error 404: No Document matches the given query. | URL: /api/v1/nlp/documents/9999/
[WARNING] 2026-06-23 05:57:46,323 error_handlers 25 131790585824128 Client Error 404: No Document matches the given query. | URL: /api/v1/nlp/documents/9999/process/
[WARNING] 2026-06-23 05:57:46,333 error_handlers 25 131790585824128 Client Error 409: Document 'nlp_test.pdf' has already been processed and marked as completed. Use PATCH /api/v1/documents/475/update-status/ to make changes. | URL: /api/v1/nlp/documents/475/process/
[WARNING] 2026-06-23 05:57:46,524 error_handlers 25 131790585824128 Client Error 404: No Document matches the given query. | URL: /api/v1/nlp/documents/9999/results/
[WARNING] 2026-06-23 05:57:46,584 error_handlers 25 131790585824128 Client Error 400: Request body is empty. Please provide the required data in the request body. | URL: /api/v1/nlp/documents/493/status/
[WARNING] 2026-06-23 05:57:46,592 error_handlers 25 131790585824128 Client Error 400: 'INVALID' is not valid. Allowed: uploaded, processing, completed, failed | URL: /api/v1/nlp/documents/494/status/
[WARNING] 2026-06-23 05:57:46,613 error_handlers 25 131790585824128 Client Error 404: No Document matches the given query. | URL: /api/v1/nlp/documents/9999/status/
[WARNING] 2026-06-23 05:57:48,407 error_handlers 25 131790585824128 Client Error 400: File is empty (0 bytes). Please upload a valid PDF with content. | URL: /api/v1/documents/upload/
[WARNING] 2026-06-23 05:57:48,413 error_handlers 25 131790585824128 Client Error 400: 'malware.exe' is not allowed. Only PDF files (.pdf) are accepted. | URL: /api/v1/documents/upload/
[WARNING] 2026-06-23 05:57:48,491 error_handlers 25 131790585824128 Client Error 413: File size 11.0MB exceeds the 10MB limit. Please compress your PDF. | URL: /api/v1/documents/upload/
[WARNING] 2026-06-23 05:57:48,521 error_handlers 25 131790585824128 Client Error 400: '' OR 1=1 --' is not valid. Allowed: uploaded, processing, completed, failed | URL: /api/v1/documents/
[WARNING] 2026-06-23 05:57:48,538 error_handlers 25 131790585824128 Client Error 404: No Document matches the given query. | URL: /api/v1/documents/99999/
[WARNING] 2026-06-23 05:57:48,543 error_handlers 25 131790585824128 Client Error 400: No file provided. Please attach a PDF file using the 'file' field. | URL: /api/v1/documents/upload/
[WARNING] 2026-06-23 05:57:48,761 error_handlers 25 131790585824128 Client Error 404: No Document matches the given query. | URL: /api/v1/documents/99999/clauses/
[WARNING] 2026-06-23 05:57:48,803 error_handlers 25 131790585824128 Client Error 404: No Document matches the given query. | URL: /api/v1/documents/99999/clauses/
[WARNING] 2026-06-23 05:57:48,816 error_handlers 25 131790585824128 Client Error 400: Request body is empty. Please provide the required data in the request body. | URL: /api/v1/documents/820/clauses/
[WARNING] 2026-06-23 05:57:48,899 error_handlers 25 131790585824128 Client Error 404: No Document matches the given query. | URL: /api/v1/documents/99999/
[WARNING] 2026-06-23 05:57:48,909 error_handlers 25 131790585824128 Client Error 404: No Document matches the given query. | URL: /api/v1/documents/99999/summary/
[WARNING] 2026-06-23 05:57:48,997 error_handlers 25 131790585824128 Client Error 400: 'INVALID' is not valid. Allowed: uploaded, processing, completed, failed | URL: /api/v1/documents/
[WARNING] 2026-06-23 05:57:49,047 error_handlers 25 131790585824128 Client Error 400: File is empty (0 bytes). Please upload a valid PDF with content. | URL: /api/v1/documents/upload/
[WARNING] 2026-06-23 05:57:49,058 error_handlers 25 131790585824128 Client Error 400: No file provided. Please attach a PDF file using the 'file' field. | URL: /api/v1/documents/upload/
[WARNING] 2026-06-23 05:57:49,068 error_handlers 25 131790585824128 Client Error 400: No file provided. Please attach a PDF file using the 'file' field. | URL: /api/v1/documents/upload/
[WARNING] 2026-06-23 05:57:49,083 error_handlers 25 131790585824128 Client Error 400: 'test.txt' is not allowed. Only PDF files (.pdf) are accepted. | URL: /api/v1/documents/upload/
[WARNING] 2026-06-23 05:57:49,165 error_handlers 25 131790585824128 Client Error 404: No Document matches the given query. | URL: /api/v1/documents/99999/
[WARNING] 2026-06-23 05:57:49,190 error_handlers 25 131790585824128 Client Error 404: No Document matches the given query. | URL: /api/v1/documents/99999/
[WARNING] 2026-06-23 05:57:49,198 error_handlers 25 131790585824128 Client Error 400: No file provided. Please attach a PDF file using the 'file' field. | URL: /api/v1/documents/upload/
[WARNING] 2026-06-23 05:57:49,204 error_handlers 25 131790585824128 Client Error 400: 'INVALID' is not valid. Allowed: uploaded, processing, completed, failed | URL: /api/v1/documents/
[WARNING] 2026-06-23 05:57:49,214 error_handlers 25 131790585824128 Client Error 404: No Document matches the given query. | URL: /api/v1/documents/99999/
[WARNING] 2026-06-23 05:57:49,220 error_handlers 25 131790585824128 Client Error 400: No file provided. Please attach a PDF file using the 'file' field. | URL: /api/v1/documents/upload/
[WARNING] 2026-06-23 05:57:49,231 error_handlers 25 131790585824128 Client Error 404: No Document matches the given query. | URL: /api/v1/documents/99999/
[WARNING] 2026-06-23 05:57:49,241 error_handlers 25 131790585824128 Client Error 400: No file provided. Please attach a PDF file using the 'file' field. | URL: /api/v1/documents/upload/
[WARNING] 2026-06-23 05:57:49,247 error_handlers 25 131790585824128 Client Error 400: 'INVALID' is not valid. Allowed: uploaded, processing, completed, failed | URL: /api/v1/documents/
[WARNING] 2026-06-23 05:57:49,261 error_handlers 25 131790585824128 Client Error 400: 'WRONG' is not valid. Allowed: uploaded, processing, completed, failed | URL: /api/v1/documents/
[WARNING] 2026-06-23 05:57:49,271 error_handlers 25 131790585824128 Client Error 400: No file provided. Please attach a PDF file using the 'file' field. | URL: /api/v1/documents/upload/
[WARNING] 2026-06-23 05:57:49,341 error_handlers 25 131790585824128 Client Error 404: No Document matches the given query. | URL: /api/v1/nlp/documents/99999/
[WARNING] 2026-06-23 05:57:49,365 error_handlers 25 131790585824128 Client Error 409: Document 'completed_test.pdf' has already been processed and marked as completed. Use PATCH /api/v1/documents/879/update-status/ to make changes. | URL: /api/v1/nlp/documents/879/process/
[WARNING] 2026-06-23 05:57:49,382 error_handlers 25 131790585824128 Client Error 400: 'INVALID' is not valid. Allowed: uploaded, processing, completed, failed | URL: /api/v1/nlp/documents/880/process/
[WARNING] 2026-06-23 05:57:49,392 error_handlers 25 131790585824128 Client Error 404: No Document matches the given query. | URL: /api/v1/nlp/documents/99999/process/
[WARNING] 2026-06-23 05:57:49,419 error_handlers 25 131790585824128 Client Error 404: No Document matches the given query. | URL: /api/v1/nlp/documents/99999/results/
[WARNING] 2026-06-23 05:57:49,445 error_handlers 25 131790585824128 Client Error 400: 'WRONG' is not valid. Allowed: uploaded, processing, completed, failed | URL: /api/v1/nlp/documents/890/status/
[WARNING] 2026-06-23 05:57:49,453 error_handlers 25 131790585824128 Client Error 404: No Document matches the given query. | URL: /api/v1/nlp/documents/99999/status/
[WARNING] 2026-06-23 05:57:49,481 error_handlers 25 131790585824128 Client Error 404: No Document matches the given query. | URL: /api/v1/documents/99999/risks/
[WARNING] 2026-06-23 05:57:49,524 error_handlers 25 131790585824128 Client Error 400: Request body is empty. Please provide the required data in the request body. | URL: /api/v1/documents/902/risks/
[WARNING] 2026-06-23 05:57:49,561 error_handlers 25 131790585824128 Client Error 404: No Document matches the given query. | URL: /api/v1/documents/99999/risks/
[WARNING] 2026-06-23 05:57:49,592 error_handlers 25 131790585824128 Client Error 400: Request body is empty. Please provide the required data in the request body. | URL: /api/v1/documents/912/update-status/
[WARNING] 2026-06-23 05:57:49,610 error_handlers 25 131790585824128 Client Error 400: 'WRONG' is not valid. Allowed: uploaded, processing, completed, failed | URL: /api/v1/documents/916/update-status/
[WARNING] 2026-06-23 05:57:49,638 error_handlers 25 131790585824128 Client Error 404: No Document matches the given query. | URL: /api/v1/documents/99999/update-status/
[WARNING] 2026-06-23 05:57:49,865 error_handlers 25 131790585824128 Client Error 404: No Document matches the given query. | URL: /api/v1/documents/9999/
[WARNING] 2026-06-23 05:57:49,883 error_handlers 25 131790585824128 Client Error 404: No Document matches the given query. | URL: /api/v1/documents/0/
[WARNING] 2026-06-23 05:57:49,937 error_handlers 25 131790585824128 Client Error 400: 'WRONG' is not valid. Allowed: uploaded, processing, completed, failed | URL: /api/v1/documents/
[WARNING] 2026-06-23 05:57:49,968 error_handlers 25 131790585824128 Client Error 400: 'WRONG' is not valid. Allowed: uploaded, processing, completed, failed | URL: /api/v1/documents/
[WARNING] 2026-06-23 05:57:50,165 error_handlers 25 131790585824128 Client Error 400: Request body is empty. Please provide the required data in the request body. | URL: /api/v1/documents/962/update-status/
[WARNING] 2026-06-23 05:57:50,188 error_handlers 25 131790585824128 Client Error 400: 'INVALID_STATUS' is not valid. Allowed: uploaded, processing, completed, failed | URL: /api/v1/documents/964/update-status/
[WARNING] 2026-06-23 05:57:50,205 error_handlers 25 131790585824128 Client Error 404: No Document matches the given query. | URL: /api/v1/documents/9999/update-status/
[WARNING] 2026-06-23 05:57:50,328 error_handlers 25 131790585824128 Client Error 404: No Document matches the given query. | URL: /api/v1/documents/9999/summary/
[WARNING] 2026-06-23 05:57:50,429 error_handlers 25 131790585824128 Client Error 400: No file provided. Please attach a PDF file using the 'file' field. | URL: /api/v1/documents/upload/
[WARNING] 2026-06-23 05:57:50,437 error_handlers 25 131790585824128 Client Error 400: No file provided. Please attach a PDF file using the 'file' field. | URL: /api/v1/documents/upload/
[WARNING] 2026-06-23 05:57:50,445 error_handlers 25 131790585824128 Client Error 400: 'test.txt' is not allowed. Only PDF files (.pdf) are accepted. | URL: /api/v1/documents/upload/
[WARNING] 2026-06-23 05:57:50,454 error_handlers 25 131790585824128 Client Error 400: 'test.txt' is not allowed. Only PDF files (.pdf) are accepted. | URL: /api/v1/documents/upload/
[WARNING] 2026-06-23 05:57:50,624 error_handlers 25 131790585824128 Client Error 404: No Document matches the given query. | URL: /api/v1/documents/9999/clauses/
[WARNING] 2026-06-23 05:57:50,733 error_handlers 25 131790585824128 Client Error 404: No Document matches the given query. | URL: /api/v1/documents/9999/clauses/
[WARNING] 2026-06-23 05:57:50,760 error_handlers 25 131790585824128 Client Error 400: Request body is empty. Please provide the required data in the request body. | URL: /api/v1/documents/1017/clauses/
[WARNING] 2026-06-23 05:57:50,944 error_handlers 25 131790585824128 Client Error 404: No Document matches the given query. | URL: /api/v1/documents/9999/risks/
[WARNING] 2026-06-23 05:57:51,000 error_handlers 25 131790585824128 Client Error 400: Request body is empty. Please provide the required data in the request body. | URL: /api/v1/documents/1038/risks/
[WARNING] 2026-06-23 05:57:51,070 error_handlers 25 131790585824128 Client Error 404: No Document matches the given query. | URL: /api/v1/documents/9999/risks/
[WARNING] 2026-06-24 04:38:33,393 error_handlers 12 123938943812480 Client Error 404: No Document matches the given query. | URL: /api/v1/documents/9999/
[WARNING] 2026-06-24 04:38:33,420 error_handlers 12 123938943812480 Client Error 404: No Document matches the given query. | URL: /api/v1/documents/0/
[WARNING] 2026-06-24 04:38:33,537 error_handlers 12 123938943812480 Client Error 400: 'WRONG' is not valid. Allowed: uploaded, processing, completed, failed | URL: /api/v1/documents/
[WARNING] 2026-06-24 04:38:33,618 error_handlers 12 123938943812480 Client Error 400: 'WRONG' is not valid. Allowed: uploaded, processing, completed, failed | URL: /api/v1/documents/
[WARNING] 2026-06-24 04:38:34,069 error_handlers 12 123938943812480 Client Error 400: Request body is empty. Please provide the required data in the request body. | URL: /api/v1/documents/35/update-status/
[WARNING] 2026-06-24 04:38:34,116 error_handlers 12 123938943812480 Client Error 400: 'INVALID_STATUS' is not valid. Allowed: uploaded, processing, completed, failed | URL: /api/v1/documents/37/update-status/
[WARNING] 2026-06-24 04:38:34,158 error_handlers 12 123938943812480 Client Error 404: No Document matches the given query. | URL: /api/v1/documents/9999/update-status/
[WARNING] 2026-06-24 04:38:34,436 error_handlers 12 123938943812480 Client Error 404: No Document matches the given query. | URL: /api/v1/documents/9999/summary/
[WARNING] 2026-06-24 04:38:34,663 error_handlers 12 123938943812480 Client Error 400: No file provided. Please attach a PDF file using the 'file' field. | URL: /api/v1/documents/upload/
[WARNING] 2026-06-24 04:38:34,681 error_handlers 12 123938943812480 Client Error 400: No file provided. Please attach a PDF file using the 'file' field. | URL: /api/v1/documents/upload/
[WARNING] 2026-06-24 04:38:34,700 error_handlers 12 123938943812480 Client Error 400: 'test.txt' is not allowed. Only PDF files (.pdf) are accepted. | URL: /api/v1/documents/upload/
[WARNING] 2026-06-24 04:38:34,720 error_handlers 12 123938943812480 Client Error 400: 'test.txt' is not allowed. Only PDF files (.pdf) are accepted. | URL: /api/v1/documents/upload/
[WARNING] 2026-06-24 04:38:35,163 error_handlers 12 123938943812480 Client Error 404: No Document matches the given query. | URL: /api/v1/documents/9999/clauses/
[WARNING] 2026-06-24 04:38:35,401 error_handlers 12 123938943812480 Client Error 404: No Document matches the given query. | URL: /api/v1/documents/9999/clauses/
[WARNING] 2026-06-24 04:38:35,459 error_handlers 12 123938943812480 Client Error 400: Request body is empty. Please provide the required data in the request body. | URL: /api/v1/documents/90/clauses/
[WARNING] 2026-06-24 04:38:35,849 error_handlers 12 123938943812480 Client Error 404: No Document matches the given query. | URL: /api/v1/documents/9999/risks/
[WARNING] 2026-06-24 04:38:35,967 error_handlers 12 123938943812480 Client Error 400: Request body is empty. Please provide the required data in the request body. | URL: /api/v1/documents/111/risks/
[WARNING] 2026-06-24 04:38:36,115 error_handlers 12 123938943812480 Client Error 404: No Document matches the given query. | URL: /api/v1/documents/9999/risks/
[WARNING] 2026-06-24 05:12:55,824 error_handlers 13 127480903930752 Client Error 404: Invalid page. | URL: /api/v1/documents/
[WARNING] 2026-06-24 05:12:55,876 error_handlers 13 127480903930752 Client Error 400: 'contract.docx' is not allowed. Only PDF files (.pdf) are accepted. | URL: /api/v1/documents/upload/
[WARNING] 2026-06-24 05:12:55,886 error_handlers 13 127480903930752 Client Error 400: File is empty (0 bytes). Please upload a valid PDF with content. | URL: /api/v1/documents/upload/
[WARNING] 2026-06-24 05:12:55,924 error_handlers 13 127480903930752 Client Error 400: 'scan.jpg' is not allowed. Only PDF files (.pdf) are accepted. | URL: /api/v1/documents/upload/
[WARNING] 2026-06-24 05:12:55,929 error_handlers 13 127480903930752 Client Error 400: No file provided. Please attach a PDF file using the 'file' field. | URL: /api/v1/documents/upload/
[WARNING] 2026-06-24 05:12:55,976 error_handlers 13 127480903930752 Client Error 400: 'WRONG' is not valid. Allowed: uploaded, processing, completed, failed | URL: /api/v1/nlp/documents/185/process/
[WARNING] 2026-06-24 05:12:56,206 error_handlers 13 127480903930752 Client Error 404: No Document matches the given query. | URL: /api/v1/documents/99999/update-status/
[WARNING] 2026-06-24 05:12:56,224 error_handlers 13 127480903930752 Client Error 400: 'COMPLETED' is not valid. Allowed: uploaded, processing, completed, failed | URL: /api/v1/documents/352/update-status/
[WARNING] 2026-06-24 05:12:56,409 error_handlers 13 127480903930752 Client Error 400: Request body is empty. Please provide the required data in the request body. | URL: /api/v1/documents/376/update-status/
[WARNING] 2026-06-24 05:12:56,427 error_handlers 13 127480903930752 Client Error 400: 'WRONG' is not valid. Allowed: uploaded, processing, completed, failed | URL: /api/v1/documents/
[WARNING] 2026-06-24 05:12:56,436 error_handlers 13 127480903930752 Client Error 404: No Document matches the given query. | URL: /api/v1/documents/99999/
[WARNING] 2026-06-24 05:12:56,441 error_handlers 13 127480903930752 Client Error 409: Document 'final_test.pdf' has already been processed and marked as completed. Use PATCH /api/v1/documents/381/update-status/ to make changes. | URL: /api/v1/nlp/documents/381/process/
[WARNING] 2026-06-24 05:12:56,452 error_handlers 13 127480903930752 Client Error 400: No file provided. Please attach a PDF file using the 'file' field. | URL: /api/v1/documents/upload/
[WARNING] 2026-06-24 05:12:56,465 error_handlers 13 127480903930752 Client Error 400: 'doc.txt' is not allowed. Only PDF files (.pdf) are accepted. | URL: /api/v1/documents/upload/
[WARNING] 2026-06-24 05:12:56,732 error_handlers 13 127480903930752 Client Error 404: No Document matches the given query. | URL: /api/v1/documents/99999/
[WARNING] 2026-06-24 05:12:56,854 error_handlers 13 127480903930752 Client Error 404: No Document matches the given query. | URL: /api/v1/documents/99999/
[WARNING] 2026-06-24 05:12:56,904 error_handlers 13 127480903930752 Client Error 404: No Document matches the given query. | URL: /api/v1/documents/99999/
[WARNING] 2026-06-24 05:12:56,906 error_handlers 13 127480903930752 Client Error 400: No file provided. Please attach a PDF file using the 'file' field. | URL: /api/v1/documents/upload/
[WARNING] 2026-06-24 05:12:56,907 error_handlers 13 127480903930752 Client Error 400: 'INVALID' is not valid. Allowed: uploaded, processing, completed, failed | URL: /api/v1/documents/
[WARNING] 2026-06-24 05:12:57,551 error_handlers 13 127480903930752 Client Error 404: No Document matches the given query. | URL: /api/v1/nlp/documents/9999/
[WARNING] 2026-06-24 05:12:57,661 error_handlers 13 127480903930752 Client Error 404: No Document matches the given query. | URL: /api/v1/nlp/documents/9999/process/
[WARNING] 2026-06-24 05:12:57,670 error_handlers 13 127480903930752 Client Error 409: Document 'nlp_test.pdf' has already been processed and marked as completed. Use PATCH /api/v1/documents/477/update-status/ to make changes. | URL: /api/v1/nlp/documents/477/process/
[WARNING] 2026-06-24 05:12:57,792 error_handlers 13 127480903930752 Client Error 404: No Document matches the given query. | URL: /api/v1/nlp/documents/9999/results/
[WARNING] 2026-06-24 05:12:57,827 error_handlers 13 127480903930752 Client Error 400: Request body is empty. Please provide the required data in the request body. | URL: /api/v1/nlp/documents/495/status/
[WARNING] 2026-06-24 05:12:57,832 error_handlers 13 127480903930752 Client Error 400: 'INVALID' is not valid. Allowed: uploaded, processing, completed, failed | URL: /api/v1/nlp/documents/496/status/
[WARNING] 2026-06-24 05:12:57,845 error_handlers 13 127480903930752 Client Error 404: No Document matches the given query. | URL: /api/v1/nlp/documents/9999/status/
[WARNING] 2026-06-24 05:12:58,843 error_handlers 13 127480903930752 Client Error 400: File is empty (0 bytes). Please upload a valid PDF with content. | URL: /api/v1/documents/upload/
[WARNING] 2026-06-24 05:12:58,850 error_handlers 13 127480903930752 Client Error 400: 'malware.exe' is not allowed. Only PDF files (.pdf) are accepted. | URL: /api/v1/documents/upload/
[WARNING] 2026-06-24 05:12:58,888 error_handlers 13 127480903930752 Client Error 413: File size 11.0MB exceeds the 10MB limit. Please compress your PDF. | URL: /api/v1/documents/upload/
[WARNING] 2026-06-24 05:12:58,901 error_handlers 13 127480903930752 Client Error 400: '' OR 1=1 --' is not valid. Allowed: uploaded, processing, completed, failed | URL: /api/v1/documents/
[WARNING] 2026-06-24 05:12:58,914 error_handlers 13 127480903930752 Client Error 404: No Document matches the given query. | URL: /api/v1/documents/99999/
[WARNING] 2026-06-24 05:12:58,918 error_handlers 13 127480903930752 Client Error 400: No file provided. Please attach a PDF file using the 'file' field. | URL: /api/v1/documents/upload/
[WARNING] 2026-06-24 05:12:59,035 error_handlers 13 127480903930752 Client Error 404: No Document matches the given query. | URL: /api/v1/documents/99999/clauses/
[WARNING] 2026-06-24 05:12:59,060 error_handlers 13 127480903930752 Client Error 404: No Document matches the given query. | URL: /api/v1/documents/99999/clauses/
[WARNING] 2026-06-24 05:12:59,069 error_handlers 13 127480903930752 Client Error 400: Request body is empty. Please provide the required data in the request body. | URL: /api/v1/documents/822/clauses/
[WARNING] 2026-06-24 05:12:59,115 error_handlers 13 127480903930752 Client Error 404: No Document matches the given query. | URL: /api/v1/documents/99999/
[WARNING] 2026-06-24 05:12:59,122 error_handlers 13 127480903930752 Client Error 404: No Document matches the given query. | URL: /api/v1/documents/99999/summary/
[WARNING] 2026-06-24 05:12:59,171 error_handlers 13 127480903930752 Client Error 400: 'INVALID' is not valid. Allowed: uploaded, processing, completed, failed | URL: /api/v1/documents/
[WARNING] 2026-06-24 05:12:59,200 error_handlers 13 127480903930752 Client Error 400: File is empty (0 bytes). Please upload a valid PDF with content. | URL: /api/v1/documents/upload/
[WARNING] 2026-06-24 05:12:59,207 error_handlers 13 127480903930752 Client Error 400: No file provided. Please attach a PDF file using the 'file' field. | URL: /api/v1/documents/upload/
[WARNING] 2026-06-24 05:12:59,213 error_handlers 13 127480903930752 Client Error 400: No file provided. Please attach a PDF file using the 'file' field. | URL: /api/v1/documents/upload/
[WARNING] 2026-06-24 05:12:59,219 error_handlers 13 127480903930752 Client Error 400: 'test.txt' is not allowed. Only PDF files (.pdf) are accepted. | URL: /api/v1/documents/upload/
[WARNING] 2026-06-24 05:12:59,256 error_handlers 13 127480903930752 Client Error 404: No Document matches the given query. | URL: /api/v1/documents/99999/
[WARNING] 2026-06-24 05:12:59,262 error_handlers 13 127480903930752 Client Error 404: No Document matches the given query. | URL: /api/v1/documents/99999/
[WARNING] 2026-06-24 05:12:59,266 error_handlers 13 127480903930752 Client Error 400: No file provided. Please attach a PDF file using the 'file' field. | URL: /api/v1/documents/upload/
[WARNING] 2026-06-24 05:12:59,269 error_handlers 13 127480903930752 Client Error 400: 'INVALID' is not valid. Allowed: uploaded, processing, completed, failed | URL: /api/v1/documents/
[WARNING] 2026-06-24 05:12:59,276 error_handlers 13 127480903930752 Client Error 404: No Document matches the given query. | URL: /api/v1/documents/99999/
[WARNING] 2026-06-24 05:12:59,280 error_handlers 13 127480903930752 Client Error 400: No file provided. Please attach a PDF file using the 'file' field. | URL: /api/v1/documents/upload/
[WARNING] 2026-06-24 05:12:59,288 error_handlers 13 127480903930752 Client Error 404: No Document matches the given query. | URL: /api/v1/documents/99999/
[WARNING] 2026-06-24 05:12:59,290 error_handlers 13 127480903930752 Client Error 400: No file provided. Please attach a PDF file using the 'file' field. | URL: /api/v1/documents/upload/
[WARNING] 2026-06-24 05:12:59,291 error_handlers 13 127480903930752 Client Error 400: 'INVALID' is not valid. Allowed: uploaded, processing, completed, failed | URL: /api/v1/documents/
[WARNING] 2026-06-24 05:12:59,297 error_handlers 13 127480903930752 Client Error 400: 'WRONG' is not valid. Allowed: uploaded, processing, completed, failed | URL: /api/v1/documents/
[WARNING] 2026-06-24 05:12:59,304 error_handlers 13 127480903930752 Client Error 400: No file provided. Please attach a PDF file using the 'file' field. | URL: /api/v1/documents/upload/
[WARNING] 2026-06-24 05:12:59,347 error_handlers 13 127480903930752 Client Error 404: No Document matches the given query. | URL: /api/v1/nlp/documents/99999/
[WARNING] 2026-06-24 05:12:59,361 error_handlers 13 127480903930752 Client Error 409: Document 'completed_test.pdf' has already been processed and marked as completed. Use PATCH /api/v1/documents/881/update-status/ to make changes. | URL: /api/v1/nlp/documents/881/process/
[WARNING] 2026-06-24 05:12:59,367 error_handlers 13 127480903930752 Client Error 400: 'INVALID' is not valid. Allowed: uploaded, processing, completed, failed | URL: /api/v1/nlp/documents/882/process/
[WARNING] 2026-06-24 05:12:59,373 error_handlers 13 127480903930752 Client Error 404: No Document matches the given query. | URL: /api/v1/nlp/documents/99999/process/
[WARNING] 2026-06-24 05:12:59,389 error_handlers 13 127480903930752 Client Error 404: No Document matches the given query. | URL: /api/v1/nlp/documents/99999/results/
[WARNING] 2026-06-24 05:12:59,405 error_handlers 13 127480903930752 Client Error 400: 'WRONG' is not valid. Allowed: uploaded, processing, completed, failed | URL: /api/v1/nlp/documents/892/status/
[WARNING] 2026-06-24 05:12:59,414 error_handlers 13 127480903930752 Client Error 404: No Document matches the given query. | URL: /api/v1/nlp/documents/99999/status/
[WARNING] 2026-06-24 05:12:59,434 error_handlers 13 127480903930752 Client Error 404: No Document matches the given query. | URL: /api/v1/documents/99999/risks/
[WARNING] 2026-06-24 05:12:59,457 error_handlers 13 127480903930752 Client Error 400: Request body is empty. Please provide the required data in the request body. | URL: /api/v1/documents/904/risks/
[WARNING] 2026-06-24 05:12:59,477 error_handlers 13 127480903930752 Client Error 404: No Document matches the given query. | URL: /api/v1/documents/99999/risks/
[WARNING] 2026-06-24 05:12:59,499 error_handlers 13 127480903930752 Client Error 400: Request body is empty. Please provide the required data in the request body. | URL: /api/v1/documents/914/update-status/
[WARNING] 2026-06-24 05:12:59,511 error_handlers 13 127480903930752 Client Error 400: 'WRONG' is not valid. Allowed: uploaded, processing, completed, failed | URL: /api/v1/documents/918/update-status/
[WARNING] 2026-06-24 05:12:59,524 error_handlers 13 127480903930752 Client Error 404: No Document matches the given query. | URL: /api/v1/documents/99999/update-status/
[WARNING] 2026-06-24 05:12:59,659 error_handlers 13 127480903930752 Client Error 404: No Document matches the given query. | URL: /api/v1/documents/9999/
[WARNING] 2026-06-24 05:12:59,670 error_handlers 13 127480903930752 Client Error 404: No Document matches the given query. | URL: /api/v1/documents/0/
[WARNING] 2026-06-24 05:12:59,709 error_handlers 13 127480903930752 Client Error 400: 'WRONG' is not valid. Allowed: uploaded, processing, completed, failed | URL: /api/v1/documents/
[WARNING] 2026-06-24 05:12:59,736 error_handlers 13 127480903930752 Client Error 400: 'WRONG' is not valid. Allowed: uploaded, processing, completed, failed | URL: /api/v1/documents/
[WARNING] 2026-06-24 05:12:59,866 error_handlers 13 127480903930752 Client Error 400: Request body is empty. Please provide the required data in the request body. | URL: /api/v1/documents/964/update-status/
[WARNING] 2026-06-24 05:12:59,878 error_handlers 13 127480903930752 Client Error 400: 'INVALID_STATUS' is not valid. Allowed: uploaded, processing, completed, failed | URL: /api/v1/documents/966/update-status/
[WARNING] 2026-06-24 05:12:59,892 error_handlers 13 127480903930752 Client Error 404: No Document matches the given query. | URL: /api/v1/documents/9999/update-status/
[WARNING] 2026-06-24 05:12:59,976 error_handlers 13 127480903930752 Client Error 404: No Document matches the given query. | URL: /api/v1/documents/9999/summary/
[WARNING] 2026-06-24 05:13:00,054 error_handlers 13 127480903930752 Client Error 400: No file provided. Please attach a PDF file using the 'file' field. | URL: /api/v1/documents/upload/
[WARNING] 2026-06-24 05:13:00,060 error_handlers 13 127480903930752 Client Error 400: No file provided. Please attach a PDF file using the 'file' field. | URL: /api/v1/documents/upload/
[WARNING] 2026-06-24 05:13:00,069 error_handlers 13 127480903930752 Client Error 400: 'test.txt' is not allowed. Only PDF files (.pdf) are accepted. | URL: /api/v1/documents/upload/
[WARNING] 2026-06-24 05:13:00,075 error_handlers 13 127480903930752 Client Error 400: 'test.txt' is not allowed. Only PDF files (.pdf) are accepted. | URL: /api/v1/documents/upload/
[WARNING] 2026-06-24 05:13:00,192 error_handlers 13 127480903930752 Client Error 404: No Document matches the given query. | URL: /api/v1/documents/9999/clauses/
[WARNING] 2026-06-24 05:13:00,256 error_handlers 13 127480903930752 Client Error 404: No Document matches the given query. | URL: /api/v1/documents/9999/clauses/
[WARNING] 2026-06-24 05:13:00,275 error_handlers 13 127480903930752 Client Error 400: Request body is empty. Please provide the required data in the request body. | URL: /api/v1/documents/1019/clauses/
[WARNING] 2026-06-24 05:13:00,402 error_handlers 13 127480903930752 Client Error 404: No Document matches the given query. | URL: /api/v1/documents/9999/risks/
[WARNING] 2026-06-24 05:13:00,443 error_handlers 13 127480903930752 Client Error 400: Request body is empty. Please provide the required data in the request body. | URL: /api/v1/documents/1040/risks/
[WARNING] 2026-06-24 05:13:00,487 error_handlers 13 127480903930752 Client Error 404: No Document matches the given query. | URL: /api/v1/documents/9999/risks/
[INFO] 2026-06-24 12:20:43,348 entity_extractor 18164 6828 spaCy model loaded successfully
[ERROR] 2026-06-24 12:20:43,457 pdf_extractor 18164 6828 PDF file not found: media/contracts/your_test_contract.pdf
[WARNING] 2026-06-25 05:56:09,760 error_handlers 13 131195767886720 Client Error 404: Invalid page. | URL: /api/v1/documents/
[WARNING] 2026-06-25 05:56:09,819 error_handlers 13 131195767886720 Client Error 400: 'contract.docx' is not allowed. Only PDF files (.pdf) are accepted. | URL: /api/v1/documents/upload/
[WARNING] 2026-06-25 05:56:09,830 error_handlers 13 131195767886720 Client Error 400: File is empty (0 bytes). Please upload a valid PDF with content. | URL: /api/v1/documents/upload/
[WARNING] 2026-06-25 05:56:09,892 error_handlers 13 131195767886720 Client Error 400: 'scan.jpg' is not allowed. Only PDF files (.pdf) are accepted. | URL: /api/v1/documents/upload/
[WARNING] 2026-06-25 05:56:09,899 error_handlers 13 131195767886720 Client Error 400: No file provided. Please attach a PDF file using the 'file' field. | URL: /api/v1/documents/upload/
[WARNING] 2026-06-25 05:56:09,940 error_handlers 13 131195767886720 Client Error 400: 'WRONG' is not valid. Allowed: uploaded, processing, completed, failed | URL: /api/v1/nlp/documents/185/process/
[WARNING] 2026-06-25 05:56:10,198 error_handlers 13 131195767886720 Client Error 404: No Document matches the given query. | URL: /api/v1/documents/99999/update-status/
[WARNING] 2026-06-25 05:56:10,209 error_handlers 13 131195767886720 Client Error 400: 'COMPLETED' is not valid. Allowed: uploaded, processing, completed, failed | URL: /api/v1/documents/352/update-status/
[WARNING] 2026-06-25 05:56:10,435 error_handlers 13 131195767886720 Client Error 400: Request body is empty. Please provide the required data in the request body. | URL: /api/v1/documents/376/update-status/
[WARNING] 2026-06-25 05:56:10,464 error_handlers 13 131195767886720 Client Error 400: 'WRONG' is not valid. Allowed: uploaded, processing, completed, failed | URL: /api/v1/documents/
[WARNING] 2026-06-25 05:56:10,475 error_handlers 13 131195767886720 Client Error 404: No Document matches the given query. | URL: /api/v1/documents/99999/
[WARNING] 2026-06-25 05:56:10,484 error_handlers 13 131195767886720 Client Error 409: Document 'final_test.pdf' has already been processed and marked as completed. Use PATCH /api/v1/documents/381/update-status/ to make changes. | URL: /api/v1/nlp/documents/381/process/
[WARNING] 2026-06-25 05:56:10,490 error_handlers 13 131195767886720 Client Error 400: No file provided. Please attach a PDF file using the 'file' field. | URL: /api/v1/documents/upload/
[WARNING] 2026-06-25 05:56:10,500 error_handlers 13 131195767886720 Client Error 400: 'doc.txt' is not allowed. Only PDF files (.pdf) are accepted. | URL: /api/v1/documents/upload/
[WARNING] 2026-06-25 05:56:10,690 error_handlers 13 131195767886720 Client Error 404: No Document matches the given query. | URL: /api/v1/documents/99999/
[WARNING] 2026-06-25 05:56:10,805 error_handlers 13 131195767886720 Client Error 404: No Document matches the given query. | URL: /api/v1/documents/99999/
[WARNING] 2026-06-25 05:56:10,860 error_handlers 13 131195767886720 Client Error 404: No Document matches the given query. | URL: /api/v1/documents/99999/
[WARNING] 2026-06-25 05:56:10,866 error_handlers 13 131195767886720 Client Error 400: No file provided. Please attach a PDF file using the 'file' field. | URL: /api/v1/documents/upload/
[WARNING] 2026-06-25 05:56:10,870 error_handlers 13 131195767886720 Client Error 400: 'INVALID' is not valid. Allowed: uploaded, processing, completed, failed | URL: /api/v1/documents/
[WARNING] 2026-06-25 05:56:11,588 error_handlers 13 131195767886720 Client Error 404: No Document matches the given query. | URL: /api/v1/nlp/documents/9999/
[WARNING] 2026-06-25 05:56:11,747 error_handlers 13 131195767886720 Client Error 404: No Document matches the given query. | URL: /api/v1/nlp/documents/9999/process/
[WARNING] 2026-06-25 05:56:11,758 error_handlers 13 131195767886720 Client Error 409: Document 'nlp_test.pdf' has already been processed and marked as completed. Use PATCH /api/v1/documents/477/update-status/ to make changes. | URL: /api/v1/nlp/documents/477/process/
[WARNING] 2026-06-25 05:56:11,891 error_handlers 13 131195767886720 Client Error 404: No Document matches the given query. | URL: /api/v1/nlp/documents/9999/results/
[WARNING] 2026-06-25 05:56:11,955 error_handlers 13 131195767886720 Client Error 400: Request body is empty. Please provide the required data in the request body. | URL: /api/v1/nlp/documents/495/status/
[WARNING] 2026-06-25 05:56:11,967 error_handlers 13 131195767886720 Client Error 400: 'INVALID' is not valid. Allowed: uploaded, processing, completed, failed | URL: /api/v1/nlp/documents/496/status/
[WARNING] 2026-06-25 05:56:11,983 error_handlers 13 131195767886720 Client Error 404: No Document matches the given query. | URL: /api/v1/nlp/documents/9999/status/
[WARNING] 2026-06-25 05:56:13,095 error_handlers 13 131195767886720 Client Error 400: File is empty (0 bytes). Please upload a valid PDF with content. | URL: /api/v1/documents/upload/
[WARNING] 2026-06-25 05:56:13,099 error_handlers 13 131195767886720 Client Error 400: 'malware.exe' is not allowed. Only PDF files (.pdf) are accepted. | URL: /api/v1/documents/upload/
[WARNING] 2026-06-25 05:56:13,138 error_handlers 13 131195767886720 Client Error 413: File size 11.0MB exceeds the 10MB limit. Please compress your PDF. | URL: /api/v1/documents/upload/
[WARNING] 2026-06-25 05:56:13,152 error_handlers 13 131195767886720 Client Error 400: '' OR 1=1 --' is not valid. Allowed: uploaded, processing, completed, failed | URL: /api/v1/documents/
[WARNING] 2026-06-25 05:56:13,161 error_handlers 13 131195767886720 Client Error 404: No Document matches the given query. | URL: /api/v1/documents/99999/
[WARNING] 2026-06-25 05:56:13,164 error_handlers 13 131195767886720 Client Error 400: No file provided. Please attach a PDF file using the 'file' field. | URL: /api/v1/documents/upload/
[WARNING] 2026-06-25 05:56:13,274 error_handlers 13 131195767886720 Client Error 404: No Document matches the given query. | URL: /api/v1/documents/99999/clauses/
[WARNING] 2026-06-25 05:56:13,303 error_handlers 13 131195767886720 Client Error 404: No Document matches the given query. | URL: /api/v1/documents/99999/clauses/
[WARNING] 2026-06-25 05:56:13,314 error_handlers 13 131195767886720 Client Error 400: Request body is empty. Please provide the required data in the request body. | URL: /api/v1/documents/822/clauses/
[WARNING] 2026-06-25 05:56:13,356 error_handlers 13 131195767886720 Client Error 404: No Document matches the given query. | URL: /api/v1/documents/99999/
[WARNING] 2026-06-25 05:56:13,363 error_handlers 13 131195767886720 Client Error 404: No Document matches the given query. | URL: /api/v1/documents/99999/summary/
[WARNING] 2026-06-25 05:56:13,410 error_handlers 13 131195767886720 Client Error 400: 'INVALID' is not valid. Allowed: uploaded, processing, completed, failed | URL: /api/v1/documents/
[WARNING] 2026-06-25 05:56:13,446 error_handlers 13 131195767886720 Client Error 400: File is empty (0 bytes). Please upload a valid PDF with content. | URL: /api/v1/documents/upload/
[WARNING] 2026-06-25 05:56:13,455 error_handlers 13 131195767886720 Client Error 400: No file provided. Please attach a PDF file using the 'file' field. | URL: /api/v1/documents/upload/
[WARNING] 2026-06-25 05:56:13,462 error_handlers 13 131195767886720 Client Error 400: No file provided. Please attach a PDF file using the 'file' field. | URL: /api/v1/documents/upload/
[WARNING] 2026-06-25 05:56:13,468 error_handlers 13 131195767886720 Client Error 400: 'test.txt' is not allowed. Only PDF files (.pdf) are accepted. | URL: /api/v1/documents/upload/
[WARNING] 2026-06-25 05:56:13,510 error_handlers 13 131195767886720 Client Error 404: No Document matches the given query. | URL: /api/v1/documents/99999/
[WARNING] 2026-06-25 05:56:13,518 error_handlers 13 131195767886720 Client Error 404: No Document matches the given query. | URL: /api/v1/documents/99999/
[WARNING] 2026-06-25 05:56:13,523 error_handlers 13 131195767886720 Client Error 400: No file provided. Please attach a PDF file using the 'file' field. | URL: /api/v1/documents/upload/
[WARNING] 2026-06-25 05:56:13,525 error_handlers 13 131195767886720 Client Error 400: 'INVALID' is not valid. Allowed: uploaded, processing, completed, failed | URL: /api/v1/documents/
[WARNING] 2026-06-25 05:56:13,531 error_handlers 13 131195767886720 Client Error 404: No Document matches the given query. | URL: /api/v1/documents/99999/
[WARNING] 2026-06-25 05:56:13,533 error_handlers 13 131195767886720 Client Error 400: No file provided. Please attach a PDF file using the 'file' field. | URL: /api/v1/documents/upload/
[WARNING] 2026-06-25 05:56:13,542 error_handlers 13 131195767886720 Client Error 404: No Document matches the given query. | URL: /api/v1/documents/99999/
[WARNING] 2026-06-25 05:56:13,545 error_handlers 13 131195767886720 Client Error 400: No file provided. Please attach a PDF file using the 'file' field. | URL: /api/v1/documents/upload/
[WARNING] 2026-06-25 05:56:13,547 error_handlers 13 131195767886720 Client Error 400: 'INVALID' is not valid. Allowed: uploaded, processing, completed, failed | URL: /api/v1/documents/
[WARNING] 2026-06-25 05:56:13,553 error_handlers 13 131195767886720 Client Error 400: 'WRONG' is not valid. Allowed: uploaded, processing, completed, failed | URL: /api/v1/documents/
[WARNING] 2026-06-25 05:56:13,559 error_handlers 13 131195767886720 Client Error 400: No file provided. Please attach a PDF file using the 'file' field. | URL: /api/v1/documents/upload/
[WARNING] 2026-06-25 05:56:13,610 error_handlers 13 131195767886720 Client Error 404: No Document matches the given query. | URL: /api/v1/nlp/documents/99999/
[WARNING] 2026-06-25 05:56:13,623 error_handlers 13 131195767886720 Client Error 409: Document 'completed_test.pdf' has already been processed and marked as completed. Use PATCH /api/v1/documents/881/update-status/ to make changes. | URL: /api/v1/nlp/documents/881/process/
[WARNING] 2026-06-25 05:56:13,628 error_handlers 13 131195767886720 Client Error 400: 'INVALID' is not valid. Allowed: uploaded, processing, completed, failed | URL: /api/v1/nlp/documents/882/process/
[WARNING] 2026-06-25 05:56:13,637 error_handlers 13 131195767886720 Client Error 404: No Document matches the given query. | URL: /api/v1/nlp/documents/99999/process/
[WARNING] 2026-06-25 05:56:13,652 error_handlers 13 131195767886720 Client Error 404: No Document matches the given query. | URL: /api/v1/nlp/documents/99999/results/
[WARNING] 2026-06-25 05:56:13,669 error_handlers 13 131195767886720 Client Error 400: 'WRONG' is not valid. Allowed: uploaded, processing, completed, failed | URL: /api/v1/nlp/documents/892/status/
[WARNING] 2026-06-25 05:56:13,674 error_handlers 13 131195767886720 Client Error 404: No Document matches the given query. | URL: /api/v1/nlp/documents/99999/status/
[WARNING] 2026-06-25 05:56:13,694 error_handlers 13 131195767886720 Client Error 404: No Document matches the given query. | URL: /api/v1/documents/99999/risks/
[WARNING] 2026-06-25 05:56:13,718 error_handlers 13 131195767886720 Client Error 400: Request body is empty. Please provide the required data in the request body. | URL: /api/v1/documents/904/risks/
[WARNING] 2026-06-25 05:56:13,735 error_handlers 13 131195767886720 Client Error 404: No Document matches the given query. | URL: /api/v1/documents/99999/risks/
[WARNING] 2026-06-25 05:56:13,761 error_handlers 13 131195767886720 Client Error 400: Request body is empty. Please provide the required data in the request body. | URL: /api/v1/documents/914/update-status/
[WARNING] 2026-06-25 05:56:13,775 error_handlers 13 131195767886720 Client Error 400: 'WRONG' is not valid. Allowed: uploaded, processing, completed, failed | URL: /api/v1/documents/918/update-status/
[WARNING] 2026-06-25 05:56:13,788 error_handlers 13 131195767886720 Client Error 404: No Document matches the given query. | URL: /api/v1/documents/99999/update-status/
[WARNING] 2026-06-25 05:56:13,926 error_handlers 13 131195767886720 Client Error 404: No Document matches the given query. | URL: /api/v1/documents/9999/
[WARNING] 2026-06-25 05:56:13,937 error_handlers 13 131195767886720 Client Error 404: No Document matches the given query. | URL: /api/v1/documents/0/
[WARNING] 2026-06-25 05:56:13,977 error_handlers 13 131195767886720 Client Error 400: 'WRONG' is not valid. Allowed: uploaded, processing, completed, failed | URL: /api/v1/documents/
[WARNING] 2026-06-25 05:56:14,003 error_handlers 13 131195767886720 Client Error 400: 'WRONG' is not valid. Allowed: uploaded, processing, completed, failed | URL: /api/v1/documents/
[WARNING] 2026-06-25 05:56:14,133 error_handlers 13 131195767886720 Client Error 400: Request body is empty. Please provide the required data in the request body. | URL: /api/v1/documents/964/update-status/
[WARNING] 2026-06-25 05:56:14,147 error_handlers 13 131195767886720 Client Error 400: 'INVALID_STATUS' is not valid. Allowed: uploaded, processing, completed, failed | URL: /api/v1/documents/966/update-status/
[WARNING] 2026-06-25 05:56:14,159 error_handlers 13 131195767886720 Client Error 404: No Document matches the given query. | URL: /api/v1/documents/9999/update-status/
[WARNING] 2026-06-25 05:56:14,244 error_handlers 13 131195767886720 Client Error 404: No Document matches the given query. | URL: /api/v1/documents/9999/summary/
[WARNING] 2026-06-25 05:56:14,302 error_handlers 13 131195767886720 Client Error 400: No file provided. Please attach a PDF file using the 'file' field. | URL: /api/v1/documents/upload/
[WARNING] 2026-06-25 05:56:14,307 error_handlers 13 131195767886720 Client Error 400: No file provided. Please attach a PDF file using the 'file' field. | URL: /api/v1/documents/upload/
[WARNING] 2026-06-25 05:56:14,314 error_handlers 13 131195767886720 Client Error 400: 'test.txt' is not allowed. Only PDF files (.pdf) are accepted. | URL: /api/v1/documents/upload/
[WARNING] 2026-06-25 05:56:14,319 error_handlers 13 131195767886720 Client Error 400: 'test.txt' is not allowed. Only PDF files (.pdf) are accepted. | URL: /api/v1/documents/upload/
[WARNING] 2026-06-25 05:56:14,428 error_handlers 13 131195767886720 Client Error 404: No Document matches the given query. | URL: /api/v1/documents/9999/clauses/
[WARNING] 2026-06-25 05:56:14,510 error_handlers 13 131195767886720 Client Error 404: No Document matches the given query. | URL: /api/v1/documents/9999/clauses/
[WARNING] 2026-06-25 05:56:14,543 error_handlers 13 131195767886720 Client Error 400: Request body is empty. Please provide the required data in the request body. | URL: /api/v1/documents/1019/clauses/
[WARNING] 2026-06-25 05:56:14,727 error_handlers 13 131195767886720 Client Error 404: No Document matches the given query. | URL: /api/v1/documents/9999/risks/
[WARNING] 2026-06-25 05:56:14,772 error_handlers 13 131195767886720 Client Error 400: Request body is empty. Please provide the required data in the request body. | URL: /api/v1/documents/1040/risks/
[WARNING] 2026-06-25 05:56:14,825 error_handlers 13 131195767886720 Client Error 404: No Document matches the given query. | URL: /api/v1/documents/9999/risks/
[WARNING] 2026-06-25 05:56:15,268 error_handlers 13 131195767886720 Client Error 409: Document 'integration_test_rkFTBbt.pdf' has already been processed and marked as completed. Use PATCH /api/v1/documents/1079/update-status/ to make changes. | URL: /api/v1/nlp/documents/1079/process/
[WARNING] 2026-06-25 13:34:53,995 error_handlers 54 133217591358336 Client Error 404: Invalid page. | URL: /api/v1/documents/
[WARNING] 2026-06-25 13:34:54,064 error_handlers 54 133217591358336 Client Error 400: 'contract.docx' is not allowed. Only PDF files (.pdf) are accepted. | URL: /api/v1/documents/upload/
[WARNING] 2026-06-25 13:34:54,076 error_handlers 54 133217591358336 Client Error 400: File is empty (0 bytes). Please upload a valid PDF with content. | URL: /api/v1/documents/upload/
[WARNING] 2026-06-25 13:34:54,139 error_handlers 54 133217591358336 Client Error 400: 'scan.jpg' is not allowed. Only PDF files (.pdf) are accepted. | URL: /api/v1/documents/upload/
[WARNING] 2026-06-25 13:34:54,144 error_handlers 54 133217591358336 Client Error 400: No file provided. Please attach a PDF file using the 'file' field. | URL: /api/v1/documents/upload/
[WARNING] 2026-06-25 13:34:54,198 error_handlers 54 133217591358336 Client Error 400: 'WRONG' is not valid. Allowed: uploaded, processing, completed, failed | URL: /api/v1/nlp/documents/185/process/
[WARNING] 2026-06-25 13:34:54,580 error_handlers 54 133217591358336 Client Error 404: No Document matches the given query. | URL: /api/v1/documents/99999/update-status/
[WARNING] 2026-06-25 13:34:54,610 error_handlers 54 133217591358336 Client Error 400: 'COMPLETED' is not valid. Allowed: uploaded, processing, completed, failed | URL: /api/v1/documents/352/update-status/
[WARNING] 2026-06-25 13:34:54,897 error_handlers 54 133217591358336 Client Error 400: Request body is empty. Please provide the required data in the request body. | URL: /api/v1/documents/376/update-status/
[WARNING] 2026-06-25 13:34:54,933 error_handlers 54 133217591358336 Client Error 400: 'WRONG' is not valid. Allowed: uploaded, processing, completed, failed | URL: /api/v1/documents/
[WARNING] 2026-06-25 13:34:54,943 error_handlers 54 133217591358336 Client Error 404: No Document matches the given query. | URL: /api/v1/documents/99999/
[WARNING] 2026-06-25 13:34:54,953 error_handlers 54 133217591358336 Client Error 409: Document 'final_test.pdf' has already been processed and marked as completed. Use PATCH /api/v1/documents/381/update-status/ to make changes. | URL: /api/v1/nlp/documents/381/process/
[WARNING] 2026-06-25 13:34:54,964 error_handlers 54 133217591358336 Client Error 400: No file provided. Please attach a PDF file using the 'file' field. | URL: /api/v1/documents/upload/
[WARNING] 2026-06-25 13:34:54,973 error_handlers 54 133217591358336 Client Error 400: 'doc.txt' is not allowed. Only PDF files (.pdf) are accepted. | URL: /api/v1/documents/upload/
[WARNING] 2026-06-25 13:34:55,272 error_handlers 54 133217591358336 Client Error 404: No Document matches the given query. | URL: /api/v1/documents/99999/
[WARNING] 2026-06-25 13:34:55,451 error_handlers 54 133217591358336 Client Error 404: No Document matches the given query. | URL: /api/v1/documents/99999/
[WARNING] 2026-06-25 13:34:55,524 error_handlers 54 133217591358336 Client Error 404: No Document matches the given query. | URL: /api/v1/documents/99999/
[WARNING] 2026-06-25 13:34:55,529 error_handlers 54 133217591358336 Client Error 400: No file provided. Please attach a PDF file using the 'file' field. | URL: /api/v1/documents/upload/
[WARNING] 2026-06-25 13:34:55,537 error_handlers 54 133217591358336 Client Error 400: 'INVALID' is not valid. Allowed: uploaded, processing, completed, failed | URL: /api/v1/documents/
[WARNING] 2026-06-25 13:34:56,646 error_handlers 54 133217591358336 Client Error 404: No Document matches the given query. | URL: /api/v1/nlp/documents/9999/
[WARNING] 2026-06-25 13:34:56,852 error_handlers 54 133217591358336 Client Error 404: No Document matches the given query. | URL: /api/v1/nlp/documents/9999/process/
[WARNING] 2026-06-25 13:34:56,860 error_handlers 54 133217591358336 Client Error 409: Document 'nlp_test.pdf' has already been processed and marked as completed. Use PATCH /api/v1/documents/477/update-status/ to make changes. | URL: /api/v1/nlp/documents/477/process/
[WARNING] 2026-06-25 13:34:57,100 error_handlers 54 133217591358336 Client Error 404: No Document matches the given query. | URL: /api/v1/nlp/documents/9999/results/
[WARNING] 2026-06-25 13:34:57,178 error_handlers 54 133217591358336 Client Error 400: Request body is empty. Please provide the required data in the request body. | URL: /api/v1/nlp/documents/495/status/
[WARNING] 2026-06-25 13:34:57,189 error_handlers 54 133217591358336 Client Error 400: 'INVALID' is not valid. Allowed: uploaded, processing, completed, failed | URL: /api/v1/nlp/documents/496/status/
[WARNING] 2026-06-25 13:34:57,223 error_handlers 54 133217591358336 Client Error 404: No Document matches the given query. | URL: /api/v1/nlp/documents/9999/status/
[WARNING] 2026-06-25 13:34:59,032 error_handlers 54 133217591358336 Client Error 400: File is empty (0 bytes). Please upload a valid PDF with content. | URL: /api/v1/documents/upload/
[WARNING] 2026-06-25 13:34:59,042 error_handlers 54 133217591358336 Client Error 400: 'malware.exe' is not allowed. Only PDF files (.pdf) are accepted. | URL: /api/v1/documents/upload/
[WARNING] 2026-06-25 13:34:59,098 error_handlers 54 133217591358336 Client Error 413: File size 11.0MB exceeds the 10MB limit. Please compress your PDF. | URL: /api/v1/documents/upload/
[WARNING] 2026-06-25 13:34:59,121 error_handlers 54 133217591358336 Client Error 400: '' OR 1=1 --' is not valid. Allowed: uploaded, processing, completed, failed | URL: /api/v1/documents/
[WARNING] 2026-06-25 13:34:59,136 error_handlers 54 133217591358336 Client Error 404: No Document matches the given query. | URL: /api/v1/documents/99999/
[WARNING] 2026-06-25 13:34:59,141 error_handlers 54 133217591358336 Client Error 400: No file provided. Please attach a PDF file using the 'file' field. | URL: /api/v1/documents/upload/
[WARNING] 2026-06-25 13:34:59,329 error_handlers 54 133217591358336 Client Error 404: No Document matches the given query. | URL: /api/v1/documents/99999/clauses/
[WARNING] 2026-06-25 13:34:59,368 error_handlers 54 133217591358336 Client Error 404: No Document matches the given query. | URL: /api/v1/documents/99999/clauses/
[WARNING] 2026-06-25 13:34:59,378 error_handlers 54 133217591358336 Client Error 400: Request body is empty. Please provide the required data in the request body. | URL: /api/v1/documents/822/clauses/
[WARNING] 2026-06-25 13:34:59,457 error_handlers 54 133217591358336 Client Error 404: No Document matches the given query. | URL: /api/v1/documents/99999/
[WARNING] 2026-06-25 13:34:59,466 error_handlers 54 133217591358336 Client Error 404: No Document matches the given query. | URL: /api/v1/documents/99999/summary/
[WARNING] 2026-06-25 13:34:59,533 error_handlers 54 133217591358336 Client Error 400: 'INVALID' is not valid. Allowed: uploaded, processing, completed, failed | URL: /api/v1/documents/
[WARNING] 2026-06-25 13:34:59,576 error_handlers 54 133217591358336 Client Error 400: File is empty (0 bytes). Please upload a valid PDF with content. | URL: /api/v1/documents/upload/
[WARNING] 2026-06-25 13:34:59,586 error_handlers 54 133217591358336 Client Error 400: No file provided. Please attach a PDF file using the 'file' field. | URL: /api/v1/documents/upload/
[WARNING] 2026-06-25 13:34:59,594 error_handlers 54 133217591358336 Client Error 400: No file provided. Please attach a PDF file using the 'file' field. | URL: /api/v1/documents/upload/
[WARNING] 2026-06-25 13:34:59,603 error_handlers 54 133217591358336 Client Error 400: 'test.txt' is not allowed. Only PDF files (.pdf) are accepted. | URL: /api/v1/documents/upload/
[WARNING] 2026-06-25 13:34:59,661 error_handlers 54 133217591358336 Client Error 404: No Document matches the given query. | URL: /api/v1/documents/99999/
[WARNING] 2026-06-25 13:34:59,676 error_handlers 54 133217591358336 Client Error 404: No Document matches the given query. | URL: /api/v1/documents/99999/
[WARNING] 2026-06-25 13:34:59,679 error_handlers 54 133217591358336 Client Error 400: No file provided. Please attach a PDF file using the 'file' field. | URL: /api/v1/documents/upload/
[WARNING] 2026-06-25 13:34:59,683 error_handlers 54 133217591358336 Client Error 400: 'INVALID' is not valid. Allowed: uploaded, processing, completed, failed | URL: /api/v1/documents/
[WARNING] 2026-06-25 13:34:59,695 error_handlers 54 133217591358336 Client Error 404: No Document matches the given query. | URL: /api/v1/documents/99999/
[WARNING] 2026-06-25 13:34:59,698 error_handlers 54 133217591358336 Client Error 400: No file provided. Please attach a PDF file using the 'file' field. | URL: /api/v1/documents/upload/
[WARNING] 2026-06-25 13:34:59,708 error_handlers 54 133217591358336 Client Error 404: No Document matches the given query. | URL: /api/v1/documents/99999/
[WARNING] 2026-06-25 13:34:59,711 error_handlers 54 133217591358336 Client Error 400: No file provided. Please attach a PDF file using the 'file' field. | URL: /api/v1/documents/upload/
[WARNING] 2026-06-25 13:34:59,713 error_handlers 54 133217591358336 Client Error 400: 'INVALID' is not valid. Allowed: uploaded, processing, completed, failed | URL: /api/v1/documents/
[WARNING] 2026-06-25 13:34:59,722 error_handlers 54 133217591358336 Client Error 400: 'WRONG' is not valid. Allowed: uploaded, processing, completed, failed | URL: /api/v1/documents/
[WARNING] 2026-06-25 13:34:59,730 error_handlers 54 133217591358336 Client Error 400: No file provided. Please attach a PDF file using the 'file' field. | URL: /api/v1/documents/upload/
[WARNING] 2026-06-25 13:34:59,810 error_handlers 54 133217591358336 Client Error 404: No Document matches the given query. | URL: /api/v1/nlp/documents/99999/
[WARNING] 2026-06-25 13:34:59,830 error_handlers 54 133217591358336 Client Error 409: Document 'completed_test.pdf' has already been processed and marked as completed. Use PATCH /api/v1/documents/881/update-status/ to make changes. | URL: /api/v1/nlp/documents/881/process/
[WARNING] 2026-06-25 13:34:59,842 error_handlers 54 133217591358336 Client Error 400: 'INVALID' is not valid. Allowed: uploaded, processing, completed, failed | URL: /api/v1/nlp/documents/882/process/
[WARNING] 2026-06-25 13:34:59,852 error_handlers 54 133217591358336 Client Error 404: No Document matches the given query. | URL: /api/v1/nlp/documents/99999/process/
[WARNING] 2026-06-25 13:34:59,880 error_handlers 54 133217591358336 Client Error 404: No Document matches the given query. | URL: /api/v1/nlp/documents/99999/results/
[WARNING] 2026-06-25 13:34:59,906 error_handlers 54 133217591358336 Client Error 400: 'WRONG' is not valid. Allowed: uploaded, processing, completed, failed | URL: /api/v1/nlp/documents/892/status/
[WARNING] 2026-06-25 13:34:59,914 error_handlers 54 133217591358336 Client Error 404: No Document matches the given query. | URL: /api/v1/nlp/documents/99999/status/
[WARNING] 2026-06-25 13:34:59,945 error_handlers 54 133217591358336 Client Error 404: No Document matches the given query. | URL: /api/v1/documents/99999/risks/
[WARNING] 2026-06-25 13:34:59,986 error_handlers 54 133217591358336 Client Error 400: Request body is empty. Please provide the required data in the request body. | URL: /api/v1/documents/904/risks/
[WARNING] 2026-06-25 13:35:00,017 error_handlers 54 133217591358336 Client Error 404: No Document matches the given query. | URL: /api/v1/documents/99999/risks/
[WARNING] 2026-06-25 13:35:00,050 error_handlers 54 133217591358336 Client Error 400: Request body is empty. Please provide the required data in the request body. | URL: /api/v1/documents/914/update-status/
[WARNING] 2026-06-25 13:35:00,075 error_handlers 54 133217591358336 Client Error 400: 'WRONG' is not valid. Allowed: uploaded, processing, completed, failed | URL: /api/v1/documents/918/update-status/
[WARNING] 2026-06-25 13:35:00,093 error_handlers 54 133217591358336 Client Error 404: No Document matches the given query. | URL: /api/v1/documents/99999/update-status/
[WARNING] 2026-06-25 13:35:00,306 error_handlers 54 133217591358336 Client Error 404: No Document matches the given query. | URL: /api/v1/documents/9999/
[WARNING] 2026-06-25 13:35:00,313 error_handlers 54 133217591358336 Client Error 404: No Document matches the given query. | URL: /api/v1/documents/0/
[WARNING] 2026-06-25 13:35:00,369 error_handlers 54 133217591358336 Client Error 400: 'WRONG' is not valid. Allowed: uploaded, processing, completed, failed | URL: /api/v1/documents/
[WARNING] 2026-06-25 13:35:00,402 error_handlers 54 133217591358336 Client Error 400: 'WRONG' is not valid. Allowed: uploaded, processing, completed, failed | URL: /api/v1/documents/
[WARNING] 2026-06-25 13:35:00,580 error_handlers 54 133217591358336 Client Error 400: Request body is empty. Please provide the required data in the request body. | URL: /api/v1/documents/964/update-status/
[WARNING] 2026-06-25 13:35:00,606 error_handlers 54 133217591358336 Client Error 400: 'INVALID_STATUS' is not valid. Allowed: uploaded, processing, completed, failed | URL: /api/v1/documents/966/update-status/
[WARNING] 2026-06-25 13:35:00,625 error_handlers 54 133217591358336 Client Error 404: No Document matches the given query. | URL: /api/v1/documents/9999/update-status/
[WARNING] 2026-06-25 13:35:00,747 error_handlers 54 133217591358336 Client Error 404: No Document matches the given query. | URL: /api/v1/documents/9999/summary/
[WARNING] 2026-06-25 13:35:00,842 error_handlers 54 133217591358336 Client Error 400: No file provided. Please attach a PDF file using the 'file' field. | URL: /api/v1/documents/upload/
[WARNING] 2026-06-25 13:35:00,849 error_handlers 54 133217591358336 Client Error 400: No file provided. Please attach a PDF file using the 'file' field. | URL: /api/v1/documents/upload/
[WARNING] 2026-06-25 13:35:00,858 error_handlers 54 133217591358336 Client Error 400: 'test.txt' is not allowed. Only PDF files (.pdf) are accepted. | URL: /api/v1/documents/upload/
[WARNING] 2026-06-25 13:35:00,865 error_handlers 54 133217591358336 Client Error 400: 'test.txt' is not allowed. Only PDF files (.pdf) are accepted. | URL: /api/v1/documents/upload/
[WARNING] 2026-06-25 13:35:01,033 error_handlers 54 133217591358336 Client Error 404: No Document matches the given query. | URL: /api/v1/documents/9999/clauses/
[WARNING] 2026-06-25 13:35:01,133 error_handlers 54 133217591358336 Client Error 404: No Document matches the given query. | URL: /api/v1/documents/9999/clauses/
[WARNING] 2026-06-25 13:35:01,161 error_handlers 54 133217591358336 Client Error 400: Request body is empty. Please provide the required data in the request body. | URL: /api/v1/documents/1019/clauses/
[WARNING] 2026-06-25 13:35:01,339 error_handlers 54 133217591358336 Client Error 404: No Document matches the given query. | URL: /api/v1/documents/9999/risks/
[WARNING] 2026-06-25 13:35:01,402 error_handlers 54 133217591358336 Client Error 400: Request body is empty. Please provide the required data in the request body. | URL: /api/v1/documents/1040/risks/
[WARNING] 2026-06-25 13:35:01,462 error_handlers 54 133217591358336 Client Error 404: No Document matches the given query. | URL: /api/v1/documents/9999/risks/
[WARNING] 2026-06-25 13:35:02,171 error_handlers 54 133217591358336 Client Error 409: Document 'integration_test_YqelFEi.pdf' has already been processed and marked as completed. Use PATCH /api/v1/documents/1079/update-status/ to make changes. | URL: /api/v1/nlp/documents/1079/process/
[WARNING] 2026-06-25 13:35:30,096 error_handlers 66 134573739774848 Client Error 404: No Document matches the given query. | URL: /api/v1/documents/9999/
[WARNING] 2026-06-25 13:35:30,106 error_handlers 66 134573739774848 Client Error 404: No Document matches the given query. | URL: /api/v1/documents/0/
[WARNING] 2026-06-25 13:35:30,163 error_handlers 66 134573739774848 Client Error 400: 'WRONG' is not valid. Allowed: uploaded, processing, completed, failed | URL: /api/v1/documents/
[WARNING] 2026-06-25 13:35:30,205 error_handlers 66 134573739774848 Client Error 400: 'WRONG' is not valid. Allowed: uploaded, processing, completed, failed | URL: /api/v1/documents/
[WARNING] 2026-06-25 13:35:30,410 error_handlers 66 134573739774848 Client Error 400: Request body is empty. Please provide the required data in the request body. | URL: /api/v1/documents/35/update-status/
[WARNING] 2026-06-25 13:35:30,478 error_handlers 66 134573739774848 Client Error 400: 'INVALID_STATUS' is not valid. Allowed: uploaded, processing, completed, failed | URL: /api/v1/documents/37/update-status/
[WARNING] 2026-06-25 13:35:30,495 error_handlers 66 134573739774848 Client Error 404: No Document matches the given query. | URL: /api/v1/documents/9999/update-status/
[WARNING] 2026-06-25 13:35:30,620 error_handlers 66 134573739774848 Client Error 404: No Document matches the given query. | URL: /api/v1/documents/9999/summary/
[WARNING] 2026-06-25 13:35:30,721 error_handlers 66 134573739774848 Client Error 400: No file provided. Please attach a PDF file using the 'file' field. | URL: /api/v1/documents/upload/
[WARNING] 2026-06-25 13:35:30,731 error_handlers 66 134573739774848 Client Error 400: No file provided. Please attach a PDF file using the 'file' field. | URL: /api/v1/documents/upload/
[WARNING] 2026-06-25 13:35:30,748 error_handlers 66 134573739774848 Client Error 400: 'test.txt' is not allowed. Only PDF files (.pdf) are accepted. | URL: /api/v1/documents/upload/
[WARNING] 2026-06-25 13:35:30,757 error_handlers 66 134573739774848 Client Error 400: 'test.txt' is not allowed. Only PDF files (.pdf) are accepted. | URL: /api/v1/documents/upload/
[WARNING] 2026-06-25 13:35:30,930 error_handlers 66 134573739774848 Client Error 404: No Document matches the given query. | URL: /api/v1/documents/9999/clauses/
[WARNING] 2026-06-25 13:35:31,047 error_handlers 66 134573739774848 Client Error 404: No Document matches the given query. | URL: /api/v1/documents/9999/clauses/
[WARNING] 2026-06-25 13:35:31,080 error_handlers 66 134573739774848 Client Error 400: Request body is empty. Please provide the required data in the request body. | URL: /api/v1/documents/90/clauses/
[WARNING] 2026-06-25 13:35:31,271 error_handlers 66 134573739774848 Client Error 404: No Document matches the given query. | URL: /api/v1/documents/9999/risks/
[WARNING] 2026-06-25 13:35:31,321 error_handlers 66 134573739774848 Client Error 400: Request body is empty. Please provide the required data in the request body. | URL: /api/v1/documents/111/risks/
[WARNING] 2026-06-25 13:35:31,386 error_handlers 66 134573739774848 Client Error 404: No Document matches the given query. | URL: /api/v1/documents/9999/risks/
[WARNING] 2026-06-25 13:35:49,909 error_handlers 78 136840855778176 Client Error 400: File is empty (0 bytes). Please upload a valid PDF with content. | URL: /api/v1/documents/upload/
[WARNING] 2026-06-25 13:35:49,927 error_handlers 78 136840855778176 Client Error 400: 'malware.exe' is not allowed. Only PDF files (.pdf) are accepted. | URL: /api/v1/documents/upload/
[WARNING] 2026-06-25 13:35:50,019 error_handlers 78 136840855778176 Client Error 413: File size 11.0MB exceeds the 10MB limit. Please compress your PDF. | URL: /api/v1/documents/upload/
[WARNING] 2026-06-25 13:35:50,044 error_handlers 78 136840855778176 Client Error 400: '' OR 1=1 --' is not valid. Allowed: uploaded, processing, completed, failed | URL: /api/v1/documents/
[WARNING] 2026-06-25 13:35:50,064 error_handlers 78 136840855778176 Client Error 404: No Document matches the given query. | URL: /api/v1/documents/99999/
[WARNING] 2026-06-25 13:35:50,072 error_handlers 78 136840855778176 Client Error 400: No file provided. Please attach a PDF file using the 'file' field. | URL: /api/v1/documents/upload/
[WARNING] 2026-06-25 13:36:11,166 error_handlers 84 136616303645568 Client Error 404: Invalid page. | URL: /api/v1/documents/
[WARNING] 2026-06-25 13:36:11,293 error_handlers 84 136616303645568 Client Error 400: 'contract.docx' is not allowed. Only PDF files (.pdf) are accepted. | URL: /api/v1/documents/upload/
[WARNING] 2026-06-25 13:36:11,302 error_handlers 84 136616303645568 Client Error 400: File is empty (0 bytes). Please upload a valid PDF with content. | URL: /api/v1/documents/upload/
[WARNING] 2026-06-25 13:36:11,395 error_handlers 84 136616303645568 Client Error 400: 'scan.jpg' is not allowed. Only PDF files (.pdf) are accepted. | URL: /api/v1/documents/upload/
[WARNING] 2026-06-25 13:36:11,405 error_handlers 84 136616303645568 Client Error 400: No file provided. Please attach a PDF file using the 'file' field. | URL: /api/v1/documents/upload/
[WARNING] 2026-06-25 13:36:11,502 error_handlers 84 136616303645568 Client Error 400: 'WRONG' is not valid. Allowed: uploaded, processing, completed, failed | URL: /api/v1/nlp/documents/185/process/
[WARNING] 2026-06-25 13:36:12,624 error_handlers 84 136616303645568 Client Error 404: No Document matches the given query. | URL: /api/v1/documents/99999/update-status/
[WARNING] 2026-06-25 13:36:12,687 error_handlers 84 136616303645568 Client Error 400: 'COMPLETED' is not valid. Allowed: uploaded, processing, completed, failed | URL: /api/v1/documents/352/update-status/
[WARNING] 2026-06-25 13:36:13,414 error_handlers 84 136616303645568 Client Error 400: Request body is empty. Please provide the required data in the request body. | URL: /api/v1/documents/376/update-status/
[WARNING] 2026-06-25 13:36:13,503 error_handlers 84 136616303645568 Client Error 400: 'WRONG' is not valid. Allowed: uploaded, processing, completed, failed | URL: /api/v1/documents/
[WARNING] 2026-06-25 13:36:13,524 error_handlers 84 136616303645568 Client Error 404: No Document matches the given query. | URL: /api/v1/documents/99999/
[WARNING] 2026-06-25 13:36:13,549 error_handlers 84 136616303645568 Client Error 409: Document 'final_test.pdf' has already been processed and marked as completed. Use PATCH /api/v1/documents/381/update-status/ to make changes. | URL: /api/v1/nlp/documents/381/process/
[WARNING] 2026-06-25 13:36:13,572 error_handlers 84 136616303645568 Client Error 400: No file provided. Please attach a PDF file using the 'file' field. | URL: /api/v1/documents/upload/
[WARNING] 2026-06-25 13:36:13,592 error_handlers 84 136616303645568 Client Error 400: 'doc.txt' is not allowed. Only PDF files (.pdf) are accepted. | URL: /api/v1/documents/upload/
[WARNING] 2026-06-25 13:36:14,485 error_handlers 84 136616303645568 Client Error 404: No Document matches the given query. | URL: /api/v1/documents/99999/
[WARNING] 2026-06-25 13:36:14,995 error_handlers 84 136616303645568 Client Error 404: No Document matches the given query. | URL: /api/v1/documents/99999/
[WARNING] 2026-06-25 13:36:15,211 error_handlers 84 136616303645568 Client Error 404: No Document matches the given query. | URL: /api/v1/documents/99999/
[WARNING] 2026-06-25 13:36:15,218 error_handlers 84 136616303645568 Client Error 400: No file provided. Please attach a PDF file using the 'file' field. | URL: /api/v1/documents/upload/
[WARNING] 2026-06-25 13:36:15,221 error_handlers 84 136616303645568 Client Error 400: 'INVALID' is not valid. Allowed: uploaded, processing, completed, failed | URL: /api/v1/documents/
[WARNING] 2026-06-25 13:36:17,795 error_handlers 84 136616303645568 Client Error 404: No Document matches the given query. | URL: /api/v1/nlp/documents/9999/
[WARNING] 2026-06-25 13:36:18,294 error_handlers 84 136616303645568 Client Error 404: No Document matches the given query. | URL: /api/v1/nlp/documents/9999/process/
[WARNING] 2026-06-25 13:36:18,325 error_handlers 84 136616303645568 Client Error 409: Document 'nlp_test.pdf' has already been processed and marked as completed. Use PATCH /api/v1/documents/477/update-status/ to make changes. | URL: /api/v1/nlp/documents/477/process/
[WARNING] 2026-06-25 13:36:19,014 error_handlers 84 136616303645568 Client Error 404: No Document matches the given query. | URL: /api/v1/nlp/documents/9999/results/
[WARNING] 2026-06-25 13:36:19,184 error_handlers 84 136616303645568 Client Error 400: Request body is empty. Please provide the required data in the request body. | URL: /api/v1/nlp/documents/495/status/
[WARNING] 2026-06-25 13:36:19,203 error_handlers 84 136616303645568 Client Error 400: 'INVALID' is not valid. Allowed: uploaded, processing, completed, failed | URL: /api/v1/nlp/documents/496/status/
[WARNING] 2026-06-25 13:36:19,258 error_handlers 84 136616303645568 Client Error 404: No Document matches the given query. | URL: /api/v1/nlp/documents/9999/status/
[WARNING] 2026-06-25 13:36:27,213 error_handlers 84 136616303645568 Client Error 400: File is empty (0 bytes). Please upload a valid PDF with content. | URL: /api/v1/documents/upload/
[WARNING] 2026-06-25 13:36:27,219 error_handlers 84 136616303645568 Client Error 400: 'malware.exe' is not allowed. Only PDF files (.pdf) are accepted. | URL: /api/v1/documents/upload/
[WARNING] 2026-06-25 13:36:27,256 error_handlers 84 136616303645568 Client Error 413: File size 11.0MB exceeds the 10MB limit. Please compress your PDF. | URL: /api/v1/documents/upload/
[WARNING] 2026-06-25 13:36:27,288 error_handlers 84 136616303645568 Client Error 400: '' OR 1=1 --' is not valid. Allowed: uploaded, processing, completed, failed | URL: /api/v1/documents/
[WARNING] 2026-06-25 13:36:27,305 error_handlers 84 136616303645568 Client Error 404: No Document matches the given query. | URL: /api/v1/documents/99999/
[WARNING] 2026-06-25 13:36:27,310 error_handlers 84 136616303645568 Client Error 400: No file provided. Please attach a PDF file using the 'file' field. | URL: /api/v1/documents/upload/
[WARNING] 2026-06-25 13:36:27,599 error_handlers 84 136616303645568 Client Error 404: No Document matches the given query. | URL: /api/v1/documents/99999/clauses/
[WARNING] 2026-06-25 13:36:27,711 error_handlers 84 136616303645568 Client Error 404: No Document matches the given query. | URL: /api/v1/documents/99999/clauses/
[WARNING] 2026-06-25 13:36:27,743 error_handlers 84 136616303645568 Client Error 400: Request body is empty. Please provide the required data in the request body. | URL: /api/v1/documents/822/clauses/
[WARNING] 2026-06-25 13:36:27,962 error_handlers 84 136616303645568 Client Error 404: No Document matches the given query. | URL: /api/v1/documents/99999/
[WARNING] 2026-06-25 13:36:28,006 error_handlers 84 136616303645568 Client Error 404: No Document matches the given query. | URL: /api/v1/documents/99999/summary/
[WARNING] 2026-06-25 13:36:28,173 error_handlers 84 136616303645568 Client Error 400: 'INVALID' is not valid. Allowed: uploaded, processing, completed, failed | URL: /api/v1/documents/
[WARNING] 2026-06-25 13:36:28,293 error_handlers 84 136616303645568 Client Error 400: File is empty (0 bytes). Please upload a valid PDF with content. | URL: /api/v1/documents/upload/
[WARNING] 2026-06-25 13:36:28,320 error_handlers 84 136616303645568 Client Error 400: No file provided. Please attach a PDF file using the 'file' field. | URL: /api/v1/documents/upload/
[WARNING] 2026-06-25 13:36:28,346 error_handlers 84 136616303645568 Client Error 400: No file provided. Please attach a PDF file using the 'file' field. | URL: /api/v1/documents/upload/
[WARNING] 2026-06-25 13:36:28,374 error_handlers 84 136616303645568 Client Error 400: 'test.txt' is not allowed. Only PDF files (.pdf) are accepted. | URL: /api/v1/documents/upload/
[WARNING] 2026-06-25 13:36:28,525 error_handlers 84 136616303645568 Client Error 404: No Document matches the given query. | URL: /api/v1/documents/99999/
[WARNING] 2026-06-25 13:36:28,556 error_handlers 84 136616303645568 Client Error 404: No Document matches the given query. | URL: /api/v1/documents/99999/
[WARNING] 2026-06-25 13:36:28,560 error_handlers 84 136616303645568 Client Error 400: No file provided. Please attach a PDF file using the 'file' field. | URL: /api/v1/documents/upload/
[WARNING] 2026-06-25 13:36:28,565 error_handlers 84 136616303645568 Client Error 400: 'INVALID' is not valid. Allowed: uploaded, processing, completed, failed | URL: /api/v1/documents/
[WARNING] 2026-06-25 13:36:28,597 error_handlers 84 136616303645568 Client Error 404: No Document matches the given query. | URL: /api/v1/documents/99999/
[WARNING] 2026-06-25 13:36:28,603 error_handlers 84 136616303645568 Client Error 400: No file provided. Please attach a PDF file using the 'file' field. | URL: /api/v1/documents/upload/
[WARNING] 2026-06-25 13:36:28,635 error_handlers 84 136616303645568 Client Error 404: No Document matches the given query. | URL: /api/v1/documents/99999/
[WARNING] 2026-06-25 13:36:28,638 error_handlers 84 136616303645568 Client Error 400: No file provided. Please attach a PDF file using the 'file' field. | URL: /api/v1/documents/upload/
[WARNING] 2026-06-25 13:36:28,641 error_handlers 84 136616303645568 Client Error 400: 'INVALID' is not valid. Allowed: uploaded, processing, completed, failed | URL: /api/v1/documents/
[WARNING] 2026-06-25 13:36:28,667 error_handlers 84 136616303645568 Client Error 400: 'WRONG' is not valid. Allowed: uploaded, processing, completed, failed | URL: /api/v1/documents/
[WARNING] 2026-06-25 13:36:28,690 error_handlers 84 136616303645568 Client Error 400: No file provided. Please attach a PDF file using the 'file' field. | URL: /api/v1/documents/upload/
[WARNING] 2026-06-25 13:36:28,849 error_handlers 84 136616303645568 Client Error 404: No Document matches the given query. | URL: /api/v1/nlp/documents/99999/
[WARNING] 2026-06-25 13:36:28,902 error_handlers 84 136616303645568 Client Error 409: Document 'completed_test.pdf' has already been processed and marked as completed. Use PATCH /api/v1/documents/881/update-status/ to make changes. | URL: /api/v1/nlp/documents/881/process/
[WARNING] 2026-06-25 13:36:28,932 error_handlers 84 136616303645568 Client Error 400: 'INVALID' is not valid. Allowed: uploaded, processing, completed, failed | URL: /api/v1/nlp/documents/882/process/
[WARNING] 2026-06-25 13:36:28,963 error_handlers 84 136616303645568 Client Error 404: No Document matches the given query. | URL: /api/v1/nlp/documents/99999/process/
[WARNING] 2026-06-25 13:36:29,045 error_handlers 84 136616303645568 Client Error 404: No Document matches the given query. | URL: /api/v1/nlp/documents/99999/results/
[WARNING] 2026-06-25 13:36:29,121 error_handlers 84 136616303645568 Client Error 400: 'WRONG' is not valid. Allowed: uploaded, processing, completed, failed | URL: /api/v1/nlp/documents/892/status/
[WARNING] 2026-06-25 13:36:29,148 error_handlers 84 136616303645568 Client Error 404: No Document matches the given query. | URL: /api/v1/nlp/documents/99999/status/
[WARNING] 2026-06-25 13:36:29,226 error_handlers 84 136616303645568 Client Error 404: No Document matches the given query. | URL: /api/v1/documents/99999/risks/
[WARNING] 2026-06-25 13:36:29,341 error_handlers 84 136616303645568 Client Error 400: Request body is empty. Please provide the required data in the request body. | URL: /api/v1/documents/904/risks/
[WARNING] 2026-06-25 13:36:29,437 error_handlers 84 136616303645568 Client Error 404: No Document matches the given query. | URL: /api/v1/documents/99999/risks/
[WARNING] 2026-06-25 13:36:29,506 error_handlers 84 136616303645568 Client Error 400: Request body is empty. Please provide the required data in the request body. | URL: /api/v1/documents/914/update-status/
[WARNING] 2026-06-25 13:36:29,565 error_handlers 84 136616303645568 Client Error 400: 'WRONG' is not valid. Allowed: uploaded, processing, completed, failed | URL: /api/v1/documents/918/update-status/
[WARNING] 2026-06-25 13:36:29,624 error_handlers 84 136616303645568 Client Error 404: No Document matches the given query. | URL: /api/v1/documents/99999/update-status/
[WARNING] 2026-06-25 13:36:30,062 error_handlers 84 136616303645568 Client Error 404: No Document matches the given query. | URL: /api/v1/documents/9999/
[WARNING] 2026-06-25 13:36:30,082 error_handlers 84 136616303645568 Client Error 404: No Document matches the given query. | URL: /api/v1/documents/0/
[WARNING] 2026-06-25 13:36:30,177 error_handlers 84 136616303645568 Client Error 400: 'WRONG' is not valid. Allowed: uploaded, processing, completed, failed | URL: /api/v1/documents/
[WARNING] 2026-06-25 13:36:30,257 error_handlers 84 136616303645568 Client Error 400: 'WRONG' is not valid. Allowed: uploaded, processing, completed, failed | URL: /api/v1/documents/
[WARNING] 2026-06-25 13:36:30,735 error_handlers 84 136616303645568 Client Error 400: Request body is empty. Please provide the required data in the request body. | URL: /api/v1/documents/964/update-status/
[WARNING] 2026-06-25 13:36:30,791 error_handlers 84 136616303645568 Client Error 400: 'INVALID_STATUS' is not valid. Allowed: uploaded, processing, completed, failed | URL: /api/v1/documents/966/update-status/
[WARNING] 2026-06-25 13:36:30,838 error_handlers 84 136616303645568 Client Error 404: No Document matches the given query. | URL: /api/v1/documents/9999/update-status/
[WARNING] 2026-06-25 13:36:31,178 error_handlers 84 136616303645568 Client Error 404: No Document matches the given query. | URL: /api/v1/documents/9999/summary/
[WARNING] 2026-06-25 13:36:31,440 error_handlers 84 136616303645568 Client Error 400: No file provided. Please attach a PDF file using the 'file' field. | URL: /api/v1/documents/upload/
[WARNING] 2026-06-25 13:36:31,463 error_handlers 84 136616303645568 Client Error 400: No file provided. Please attach a PDF file using the 'file' field. | URL: /api/v1/documents/upload/
[WARNING] 2026-06-25 13:36:31,482 error_handlers 84 136616303645568 Client Error 400: 'test.txt' is not allowed. Only PDF files (.pdf) are accepted. | URL: /api/v1/documents/upload/
[WARNING] 2026-06-25 13:36:31,501 error_handlers 84 136616303645568 Client Error 400: 'test.txt' is not allowed. Only PDF files (.pdf) are accepted. | URL: /api/v1/documents/upload/
[WARNING] 2026-06-25 13:36:31,917 error_handlers 84 136616303645568 Client Error 404: No Document matches the given query. | URL: /api/v1/documents/9999/clauses/
[WARNING] 2026-06-25 13:36:32,174 error_handlers 84 136616303645568 Client Error 404: No Document matches the given query. | URL: /api/v1/documents/9999/clauses/
[WARNING] 2026-06-25 13:36:32,237 error_handlers 84 136616303645568 Client Error 400: Request body is empty. Please provide the required data in the request body. | URL: /api/v1/documents/1019/clauses/
[WARNING] 2026-06-25 13:36:32,617 error_handlers 84 136616303645568 Client Error 404: No Document matches the given query. | URL: /api/v1/documents/9999/risks/
[WARNING] 2026-06-25 13:36:32,758 error_handlers 84 136616303645568 Client Error 400: Request body is empty. Please provide the required data in the request body. | URL: /api/v1/documents/1040/risks/
[WARNING] 2026-06-25 13:36:32,942 error_handlers 84 136616303645568 Client Error 404: No Document matches the given query. | URL: /api/v1/documents/9999/risks/
[WARNING] 2026-06-25 13:36:34,640 error_handlers 84 136616303645568 Client Error 409: Document 'integration_test_z7KSFqi.pdf' has already been processed and marked as completed. Use PATCH /api/v1/documents/1079/update-status/ to make changes. | URL: /api/v1/nlp/documents/1079/process/
[WARNING] 2026-06-25 13:38:33,848 error_handlers 102 132647797699456 Client Error 404: Invalid page. | URL: /api/v1/documents/
[WARNING] 2026-06-25 13:38:33,912 error_handlers 102 132647797699456 Client Error 400: 'contract.docx' is not allowed. Only PDF files (.pdf) are accepted. | URL: /api/v1/documents/upload/
[WARNING] 2026-06-25 13:38:33,918 error_handlers 102 132647797699456 Client Error 400: File is empty (0 bytes). Please upload a valid PDF with content. | URL: /api/v1/documents/upload/
[WARNING] 2026-06-25 13:38:33,972 error_handlers 102 132647797699456 Client Error 400: 'scan.jpg' is not allowed. Only PDF files (.pdf) are accepted. | URL: /api/v1/documents/upload/
[WARNING] 2026-06-25 13:38:33,977 error_handlers 102 132647797699456 Client Error 400: No file provided. Please attach a PDF file using the 'file' field. | URL: /api/v1/documents/upload/
[WARNING] 2026-06-25 13:38:34,030 error_handlers 102 132647797699456 Client Error 400: 'WRONG' is not valid. Allowed: uploaded, processing, completed, failed | URL: /api/v1/nlp/documents/185/process/
[WARNING] 2026-06-25 13:38:34,366 error_handlers 102 132647797699456 Client Error 404: No Document matches the given query. | URL: /api/v1/documents/99999/update-status/
[WARNING] 2026-06-25 13:38:34,388 error_handlers 102 132647797699456 Client Error 400: 'COMPLETED' is not valid. Allowed: uploaded, processing, completed, failed | URL: /api/v1/documents/352/update-status/
[WARNING] 2026-06-25 13:38:34,650 error_handlers 102 132647797699456 Client Error 400: Request body is empty. Please provide the required data in the request body. | URL: /api/v1/documents/376/update-status/
[WARNING] 2026-06-25 13:38:34,675 error_handlers 102 132647797699456 Client Error 400: 'WRONG' is not valid. Allowed: uploaded, processing, completed, failed | URL: /api/v1/documents/
[WARNING] 2026-06-25 13:38:34,685 error_handlers 102 132647797699456 Client Error 404: No Document matches the given query. | URL: /api/v1/documents/99999/
[WARNING] 2026-06-25 13:38:34,694 error_handlers 102 132647797699456 Client Error 409: Document 'final_test.pdf' has already been processed and marked as completed. Use PATCH /api/v1/documents/381/update-status/ to make changes. | URL: /api/v1/nlp/documents/381/process/
[WARNING] 2026-06-25 13:38:34,704 error_handlers 102 132647797699456 Client Error 400: No file provided. Please attach a PDF file using the 'file' field. | URL: /api/v1/documents/upload/
[WARNING] 2026-06-25 13:38:34,711 error_handlers 102 132647797699456 Client Error 400: 'doc.txt' is not allowed. Only PDF files (.pdf) are accepted. | URL: /api/v1/documents/upload/
[WARNING] 2026-06-25 13:38:34,972 error_handlers 102 132647797699456 Client Error 404: No Document matches the given query. | URL: /api/v1/documents/99999/
[WARNING] 2026-06-25 13:38:35,142 error_handlers 102 132647797699456 Client Error 404: No Document matches the given query. | URL: /api/v1/documents/99999/
[WARNING] 2026-06-25 13:38:35,198 error_handlers 102 132647797699456 Client Error 404: No Document matches the given query. | URL: /api/v1/documents/99999/
[WARNING] 2026-06-25 13:38:35,202 error_handlers 102 132647797699456 Client Error 400: No file provided. Please attach a PDF file using the 'file' field. | URL: /api/v1/documents/upload/
[WARNING] 2026-06-25 13:38:35,204 error_handlers 102 132647797699456 Client Error 400: 'INVALID' is not valid. Allowed: uploaded, processing, completed, failed | URL: /api/v1/documents/
[WARNING] 2026-06-25 13:38:36,235 error_handlers 102 132647797699456 Client Error 404: No Document matches the given query. | URL: /api/v1/nlp/documents/9999/
[WARNING] 2026-06-25 13:38:36,497 error_handlers 102 132647797699456 Client Error 404: No Document matches the given query. | URL: /api/v1/nlp/documents/9999/process/
[WARNING] 2026-06-25 13:38:36,509 error_handlers 102 132647797699456 Client Error 409: Document 'nlp_test.pdf' has already been processed and marked as completed. Use PATCH /api/v1/documents/477/update-status/ to make changes. | URL: /api/v1/nlp/documents/477/process/
[WARNING] 2026-06-25 13:38:36,724 error_handlers 102 132647797699456 Client Error 404: No Document matches the given query. | URL: /api/v1/nlp/documents/9999/results/
[WARNING] 2026-06-25 13:38:36,775 error_handlers 102 132647797699456 Client Error 400: Request body is empty. Please provide the required data in the request body. | URL: /api/v1/nlp/documents/495/status/
[WARNING] 2026-06-25 13:38:36,783 error_handlers 102 132647797699456 Client Error 400: 'INVALID' is not valid. Allowed: uploaded, processing, completed, failed | URL: /api/v1/nlp/documents/496/status/
[WARNING] 2026-06-25 13:38:36,801 error_handlers 102 132647797699456 Client Error 404: No Document matches the given query. | URL: /api/v1/nlp/documents/9999/status/
[WARNING] 2026-06-25 13:38:38,696 error_handlers 102 132647797699456 Client Error 400: File is empty (0 bytes). Please upload a valid PDF with content. | URL: /api/v1/documents/upload/
[WARNING] 2026-06-25 13:38:38,701 error_handlers 102 132647797699456 Client Error 400: 'malware.exe' is not allowed. Only PDF files (.pdf) are accepted. | URL: /api/v1/documents/upload/
[WARNING] 2026-06-25 13:38:38,758 error_handlers 102 132647797699456 Client Error 413: File size 11.0MB exceeds the 10MB limit. Please compress your PDF. | URL: /api/v1/documents/upload/
[WARNING] 2026-06-25 13:38:38,779 error_handlers 102 132647797699456 Client Error 400: '' OR 1=1 --' is not valid. Allowed: uploaded, processing, completed, failed | URL: /api/v1/documents/
[WARNING] 2026-06-25 13:38:38,799 error_handlers 102 132647797699456 Client Error 404: No Document matches the given query. | URL: /api/v1/documents/99999/
[WARNING] 2026-06-25 13:38:38,803 error_handlers 102 132647797699456 Client Error 400: No file provided. Please attach a PDF file using the 'file' field. | URL: /api/v1/documents/upload/
[WARNING] 2026-06-25 13:38:39,018 error_handlers 102 132647797699456 Client Error 404: No Document matches the given query. | URL: /api/v1/documents/99999/clauses/
[WARNING] 2026-06-25 13:38:39,053 error_handlers 102 132647797699456 Client Error 404: No Document matches the given query. | URL: /api/v1/documents/99999/clauses/
[WARNING] 2026-06-25 13:38:39,060 error_handlers 102 132647797699456 Client Error 400: Request body is empty. Please provide the required data in the request body. | URL: /api/v1/documents/822/clauses/
[WARNING] 2026-06-25 13:38:39,147 error_handlers 102 132647797699456 Client Error 404: No Document matches the given query. | URL: /api/v1/documents/99999/
[WARNING] 2026-06-25 13:38:39,163 error_handlers 102 132647797699456 Client Error 404: No Document matches the given query. | URL: /api/v1/documents/99999/summary/
[WARNING] 2026-06-25 13:38:39,258 error_handlers 102 132647797699456 Client Error 400: 'INVALID' is not valid. Allowed: uploaded, processing, completed, failed | URL: /api/v1/documents/
[WARNING] 2026-06-25 13:38:39,317 error_handlers 102 132647797699456 Client Error 400: File is empty (0 bytes). Please upload a valid PDF with content. | URL: /api/v1/documents/upload/
[WARNING] 2026-06-25 13:38:39,327 error_handlers 102 132647797699456 Client Error 400: No file provided. Please attach a PDF file using the 'file' field. | URL: /api/v1/documents/upload/
[WARNING] 2026-06-25 13:38:39,337 error_handlers 102 132647797699456 Client Error 400: No file provided. Please attach a PDF file using the 'file' field. | URL: /api/v1/documents/upload/
[WARNING] 2026-06-25 13:38:39,345 error_handlers 102 132647797699456 Client Error 400: 'test.txt' is not allowed. Only PDF files (.pdf) are accepted. | URL: /api/v1/documents/upload/
[WARNING] 2026-06-25 13:38:39,414 error_handlers 102 132647797699456 Client Error 404: No Document matches the given query. | URL: /api/v1/documents/99999/
[WARNING] 2026-06-25 13:38:39,424 error_handlers 102 132647797699456 Client Error 404: No Document matches the given query. | URL: /api/v1/documents/99999/
[WARNING] 2026-06-25 13:38:39,427 error_handlers 102 132647797699456 Client Error 400: No file provided. Please attach a PDF file using the 'file' field. | URL: /api/v1/documents/upload/
[WARNING] 2026-06-25 13:38:39,431 error_handlers 102 132647797699456 Client Error 400: 'INVALID' is not valid. Allowed: uploaded, processing, completed, failed | URL: /api/v1/documents/
[WARNING] 2026-06-25 13:38:39,441 error_handlers 102 132647797699456 Client Error 404: No Document matches the given query. | URL: /api/v1/documents/99999/
[WARNING] 2026-06-25 13:38:39,446 error_handlers 102 132647797699456 Client Error 400: No file provided. Please attach a PDF file using the 'file' field. | URL: /api/v1/documents/upload/
[WARNING] 2026-06-25 13:38:39,456 error_handlers 102 132647797699456 Client Error 404: No Document matches the given query. | URL: /api/v1/documents/99999/
[WARNING] 2026-06-25 13:38:39,458 error_handlers 102 132647797699456 Client Error 400: No file provided. Please attach a PDF file using the 'file' field. | URL: /api/v1/documents/upload/
[WARNING] 2026-06-25 13:38:39,460 error_handlers 102 132647797699456 Client Error 400: 'INVALID' is not valid. Allowed: uploaded, processing, completed, failed | URL: /api/v1/documents/
[WARNING] 2026-06-25 13:38:39,473 error_handlers 102 132647797699456 Client Error 400: 'WRONG' is not valid. Allowed: uploaded, processing, completed, failed | URL: /api/v1/documents/
[WARNING] 2026-06-25 13:38:39,482 error_handlers 102 132647797699456 Client Error 400: No file provided. Please attach a PDF file using the 'file' field. | URL: /api/v1/documents/upload/
[WARNING] 2026-06-25 13:38:39,552 error_handlers 102 132647797699456 Client Error 404: No Document matches the given query. | URL: /api/v1/nlp/documents/99999/
[WARNING] 2026-06-25 13:38:39,571 error_handlers 102 132647797699456 Client Error 409: Document 'completed_test.pdf' has already been processed and marked as completed. Use PATCH /api/v1/documents/881/update-status/ to make changes. | URL: /api/v1/nlp/documents/881/process/
[WARNING] 2026-06-25 13:38:39,581 error_handlers 102 132647797699456 Client Error 400: 'INVALID' is not valid. Allowed: uploaded, processing, completed, failed | URL: /api/v1/nlp/documents/882/process/
[WARNING] 2026-06-25 13:38:39,590 error_handlers 102 132647797699456 Client Error 404: No Document matches the given query. | URL: /api/v1/nlp/documents/99999/process/
[WARNING] 2026-06-25 13:38:39,615 error_handlers 102 132647797699456 Client Error 404: No Document matches the given query. | URL: /api/v1/nlp/documents/99999/results/
[WARNING] 2026-06-25 13:38:39,642 error_handlers 102 132647797699456 Client Error 400: 'WRONG' is not valid. Allowed: uploaded, processing, completed, failed | URL: /api/v1/nlp/documents/892/status/
[WARNING] 2026-06-25 13:38:39,654 error_handlers 102 132647797699456 Client Error 404: No Document matches the given query. | URL: /api/v1/nlp/documents/99999/status/
[WARNING] 2026-06-25 13:38:39,700 error_handlers 102 132647797699456 Client Error 404: No Document matches the given query. | URL: /api/v1/documents/99999/risks/
[WARNING] 2026-06-25 13:38:39,742 error_handlers 102 132647797699456 Client Error 400: Request body is empty. Please provide the required data in the request body. | URL: /api/v1/documents/904/risks/
[WARNING] 2026-06-25 13:38:39,783 error_handlers 102 132647797699456 Client Error 404: No Document matches the given query. | URL: /api/v1/documents/99999/risks/
[WARNING] 2026-06-25 13:38:39,823 error_handlers 102 132647797699456 Client Error 400: Request body is empty. Please provide the required data in the request body. | URL: /api/v1/documents/914/update-status/
[WARNING] 2026-06-25 13:38:39,841 error_handlers 102 132647797699456 Client Error 400: 'WRONG' is not valid. Allowed: uploaded, processing, completed, failed | URL: /api/v1/documents/918/update-status/
[WARNING] 2026-06-25 13:38:39,864 error_handlers 102 132647797699456 Client Error 404: No Document matches the given query. | URL: /api/v1/documents/99999/update-status/
[WARNING] 2026-06-25 13:38:40,113 error_handlers 102 132647797699456 Client Error 404: No Document matches the given query. | URL: /api/v1/documents/9999/
[WARNING] 2026-06-25 13:38:40,139 error_handlers 102 132647797699456 Client Error 404: No Document matches the given query. | URL: /api/v1/documents/0/
[WARNING] 2026-06-25 13:38:40,194 error_handlers 102 132647797699456 Client Error 400: 'WRONG' is not valid. Allowed: uploaded, processing, completed, failed | URL: /api/v1/documents/
[WARNING] 2026-06-25 13:38:40,237 error_handlers 102 132647797699456 Client Error 400: 'WRONG' is not valid. Allowed: uploaded, processing, completed, failed | URL: /api/v1/documents/
[WARNING] 2026-06-25 13:38:40,456 error_handlers 102 132647797699456 Client Error 400: Request body is empty. Please provide the required data in the request body. | URL: /api/v1/documents/964/update-status/
[WARNING] 2026-06-25 13:38:40,475 error_handlers 102 132647797699456 Client Error 400: 'INVALID_STATUS' is not valid. Allowed: uploaded, processing, completed, failed | URL: /api/v1/documents/966/update-status/
[WARNING] 2026-06-25 13:38:40,498 error_handlers 102 132647797699456 Client Error 404: No Document matches the given query. | URL: /api/v1/documents/9999/update-status/
[WARNING] 2026-06-25 13:38:40,627 error_handlers 102 132647797699456 Client Error 404: No Document matches the given query. | URL: /api/v1/documents/9999/summary/
[WARNING] 2026-06-25 13:38:40,740 error_handlers 102 132647797699456 Client Error 400: No file provided. Please attach a PDF file using the 'file' field. | URL: /api/v1/documents/upload/
[WARNING] 2026-06-25 13:38:40,748 error_handlers 102 132647797699456 Client Error 400: No file provided. Please attach a PDF file using the 'file' field. | URL: /api/v1/documents/upload/
[WARNING] 2026-06-25 13:38:40,760 error_handlers 102 132647797699456 Client Error 400: 'test.txt' is not allowed. Only PDF files (.pdf) are accepted. | URL: /api/v1/documents/upload/
[WARNING] 2026-06-25 13:38:40,772 error_handlers 102 132647797699456 Client Error 400: 'test.txt' is not allowed. Only PDF files (.pdf) are accepted. | URL: /api/v1/documents/upload/
[WARNING] 2026-06-25 13:38:40,962 error_handlers 102 132647797699456 Client Error 404: No Document matches the given query. | URL: /api/v1/documents/9999/clauses/
[WARNING] 2026-06-25 13:38:41,094 error_handlers 102 132647797699456 Client Error 404: No Document matches the given query. | URL: /api/v1/documents/9999/clauses/
[WARNING] 2026-06-25 13:38:41,130 error_handlers 102 132647797699456 Client Error 400: Request body is empty. Please provide the required data in the request body. | URL: /api/v1/documents/1019/clauses/
[WARNING] 2026-06-25 13:38:41,347 error_handlers 102 132647797699456 Client Error 404: No Document matches the given query. | URL: /api/v1/documents/9999/risks/
[WARNING] 2026-06-25 13:38:41,427 error_handlers 102 132647797699456 Client Error 400: Request body is empty. Please provide the required data in the request body. | URL: /api/v1/documents/1040/risks/
[WARNING] 2026-06-25 13:38:41,513 error_handlers 102 132647797699456 Client Error 404: No Document matches the given query. | URL: /api/v1/documents/9999/risks/
[WARNING] 2026-06-25 13:38:42,238 error_handlers 102 132647797699456 Client Error 409: Document 'integration_test_kWMyBuU.pdf' has already been processed and marked as completed. Use PATCH /api/v1/documents/1079/update-status/ to make changes. | URL: /api/v1/nlp/documents/1079/process/
[WARNING] 2026-06-25 13:45:16,818 error_handlers 13 125337241801600 Client Error 400: File is empty (0 bytes). Please upload a valid PDF with content. | URL: /api/v1/documents/upload/
[WARNING] 2026-06-25 13:45:16,827 error_handlers 13 125337241801600 Client Error 400: 'malware.exe' is not allowed. Only PDF files (.pdf) are accepted. | URL: /api/v1/documents/upload/
[WARNING] 2026-06-25 13:45:16,893 error_handlers 13 125337241801600 Client Error 413: File size 11.0MB exceeds the 10MB limit. Please compress your PDF. | URL: /api/v1/documents/upload/
[WARNING] 2026-06-25 13:45:16,916 error_handlers 13 125337241801600 Client Error 400: '' OR 1=1 --' is not valid. Allowed: uploaded, processing, completed, failed | URL: /api/v1/documents/
[WARNING] 2026-06-25 13:45:16,934 error_handlers 13 125337241801600 Client Error 404: No Document matches the given query. | URL: /api/v1/documents/99999/
[WARNING] 2026-06-25 13:45:16,939 error_handlers 13 125337241801600 Client Error 400: No file provided. Please attach a PDF file using the 'file' field. | URL: /api/v1/documents/upload/
[WARNING] 2026-06-25 13:45:30,892 error_handlers 19 135247529366400 Client Error 404: Invalid page. | URL: /api/v1/documents/
[WARNING] 2026-06-25 13:45:30,988 error_handlers 19 135247529366400 Client Error 400: 'contract.docx' is not allowed. Only PDF files (.pdf) are accepted. | URL: /api/v1/documents/upload/
[WARNING] 2026-06-25 13:45:30,995 error_handlers 19 135247529366400 Client Error 400: File is empty (0 bytes). Please upload a valid PDF with content. | URL: /api/v1/documents/upload/
[WARNING] 2026-06-25 13:45:31,047 error_handlers 19 135247529366400 Client Error 400: 'scan.jpg' is not allowed. Only PDF files (.pdf) are accepted. | URL: /api/v1/documents/upload/
[WARNING] 2026-06-25 13:45:31,054 error_handlers 19 135247529366400 Client Error 400: No file provided. Please attach a PDF file using the 'file' field. | URL: /api/v1/documents/upload/
[WARNING] 2026-06-25 13:45:31,120 error_handlers 19 135247529366400 Client Error 400: 'WRONG' is not valid. Allowed: uploaded, processing, completed, failed | URL: /api/v1/nlp/documents/185/process/
[WARNING] 2026-06-25 13:45:31,554 error_handlers 19 135247529366400 Client Error 404: No Document matches the given query. | URL: /api/v1/documents/99999/update-status/
[WARNING] 2026-06-25 13:45:31,607 error_handlers 19 135247529366400 Client Error 400: 'COMPLETED' is not valid. Allowed: uploaded, processing, completed, failed | URL: /api/v1/documents/352/update-status/
[WARNING] 2026-06-25 13:45:31,857 error_handlers 19 135247529366400 Client Error 400: Request body is empty. Please provide the required data in the request body. | URL: /api/v1/documents/376/update-status/
[WARNING] 2026-06-25 13:45:31,890 error_handlers 19 135247529366400 Client Error 400: 'WRONG' is not valid. Allowed: uploaded, processing, completed, failed | URL: /api/v1/documents/
[WARNING] 2026-06-25 13:45:31,898 error_handlers 19 135247529366400 Client Error 404: No Document matches the given query. | URL: /api/v1/documents/99999/
[WARNING] 2026-06-25 13:45:31,906 error_handlers 19 135247529366400 Client Error 409: Document 'final_test.pdf' has already been processed and marked as completed. Use PATCH /api/v1/documents/381/update-status/ to make changes. | URL: /api/v1/nlp/documents/381/process/
[WARNING] 2026-06-25 13:45:31,914 error_handlers 19 135247529366400 Client Error 400: No file provided. Please attach a PDF file using the 'file' field. | URL: /api/v1/documents/upload/
[WARNING] 2026-06-25 13:45:31,922 error_handlers 19 135247529366400 Client Error 400: 'doc.txt' is not allowed. Only PDF files (.pdf) are accepted. | URL: /api/v1/documents/upload/
[WARNING] 2026-06-25 13:45:32,156 error_handlers 19 135247529366400 Client Error 404: No Document matches the given query. | URL: /api/v1/documents/99999/
[WARNING] 2026-06-25 13:45:32,289 error_handlers 19 135247529366400 Client Error 404: No Document matches the given query. | URL: /api/v1/documents/99999/
[WARNING] 2026-06-25 13:45:32,360 error_handlers 19 135247529366400 Client Error 404: No Document matches the given query. | URL: /api/v1/documents/99999/
[WARNING] 2026-06-25 13:45:32,365 error_handlers 19 135247529366400 Client Error 400: No file provided. Please attach a PDF file using the 'file' field. | URL: /api/v1/documents/upload/
[WARNING] 2026-06-25 13:45:32,368 error_handlers 19 135247529366400 Client Error 400: 'INVALID' is not valid. Allowed: uploaded, processing, completed, failed | URL: /api/v1/documents/
[WARNING] 2026-06-25 13:45:33,266 error_handlers 19 135247529366400 Client Error 404: No Document matches the given query. | URL: /api/v1/nlp/documents/9999/
[WARNING] 2026-06-25 13:45:33,456 error_handlers 19 135247529366400 Client Error 404: No Document matches the given query. | URL: /api/v1/nlp/documents/9999/process/
[WARNING] 2026-06-25 13:45:33,466 error_handlers 19 135247529366400 Client Error 409: Document 'nlp_test.pdf' has already been processed and marked as completed. Use PATCH /api/v1/documents/477/update-status/ to make changes. | URL: /api/v1/nlp/documents/477/process/
[WARNING] 2026-06-25 13:45:33,747 error_handlers 19 135247529366400 Client Error 404: No Document matches the given query. | URL: /api/v1/nlp/documents/9999/results/
[WARNING] 2026-06-25 13:45:33,801 error_handlers 19 135247529366400 Client Error 400: Request body is empty. Please provide the required data in the request body. | URL: /api/v1/nlp/documents/495/status/
[WARNING] 2026-06-25 13:45:33,811 error_handlers 19 135247529366400 Client Error 400: 'INVALID' is not valid. Allowed: uploaded, processing, completed, failed | URL: /api/v1/nlp/documents/496/status/
[WARNING] 2026-06-25 13:45:33,829 error_handlers 19 135247529366400 Client Error 404: No Document matches the given query. | URL: /api/v1/nlp/documents/9999/status/
[WARNING] 2026-06-25 13:45:35,582 error_handlers 19 135247529366400 Client Error 400: File is empty (0 bytes). Please upload a valid PDF with content. | URL: /api/v1/documents/upload/
[WARNING] 2026-06-25 13:45:35,590 error_handlers 19 135247529366400 Client Error 400: 'malware.exe' is not allowed. Only PDF files (.pdf) are accepted. | URL: /api/v1/documents/upload/
[WARNING] 2026-06-25 13:45:35,652 error_handlers 19 135247529366400 Client Error 413: File size 11.0MB exceeds the 10MB limit. Please compress your PDF. | URL: /api/v1/documents/upload/
[WARNING] 2026-06-25 13:45:35,674 error_handlers 19 135247529366400 Client Error 400: '' OR 1=1 --' is not valid. Allowed: uploaded, processing, completed, failed | URL: /api/v1/documents/
[WARNING] 2026-06-25 13:45:35,703 error_handlers 19 135247529366400 Client Error 404: No Document matches the given query. | URL: /api/v1/documents/99999/
[WARNING] 2026-06-25 13:45:35,710 error_handlers 19 135247529366400 Client Error 400: No file provided. Please attach a PDF file using the 'file' field. | URL: /api/v1/documents/upload/
[WARNING] 2026-06-25 13:45:35,890 error_handlers 19 135247529366400 Client Error 404: No Document matches the given query. | URL: /api/v1/documents/99999/clauses/
[WARNING] 2026-06-25 13:45:35,931 error_handlers 19 135247529366400 Client Error 404: No Document matches the given query. | URL: /api/v1/documents/99999/clauses/
[WARNING] 2026-06-25 13:45:35,944 error_handlers 19 135247529366400 Client Error 400: Request body is empty. Please provide the required data in the request body. | URL: /api/v1/documents/822/clauses/
[WARNING] 2026-06-25 13:45:36,017 error_handlers 19 135247529366400 Client Error 404: No Document matches the given query. | URL: /api/v1/documents/99999/
[WARNING] 2026-06-25 13:45:36,031 error_handlers 19 135247529366400 Client Error 404: No Document matches the given query. | URL: /api/v1/documents/99999/summary/
[WARNING] 2026-06-25 13:45:36,114 error_handlers 19 135247529366400 Client Error 400: 'INVALID' is not valid. Allowed: uploaded, processing, completed, failed | URL: /api/v1/documents/
[WARNING] 2026-06-25 13:45:36,170 error_handlers 19 135247529366400 Client Error 400: File is empty (0 bytes). Please upload a valid PDF with content. | URL: /api/v1/documents/upload/
[WARNING] 2026-06-25 13:45:36,193 error_handlers 19 135247529366400 Client Error 400: No file provided. Please attach a PDF file using the 'file' field. | URL: /api/v1/documents/upload/
[WARNING] 2026-06-25 13:45:36,202 error_handlers 19 135247529366400 Client Error 400: No file provided. Please attach a PDF file using the 'file' field. | URL: /api/v1/documents/upload/
[WARNING] 2026-06-25 13:45:36,212 error_handlers 19 135247529366400 Client Error 400: 'test.txt' is not allowed. Only PDF files (.pdf) are accepted. | URL: /api/v1/documents/upload/
[WARNING] 2026-06-25 13:45:36,279 error_handlers 19 135247529366400 Client Error 404: No Document matches the given query. | URL: /api/v1/documents/99999/
[WARNING] 2026-06-25 13:45:36,294 error_handlers 19 135247529366400 Client Error 404: No Document matches the given query. | URL: /api/v1/documents/99999/
[WARNING] 2026-06-25 13:45:36,304 error_handlers 19 135247529366400 Client Error 400: No file provided. Please attach a PDF file using the 'file' field. | URL: /api/v1/documents/upload/
[WARNING] 2026-06-25 13:45:36,316 error_handlers 19 135247529366400 Client Error 400: 'INVALID' is not valid. Allowed: uploaded, processing, completed, failed | URL: /api/v1/documents/
[WARNING] 2026-06-25 13:45:36,326 error_handlers 19 135247529366400 Client Error 404: No Document matches the given query. | URL: /api/v1/documents/99999/
[WARNING] 2026-06-25 13:45:36,332 error_handlers 19 135247529366400 Client Error 400: No file provided. Please attach a PDF file using the 'file' field. | URL: /api/v1/documents/upload/
[WARNING] 2026-06-25 13:45:36,343 error_handlers 19 135247529366400 Client Error 404: No Document matches the given query. | URL: /api/v1/documents/99999/
[WARNING] 2026-06-25 13:45:36,349 error_handlers 19 135247529366400 Client Error 400: No file provided. Please attach a PDF file using the 'file' field. | URL: /api/v1/documents/upload/
[WARNING] 2026-06-25 13:45:36,352 error_handlers 19 135247529366400 Client Error 400: 'INVALID' is not valid. Allowed: uploaded, processing, completed, failed | URL: /api/v1/documents/
[WARNING] 2026-06-25 13:45:36,365 error_handlers 19 135247529366400 Client Error 400: 'WRONG' is not valid. Allowed: uploaded, processing, completed, failed | URL: /api/v1/documents/
[WARNING] 2026-06-25 13:45:36,375 error_handlers 19 135247529366400 Client Error 400: No file provided. Please attach a PDF file using the 'file' field. | URL: /api/v1/documents/upload/
[WARNING] 2026-06-25 13:45:36,451 error_handlers 19 135247529366400 Client Error 404: No Document matches the given query. | URL: /api/v1/nlp/documents/99999/
[WARNING] 2026-06-25 13:45:36,473 error_handlers 19 135247529366400 Client Error 409: Document 'completed_test.pdf' has already been processed and marked as completed. Use PATCH /api/v1/documents/881/update-status/ to make changes. | URL: /api/v1/nlp/documents/881/process/
[WARNING] 2026-06-25 13:45:36,482 error_handlers 19 135247529366400 Client Error 400: 'INVALID' is not valid. Allowed: uploaded, processing, completed, failed | URL: /api/v1/nlp/documents/882/process/
[WARNING] 2026-06-25 13:45:36,492 error_handlers 19 135247529366400 Client Error 404: No Document matches the given query. | URL: /api/v1/nlp/documents/99999/process/
[WARNING] 2026-06-25 13:45:36,523 error_handlers 19 135247529366400 Client Error 404: No Document matches the given query. | URL: /api/v1/nlp/documents/99999/results/
[WARNING] 2026-06-25 13:45:36,571 error_handlers 19 135247529366400 Client Error 400: 'WRONG' is not valid. Allowed: uploaded, processing, completed, failed | URL: /api/v1/nlp/documents/892/status/
[WARNING] 2026-06-25 13:45:36,590 error_handlers 19 135247529366400 Client Error 404: No Document matches the given query. | URL: /api/v1/nlp/documents/99999/status/
[WARNING] 2026-06-25 13:45:36,635 error_handlers 19 135247529366400 Client Error 404: No Document matches the given query. | URL: /api/v1/documents/99999/risks/
[WARNING] 2026-06-25 13:45:36,676 error_handlers 19 135247529366400 Client Error 400: Request body is empty. Please provide the required data in the request body. | URL: /api/v1/documents/904/risks/
[WARNING] 2026-06-25 13:45:36,706 error_handlers 19 135247529366400 Client Error 404: No Document matches the given query. | URL: /api/v1/documents/99999/risks/
[WARNING] 2026-06-25 13:45:36,743 error_handlers 19 135247529366400 Client Error 400: Request body is empty. Please provide the required data in the request body. | URL: /api/v1/documents/914/update-status/
[WARNING] 2026-06-25 13:45:36,761 error_handlers 19 135247529366400 Client Error 400: 'WRONG' is not valid. Allowed: uploaded, processing, completed, failed | URL: /api/v1/documents/918/update-status/
[WARNING] 2026-06-25 13:45:36,784 error_handlers 19 135247529366400 Client Error 404: No Document matches the given query. | URL: /api/v1/documents/99999/update-status/
[WARNING] 2026-06-25 13:45:37,002 error_handlers 19 135247529366400 Client Error 404: No Document matches the given query. | URL: /api/v1/documents/9999/
[WARNING] 2026-06-25 13:45:37,011 error_handlers 19 135247529366400 Client Error 404: No Document matches the given query. | URL: /api/v1/documents/0/
[WARNING] 2026-06-25 13:45:37,058 error_handlers 19 135247529366400 Client Error 400: 'WRONG' is not valid. Allowed: uploaded, processing, completed, failed | URL: /api/v1/documents/
[WARNING] 2026-06-25 13:45:37,086 error_handlers 19 135247529366400 Client Error 400: 'WRONG' is not valid. Allowed: uploaded, processing, completed, failed | URL: /api/v1/documents/
[WARNING] 2026-06-25 13:45:37,271 error_handlers 19 135247529366400 Client Error 400: Request body is empty. Please provide the required data in the request body. | URL: /api/v1/documents/964/update-status/
[WARNING] 2026-06-25 13:45:37,292 error_handlers 19 135247529366400 Client Error 400: 'INVALID_STATUS' is not valid. Allowed: uploaded, processing, completed, failed | URL: /api/v1/documents/966/update-status/
[WARNING] 2026-06-25 13:45:37,313 error_handlers 19 135247529366400 Client Error 404: No Document matches the given query. | URL: /api/v1/documents/9999/update-status/
[WARNING] 2026-06-25 13:45:37,428 error_handlers 19 135247529366400 Client Error 404: No Document matches the given query. | URL: /api/v1/documents/9999/summary/
[WARNING] 2026-06-25 13:45:37,522 error_handlers 19 135247529366400 Client Error 400: No file provided. Please attach a PDF file using the 'file' field. | URL: /api/v1/documents/upload/
[WARNING] 2026-06-25 13:45:37,535 error_handlers 19 135247529366400 Client Error 400: No file provided. Please attach a PDF file using the 'file' field. | URL: /api/v1/documents/upload/
[WARNING] 2026-06-25 13:45:37,544 error_handlers 19 135247529366400 Client Error 400: 'test.txt' is not allowed. Only PDF files (.pdf) are accepted. | URL: /api/v1/documents/upload/
[WARNING] 2026-06-25 13:45:37,552 error_handlers 19 135247529366400 Client Error 400: 'test.txt' is not allowed. Only PDF files (.pdf) are accepted. | URL: /api/v1/documents/upload/
[WARNING] 2026-06-25 13:45:37,706 error_handlers 19 135247529366400 Client Error 404: No Document matches the given query. | URL: /api/v1/documents/9999/clauses/
[WARNING] 2026-06-25 13:45:37,811 error_handlers 19 135247529366400 Client Error 404: No Document matches the given query. | URL: /api/v1/documents/9999/clauses/
[WARNING] 2026-06-25 13:45:37,836 error_handlers 19 135247529366400 Client Error 400: Request body is empty. Please provide the required data in the request body. | URL: /api/v1/documents/1019/clauses/
[WARNING] 2026-06-25 13:45:38,000 error_handlers 19 135247529366400 Client Error 404: No Document matches the given query. | URL: /api/v1/documents/9999/risks/
[WARNING] 2026-06-25 13:45:38,057 error_handlers 19 135247529366400 Client Error 400: Request body is empty. Please provide the required data in the request body. | URL: /api/v1/documents/1040/risks/
[WARNING] 2026-06-25 13:45:38,119 error_handlers 19 135247529366400 Client Error 404: No Document matches the given query. | URL: /api/v1/documents/9999/risks/
[WARNING] 2026-06-25 13:45:38,732 error_handlers 19 135247529366400 Client Error 409: Document 'integration_test_uuLcMsM.pdf' has already been processed and marked as completed. Use PATCH /api/v1/documents/1079/update-status/ to make changes. | URL: /api/v1/nlp/documents/1079/process/
[WARNING] 2026-07-03 05:38:09,203 error_handlers 19 126051270611840 Client Error 404: Invalid page. | URL: /api/v1/documents/
[WARNING] 2026-07-03 05:38:09,297 error_handlers 19 126051270611840 Client Error 400: 'contract.docx' is not allowed. Only PDF files (.pdf) are accepted. | URL: /api/v1/documents/upload/
[WARNING] 2026-07-03 05:38:09,307 error_handlers 19 126051270611840 Client Error 400: File is empty (0 bytes). Please upload a valid PDF with content. | URL: /api/v1/documents/upload/
[WARNING] 2026-07-03 05:38:09,363 error_handlers 19 126051270611840 Client Error 400: 'scan.jpg' is not allowed. Only PDF files (.pdf) are accepted. | URL: /api/v1/documents/upload/
[WARNING] 2026-07-03 05:38:09,370 error_handlers 19 126051270611840 Client Error 400: No file provided. Please attach a PDF file using the 'file' field. | URL: /api/v1/documents/upload/
[WARNING] 2026-07-03 05:38:09,446 error_handlers 19 126051270611840 Client Error 400: 'WRONG' is not valid. Allowed: uploaded, processing, completed, failed | URL: /api/v1/nlp/documents/185/process/
[WARNING] 2026-07-03 05:38:09,825 error_handlers 19 126051270611840 Client Error 404: No Document matches the given query. | URL: /api/v1/documents/99999/update-status/
[WARNING] 2026-07-03 05:38:09,848 error_handlers 19 126051270611840 Client Error 400: 'COMPLETED' is not valid. Allowed: uploaded, processing, completed, failed | URL: /api/v1/documents/352/update-status/
[WARNING] 2026-07-03 05:38:10,197 error_handlers 19 126051270611840 Client Error 400: Request body is empty. Please provide the required data in the request body. | URL: /api/v1/documents/376/update-status/
[WARNING] 2026-07-03 05:38:10,228 error_handlers 19 126051270611840 Client Error 400: 'WRONG' is not valid. Allowed: uploaded, processing, completed, failed | URL: /api/v1/documents/
[WARNING] 2026-07-03 05:38:10,239 error_handlers 19 126051270611840 Client Error 404: No Document matches the given query. | URL: /api/v1/documents/99999/
[WARNING] 2026-07-03 05:38:10,249 error_handlers 19 126051270611840 Client Error 409: Document 'final_test.pdf' has already been processed and marked as completed. Use PATCH /api/v1/documents/381/update-status/ to make changes. | URL: /api/v1/nlp/documents/381/process/
[WARNING] 2026-07-03 05:38:10,258 error_handlers 19 126051270611840 Client Error 400: No file provided. Please attach a PDF file using the 'file' field. | URL: /api/v1/documents/upload/
[WARNING] 2026-07-03 05:38:10,266 error_handlers 19 126051270611840 Client Error 400: 'doc.txt' is not allowed. Only PDF files (.pdf) are accepted. | URL: /api/v1/documents/upload/
[WARNING] 2026-07-03 05:38:10,534 error_handlers 19 126051270611840 Client Error 404: No Document matches the given query. | URL: /api/v1/documents/99999/
[WARNING] 2026-07-03 05:38:10,673 error_handlers 19 126051270611840 Client Error 404: No Document matches the given query. | URL: /api/v1/documents/99999/
[WARNING] 2026-07-03 05:38:10,739 error_handlers 19 126051270611840 Client Error 404: No Document matches the given query. | URL: /api/v1/documents/99999/
[WARNING] 2026-07-03 05:38:10,792 error_handlers 19 126051270611840 Client Error 400: No file provided. Please attach a PDF file using the 'file' field. | URL: /api/v1/documents/upload/
[WARNING] 2026-07-03 05:38:10,796 error_handlers 19 126051270611840 Client Error 400: 'INVALID' is not valid. Allowed: uploaded, processing, completed, failed | URL: /api/v1/documents/
[WARNING] 2026-07-03 05:38:11,703 error_handlers 19 126051270611840 Client Error 404: No Document matches the given query. | URL: /api/v1/nlp/documents/9999/
[WARNING] 2026-07-03 05:38:11,924 error_handlers 19 126051270611840 Client Error 404: No Document matches the given query. | URL: /api/v1/nlp/documents/9999/process/
[WARNING] 2026-07-03 05:38:11,936 error_handlers 19 126051270611840 Client Error 409: Document 'nlp_test.pdf' has already been processed and marked as completed. Use PATCH /api/v1/documents/477/update-status/ to make changes. | URL: /api/v1/nlp/documents/477/process/
[WARNING] 2026-07-03 05:38:12,202 error_handlers 19 126051270611840 Client Error 404: No Document matches the given query. | URL: /api/v1/nlp/documents/9999/results/
[WARNING] 2026-07-03 05:38:12,279 error_handlers 19 126051270611840 Client Error 400: Request body is empty. Please provide the required data in the request body. | URL: /api/v1/nlp/documents/495/status/
[WARNING] 2026-07-03 05:38:12,286 error_handlers 19 126051270611840 Client Error 400: 'INVALID' is not valid. Allowed: uploaded, processing, completed, failed | URL: /api/v1/nlp/documents/496/status/
[WARNING] 2026-07-03 05:38:12,308 error_handlers 19 126051270611840 Client Error 404: No Document matches the given query. | URL: /api/v1/nlp/documents/9999/status/
[WARNING] 2026-07-03 05:38:14,101 error_handlers 19 126051270611840 Client Error 400: File is empty (0 bytes). Please upload a valid PDF with content. | URL: /api/v1/documents/upload/
[WARNING] 2026-07-03 05:38:14,108 error_handlers 19 126051270611840 Client Error 400: 'malware.exe' is not allowed. Only PDF files (.pdf) are accepted. | URL: /api/v1/documents/upload/
[WARNING] 2026-07-03 05:38:14,165 error_handlers 19 126051270611840 Client Error 413: File size 11.0MB exceeds the 10MB limit. Please compress your PDF. | URL: /api/v1/documents/upload/
[WARNING] 2026-07-03 05:38:14,187 error_handlers 19 126051270611840 Client Error 400: '' OR 1=1 --' is not valid. Allowed: uploaded, processing, completed, failed | URL: /api/v1/documents/
[WARNING] 2026-07-03 05:38:14,204 error_handlers 19 126051270611840 Client Error 404: No Document matches the given query. | URL: /api/v1/documents/99999/
[WARNING] 2026-07-03 05:38:14,211 error_handlers 19 126051270611840 Client Error 400: No file provided. Please attach a PDF file using the 'file' field. | URL: /api/v1/documents/upload/
[WARNING] 2026-07-03 05:38:14,365 error_handlers 19 126051270611840 Client Error 404: No Document matches the given query. | URL: /api/v1/documents/99999/clauses/
[WARNING] 2026-07-03 05:38:14,419 error_handlers 19 126051270611840 Client Error 404: No Document matches the given query. | URL: /api/v1/documents/99999/clauses/
[WARNING] 2026-07-03 05:38:14,427 error_handlers 19 126051270611840 Client Error 400: Request body is empty. Please provide the required data in the request body. | URL: /api/v1/documents/822/clauses/
[WARNING] 2026-07-03 05:38:14,493 error_handlers 19 126051270611840 Client Error 404: No Document matches the given query. | URL: /api/v1/documents/99999/
[WARNING] 2026-07-03 05:38:14,505 error_handlers 19 126051270611840 Client Error 404: No Document matches the given query. | URL: /api/v1/documents/99999/summary/
[WARNING] 2026-07-03 05:38:14,581 error_handlers 19 126051270611840 Client Error 400: 'INVALID' is not valid. Allowed: uploaded, processing, completed, failed | URL: /api/v1/documents/
[WARNING] 2026-07-03 05:38:14,626 error_handlers 19 126051270611840 Client Error 400: File is empty (0 bytes). Please upload a valid PDF with content. | URL: /api/v1/documents/upload/
[WARNING] 2026-07-03 05:38:14,638 error_handlers 19 126051270611840 Client Error 400: No file provided. Please attach a PDF file using the 'file' field. | URL: /api/v1/documents/upload/
[WARNING] 2026-07-03 05:38:14,649 error_handlers 19 126051270611840 Client Error 400: No file provided. Please attach a PDF file using the 'file' field. | URL: /api/v1/documents/upload/
[WARNING] 2026-07-03 05:38:14,659 error_handlers 19 126051270611840 Client Error 400: 'test.txt' is not allowed. Only PDF files (.pdf) are accepted. | URL: /api/v1/documents/upload/
[WARNING] 2026-07-03 05:38:14,723 error_handlers 19 126051270611840 Client Error 404: No Document matches the given query. | URL: /api/v1/documents/99999/
[WARNING] 2026-07-03 05:38:14,734 error_handlers 19 126051270611840 Client Error 404: No Document matches the given query. | URL: /api/v1/documents/99999/
[WARNING] 2026-07-03 05:38:14,736 error_handlers 19 126051270611840 Client Error 400: No file provided. Please attach a PDF file using the 'file' field. | URL: /api/v1/documents/upload/
[WARNING] 2026-07-03 05:38:14,738 error_handlers 19 126051270611840 Client Error 400: 'INVALID' is not valid. Allowed: uploaded, processing, completed, failed | URL: /api/v1/documents/
[WARNING] 2026-07-03 05:38:14,749 error_handlers 19 126051270611840 Client Error 404: No Document matches the given query. | URL: /api/v1/documents/99999/
[WARNING] 2026-07-03 05:38:14,752 error_handlers 19 126051270611840 Client Error 400: No file provided. Please attach a PDF file using the 'file' field. | URL: /api/v1/documents/upload/
[WARNING] 2026-07-03 05:38:14,761 error_handlers 19 126051270611840 Client Error 404: No Document matches the given query. | URL: /api/v1/documents/99999/
[WARNING] 2026-07-03 05:38:14,763 error_handlers 19 126051270611840 Client Error 400: No file provided. Please attach a PDF file using the 'file' field. | URL: /api/v1/documents/upload/
[WARNING] 2026-07-03 05:38:14,765 error_handlers 19 126051270611840 Client Error 400: 'INVALID' is not valid. Allowed: uploaded, processing, completed, failed | URL: /api/v1/documents/
[WARNING] 2026-07-03 05:38:14,772 error_handlers 19 126051270611840 Client Error 400: 'WRONG' is not valid. Allowed: uploaded, processing, completed, failed | URL: /api/v1/documents/
[WARNING] 2026-07-03 05:38:14,781 error_handlers 19 126051270611840 Client Error 400: No file provided. Please attach a PDF file using the 'file' field. | URL: /api/v1/documents/upload/
[WARNING] 2026-07-03 05:38:14,839 error_handlers 19 126051270611840 Client Error 404: No Document matches the given query. | URL: /api/v1/nlp/documents/99999/
[WARNING] 2026-07-03 05:38:14,858 error_handlers 19 126051270611840 Client Error 409: Document 'completed_test.pdf' has already been processed and marked as completed. Use PATCH /api/v1/documents/881/update-status/ to make changes. | URL: /api/v1/nlp/documents/881/process/
[WARNING] 2026-07-03 05:38:14,867 error_handlers 19 126051270611840 Client Error 400: 'INVALID' is not valid. Allowed: uploaded, processing, completed, failed | URL: /api/v1/nlp/documents/882/process/
[WARNING] 2026-07-03 05:38:14,877 error_handlers 19 126051270611840 Client Error 404: No Document matches the given query. | URL: /api/v1/nlp/documents/99999/process/
[WARNING] 2026-07-03 05:38:14,902 error_handlers 19 126051270611840 Client Error 404: No Document matches the given query. | URL: /api/v1/nlp/documents/99999/results/
[WARNING] 2026-07-03 05:38:14,925 error_handlers 19 126051270611840 Client Error 400: 'WRONG' is not valid. Allowed: uploaded, processing, completed, failed | URL: /api/v1/nlp/documents/892/status/
[WARNING] 2026-07-03 05:38:14,936 error_handlers 19 126051270611840 Client Error 404: No Document matches the given query. | URL: /api/v1/nlp/documents/99999/status/
[WARNING] 2026-07-03 05:38:14,961 error_handlers 19 126051270611840 Client Error 404: No Document matches the given query. | URL: /api/v1/documents/99999/risks/
[WARNING] 2026-07-03 05:38:14,986 error_handlers 19 126051270611840 Client Error 400: Request body is empty. Please provide the required data in the request body. | URL: /api/v1/documents/904/risks/
[WARNING] 2026-07-03 05:38:15,008 error_handlers 19 126051270611840 Client Error 404: No Document matches the given query. | URL: /api/v1/documents/99999/risks/
[WARNING] 2026-07-03 05:38:15,032 error_handlers 19 126051270611840 Client Error 400: Request body is empty. Please provide the required data in the request body. | URL: /api/v1/documents/914/update-status/
[WARNING] 2026-07-03 05:38:15,048 error_handlers 19 126051270611840 Client Error 400: 'WRONG' is not valid. Allowed: uploaded, processing, completed, failed | URL: /api/v1/documents/918/update-status/
[WARNING] 2026-07-03 05:38:15,066 error_handlers 19 126051270611840 Client Error 404: No Document matches the given query. | URL: /api/v1/documents/99999/update-status/
[WARNING] 2026-07-03 05:38:15,231 error_handlers 19 126051270611840 Client Error 404: No Document matches the given query. | URL: /api/v1/documents/9999/
[WARNING] 2026-07-03 05:38:15,237 error_handlers 19 126051270611840 Client Error 404: No Document matches the given query. | URL: /api/v1/documents/0/
[WARNING] 2026-07-03 05:38:15,280 error_handlers 19 126051270611840 Client Error 400: 'WRONG' is not valid. Allowed: uploaded, processing, completed, failed | URL: /api/v1/documents/
[WARNING] 2026-07-03 05:38:15,307 error_handlers 19 126051270611840 Client Error 400: 'WRONG' is not valid. Allowed: uploaded, processing, completed, failed | URL: /api/v1/documents/
[WARNING] 2026-07-03 05:38:15,479 error_handlers 19 126051270611840 Client Error 400: Request body is empty. Please provide the required data in the request body. | URL: /api/v1/documents/964/update-status/
[WARNING] 2026-07-03 05:38:15,494 error_handlers 19 126051270611840 Client Error 400: 'INVALID_STATUS' is not valid. Allowed: uploaded, processing, completed, failed | URL: /api/v1/documents/966/update-status/
[WARNING] 2026-07-03 05:38:15,507 error_handlers 19 126051270611840 Client Error 404: No Document matches the given query. | URL: /api/v1/documents/9999/update-status/
[WARNING] 2026-07-03 05:38:15,603 error_handlers 19 126051270611840 Client Error 404: No Document matches the given query. | URL: /api/v1/documents/9999/summary/
[WARNING] 2026-07-03 05:38:15,692 error_handlers 19 126051270611840 Client Error 400: No file provided. Please attach a PDF file using the 'file' field. | URL: /api/v1/documents/upload/
[WARNING] 2026-07-03 05:38:15,697 error_handlers 19 126051270611840 Client Error 400: No file provided. Please attach a PDF file using the 'file' field. | URL: /api/v1/documents/upload/
[WARNING] 2026-07-03 05:38:15,703 error_handlers 19 126051270611840 Client Error 400: 'test.txt' is not allowed. Only PDF files (.pdf) are accepted. | URL: /api/v1/documents/upload/
[WARNING] 2026-07-03 05:38:15,709 error_handlers 19 126051270611840 Client Error 400: 'test.txt' is not allowed. Only PDF files (.pdf) are accepted. | URL: /api/v1/documents/upload/
[WARNING] 2026-07-03 05:38:15,842 error_handlers 19 126051270611840 Client Error 404: No Document matches the given query. | URL: /api/v1/documents/9999/clauses/
[WARNING] 2026-07-03 05:38:15,932 error_handlers 19 126051270611840 Client Error 404: No Document matches the given query. | URL: /api/v1/documents/9999/clauses/
[WARNING] 2026-07-03 05:38:15,961 error_handlers 19 126051270611840 Client Error 400: Request body is empty. Please provide the required data in the request body. | URL: /api/v1/documents/1019/clauses/
[WARNING] 2026-07-03 05:38:16,129 error_handlers 19 126051270611840 Client Error 404: No Document matches the given query. | URL: /api/v1/documents/9999/risks/
[WARNING] 2026-07-03 05:38:16,188 error_handlers 19 126051270611840 Client Error 400: Request body is empty. Please provide the required data in the request body. | URL: /api/v1/documents/1040/risks/
[WARNING] 2026-07-03 05:38:16,247 error_handlers 19 126051270611840 Client Error 404: No Document matches the given query. | URL: /api/v1/documents/9999/risks/
